:020000040800F2
:1000000040220020890100088F0900088F0900089C
:100010008F0900088F0900088F0900088F09000860
:100020008F0900088F0900088F0900088F09000850
:100030008F0900088F0900088F090008E5090008EA
:10004000E5090008E5090008E5090008E5090008D8
:10005000E5090008E5090008E5090008E5090008C8
:10006000E5090008E5090008E5090008E5090008B8
:10007000E5090008E5090008E5090008E5090008A8
:10008000E5090008E5090008E5090008E509000898
:10009000E5090008E5090008E5090008E509000888
:1000A000E5090008E5090008E5090008E509000878
:1000B000E5090008E5090008E5090008E509000868
:1000C000E5090008E5090008E5090008E509000858
:1000D000E5090008E5090008E5090008E509000848
:1000E000E5090008E5090008E5090008E509000838
:1000F000E5090008E5090008E5090008E509000828
:10010000E5090008E5090008E5090008E509000817
:10011000E5090008E5090008E5090008E509000807
:10012000E5090008E5090008E5090008E5090008F7
:10013000E5090008E5090008E5090008E5090008E7
:10014000E5090008E5090008E5090008E5090008D7
:10015000E5090008E5090008E5090008E5090008C7
:10016000E5090008E5090008E5090008E5090008B7
:10017000E5090008E5090008E5090008E5090008A7
:10018000E5090008E50900084FF0000E00F002B88C
:100190007047000008B500F02FF800F0C1F900F03A
:1001A000C3F8104B1048DA1C121AC11E22F00302C9
:1001B000994288BF0022002102F071FD0B4B0C48D0
:1001C000DA1C121AC11E22F00302994288BF0022D3
:1001D000084902F056FD00F073FB05F0C1FE02F085
:1001E000E5FFFEE7401E0020800300207C03002086
:1001F00000000020C8140108464BD3F80028002155
:1002000042F00102C3F80028C3F80818D3F8002808
:1002100022F0847222F48032C3F800283E4AC3F8E8
:100220000428D3F8002822F48022C3F80028C3F859
:100230000C18D3F8002842F48032C3F80028374A5B
:1002400082B00192019A002A5DDC019B002B41DD06
:10025000304B3349D3F8402842F08052C3F840284D
:100260000A6842F480420A60D3F8082822F0F002BB
:10027000C3F80828D3F8082822F4604242F4004268
:10028000C3F80828D3F8082822F4E05242F4A05218
:10029000C3F80828234AC3F80428D3F8002842F0FA
:1002A0008072C3F80028D3F800289201FBD540F2F1
:1002B0000362C3F8002CD3F8082822F0030242F0AE
:1002C0000202C3F80828134AD2F8083803F00C03D6
:1002D000082BF9D10F4BD3F8302842F00F02C3F8A6
:1002E0003028D3F83428C3F83428D3F8402842F013
:1002F0008052C3F84028D3F8442842F01002C3F8D3
:10030000442802B07047D3F8002891039DD4019A85
:10031000013A96E70030024010300024ECF70C0060
:10032000007000401930400270470000030913F0CC
:100330000C0F0BD103F00F03064A00F00F0052F828
:100340002320012319B103FA00F0906170471030A7
:10035000F9E700BF8CFC00082DE9F047050915F00E
:100360000C050446C0F3031840F0C680644B53F8F4
:10037000287000F44023B3F5002F00F00F0600F0C2
:10038000A880B3F5402F00F0A680B3F5802F40F091
:10039000A480C0F30021FFF7C9FF0121EFF3118210
:1003A000802383F31188022940F0998014F4704F60
:1003B000C4F3033017D023074BBF4FF0240C4FF08A
:1003C000200CA6F1080333465CF807E09B004FF0D1
:1003D0000F0909FA03F92EEA090E00FA03F343EABA
:1003E0000E034CF80730D7F800E04FEA4609032324
:1003F00003FA09F32EEA030E6FEA030C01FA09F37C
:1004000043EA0E0303293B606BD004F44033B3F599
:10041000803F68D0B3F5003F0CBF02230023D7F81C
:100420000CE003FA09F30CEA0E0E43EA0E03FB603C
:1004300080B923074BBF24202020A6F108033346B0
:1004400050F807E09B004FF00F0A0AFA03F32EEA78
:100450000303C35101F1FF3EBEF1010F0DD804F4B7
:100460004065B5F5006F40D0B5F5406F3FD0A5F5BC
:10047000806ADAF1000545EB0A05BB6805FA09F563
:100480000CEA030C45EA0C05BD600120BEF1010F2A
:100490007B6800FA06F02CD8A5052AD5034301296C
:1004A0007B6010D0E3050ED5164D04F00C04B300AC
:1004B000615903F00C030F20984021EA000108FA6B
:1004C00003F30B436351D2B282F311880020BDE8DD
:1004D000F087022162E7032160E729465EE70020FA
:1004E00081E700239BE7012399E70225C5E7032560
:1004F000C3E723EA0003D2E76FF01500E7E700BF88
:100500008CFC000808380140C0B2FFF725BF00008E
:10051000024B1A685206FCD5586070470010014023
:1005200008B510220021144800F022FA1348FFF702
:1005300013FF1348FFF710FF124BDA6822F4005242
:10054000DA601A6922F47D521A61DA6822F4BB5229
:1005500022F01C02DA605A6922F4E06222F0010201
:100560005A6140F2A1129A60DA6842F4005242F0F5
:100570000C02DA6008BD00BF44380240097C090063
:100580000A7C09000010014010B5D0F8A440A0F882
:100590009010E26801F4D07322F4D0721343E36048
:1005A000D0F8A420536901F0010123F0010319439D
:1005B000516110BD10B5EFF31184802383F31188CE
:1005C000FFF7E2FFE4B284F3118810BD10B5EFF33A
:1005D0001184802383F3118849B1D0F8A420D36813
:1005E000526903F4D07302F0010213430B8000211F
:1005F000FFF7CAFFE4B284F3118810BD6FF0180052
:100600007047C36FD3F8A4205068B3F8922040EA33
:1006100002420A600022A3F89220C0B2704710B5CF
:100620000B46C06FEFF31184802282F31188B0F87B
:1006300090103BB141F02001FFF7BCFFE4B284F31E
:10064000118810BD21F4907121F00101F4E7C36F0E
:10065000D3F8A4301868C0F340107047C36FD3F8C4
:10066000A4305960704710B5C06FEFF31184802338
:1006700083F31188B0F8903041B143F0800189B222
:10068000FFF798FFE4B284F3118810BD23F08001D6
:10069000F5E7C36FD3F8A4301868C0F3C0107047F3
:1006A00010B5C46F94F89C0000F0E6FA002294F8AC
:1006B0009C001146BDE8104002F08CBE38B5C56FF5
:1006C000064995F89C002A4602F084FE044618B9B3
:1006D00095F89C0000F0E2FA204638BDE1060008DB
:1006E00038B514464FF48075D4F8A42013689BB233
:1006F0009906A4F8923019D5B4F89010880615D54B
:10070000204601F03EF90123B4F89220110607D5E6
:10071000B4F89020120603D5204601F0C8F8012352
:10072000013D01D0002BDFD1002038BD13F48773C9
:100730001CBF53680023E7E738B5C46F474BD4F8B4
:10074000A4209A42054604D145481022002100F019
:100750000FF9D4F8A80008B1FFF7FEFDD4F8AC00FB
:1007600008B1FFF7F9FDD4F8A42094F8B01013698C
:10077000002963D023F4605394F8971009B143F42F
:1007800000531361D4F8A420D36823F4BE73D3605C
:10079000D4F8A420536923F4E06323F001035361E8
:1007A000E96FD1F89830D1F8A4005D08D1F8A030F5
:1007B000B3FBF5F35D09C26843D11D0903F00F03D4
:1007C000013342F400425B08C260D1F8A40043EA5E
:1007D0000513836022F4B05391F89520012A37D194
:1007E00043F4C06391F89600092802D0082802D18A
:1007F0000AB143F48053D1F8A420D360D1F8A420E7
:1008000091F89700136923F4405308B143F400535F
:100810001361D1F8A420536923F440735361D4F8D1
:10082000A420D36843F4005343F00C03D3600020AA
:100830000123A4F8900084F8943038BD23F47D534C
:100840009AE703F01F0301335B0822F40042BBE781
:10085000022A08BF43F48063C4E700BF00100140D0
:100860004438024070B5C46F0546002684F8946091
:1008700031462046FFF7AAFEEB6FD3F8A4200E4BBB
:100880009A4204D10D483246102100F071F8D4F894
:10089000A420D36823F4005323F00C03D360D4F8CE
:1008A000A80008B1FFF730FED4F8AC0018B1BDE8DD
:1008B0007040FFF729BE70BD00100140443802406F
:1008C00038B5084D002455F8040B10B10021FFF78E
:1008D0007DFE0134062CF6D1BDE838400248FFF712
:1008E0002BBF00BFC0FC0008000000207FB51149ED
:1008F0001148124D00F010FE0E49114800F00CFE98
:1009000010491022684602F094F90024012355F89A
:10091000041B49B18A783AB95E1C684630338DF8B9
:10092000093000F0F9FD33460134062CEFD104B054
:1009300070BD00BF000000209CFC0008C0FC000847
:10094000A9FC0008B4FC000837B5084D0DF10601FC
:1009500004462846FFF73AFEE0B2FFF7D9FDBDF89E
:1009600006102846FFF726FE03B030BD0000002029
:1009700010B5EFF31184802383F31188036823EA11
:1009800001010A430260E3B283F3118810BDEFF363
:100990000580EFF3148C1EF0040F02D0EFF30981F1
:1009A00007E0EFF30881A1F1300282F30888BFF37A
:1009B0006F8F0A4602F12002EFF3118321E9FC5FF9
:1009C0008B4600F02BF8B0E8FC5F1EF0040F0CBF64
:1009D00080F3088880F3098883F311888CF31488E6
:1009E0007047000010B5EFF30584204600F068F969
:1009F0000021204602F010FD064B1A68064B1B68CA
:100A00009A4205D0BDE8104000210E2000F040B809
:100A100010BD00BF680E0020600E0020F8B51A4E11
:100A20000B28376804460D4602D10B6B012B01D011
:100A3000C7F8A450042005F09FFA204600F040F9C2
:100A40000E2C1BD1BB6F13B1384600F041F8EFF309
:100A50001183802383F311880C4B30681C68214676
:100A600003F0BEF804203460D4F8A44005F092FAF4
:100A700033680022C3F8A4202046F8BD294620464A
:100A800002F0CAFCE8E700BF680E0020600E0020FC
:100A900082B00F28019106DD4FF0E0231038C3F833
:100AA000000F02B070470E280AD00F280BD0022882
:100AB000F7D14FF000420548002102B0FFF758BFC0
:100AC0004FF08052F7E74FF08062F4E704ED00E06A
:100AD00010B50446EFF305836BB1174B1B68EFF3BA
:100AE0000582A34209D10E2A07D0BDE8104000219B
:100AF0000E20FFF7CDBF114BF0E7D4F8A410C4F8D7
:100B0000A010A1F150005022C4F8A40002F0B9F8DE
:100B1000D4F8A43003F150021A60D4F8A430084A83
:100B20009A64D4F8A43080225A60D4F8A4304FF0EC
:100B30008072DA6410BD00BF680E0020600E0020D5
:100B4000450B000870B5114B05201C6805F014FA20
:100B50000025802685F3118862B6A36F204698474A
:100B6000EFF3118386F31188E36F13B1636C5B06B7
:100B7000F0D50023A367052005F00CFAD4F8A030C7
:100B8000C4F8A430012000DF70BD00BF600E00205B
:100B90000F2810B510DD1038441103EB840303F166
:100BA000604303F561430B6000F01F00012303FA6B
:100BB00000F01060002010BD0D4B0B60042803D125
:100BC0004FF480331360F5E7052802D14FF400336A
:100BD000F8E7062802D14FF48023F3E70F2803D16A
:100BE000044B0B600123EDE74FF0FF30E3E700BF5C
:100BF00024ED00E010E000E008B54FF0E0234FF0F6
:100C0000FF32C3F88021C3F88421C3F88821164A33
:100C1000C3F8082D4FF08032C3F8182DC3F81C2DEF
:100C2000C3F8202D5B6811490133DB00013B18D26A
:100C30000F4900220B2002F0CDFB0E4900220320B9
:100C400002F0C8FB4FF0E022D2F81C3D23F07F43B6
:100C500043F0E043C2F81C3D002383F3118862B6E1
:100C600008BD41F8042BE1E70000000800E400E0C3
:100C7000F10C0008C50C000813B5802301AA6946D1
:100C80000446FFF785FF38B9DDE900310F2CD7BFE7
:100C90001A6819608A431A6002B010BD13B50023A8
:100CA00001AA69460446FFF773FF38B9DDE9003150
:100CB0000F2CD7BF1A6819600A431A6002B010BD22
:100CC0007047000008B54FF0E0220B46D2F82C1D0B
:100CD000D2F8282DEFF31182802282F311880021AF
:100CE0000846024A02F0B0FC002008BD14FD0008CE
:100CF00000207047F8B506460C46154605B9F8BD04
:100D0000B36F30469B6A98470028F9D0B36F9F6B4A
:100D100047B12A4621463046B847031EEEDD1C4443
:100D2000ED1AEBE71B6A14F8011B30469847013DAA
:100D3000E4E72DE9F84304460E4617464FF08008D5
:100D4000B4F85030B4F95420B4F852001BB2013357
:100D50009A42D8BF002300B298420AD0B4F850207B
:100D6000A16D12B21BB28E540020A4F85030BDE821
:100D7000F88317B3EFF3118988F31188B4F8523070
:100D80001BB2834217D1A36F01215B6A20469847AB
:100D900004F1100001F0D0FBA36F05465B6A00214F
:100DA000204698475FFA89F989F31188002DC7DA40
:100DB0006FF00300DBE70025F4E76FF00A00D6E7E9
:100DC0002DE9F041C3681D6A05F13006304601F097
:100DD000B3FB041E1ADB2B78013313F0FF072FD06F
:100DE000012F2BD1EFF31188802383F31188AB7887
:100DF0005FFA88F86BB9AB6F28461B689847041EEA
:100E000007DA88F31188304601F0DCFB2046BDE8A4
:100E1000F081AB6F28469B689847041E07DAAB78D1
:100E2000002BEED1AB6F28465B689847E9E7AB6FC4
:100E300001219B692846984788F311882F70E2E7C3
:100E40006FF01704DFE770B5046A04F13005284637
:100E500001F072FB00281DDB2678E6B9284601F078
:100E6000B1FB04F1400002F073FF04F15C0002F0FA
:100E70006FFF284602F06CFF04F1100002F068FFDB
:100E800004F1200002F064FFA36F1B6B4BB12046FE
:100E90009847002070BD0123E370284601F092FBC3
:100EA000F7E71846F6E700002DE9F04FC36887B072
:100EB0001D6A07460E46EFF30583BBB1EFF31183BE
:100EC0000293802383F311884FF000087368DFF8E2
:100ED00084B101934446019B434525DC9DF80830CD
:100EE00083F31188204607B0BDE8F08F02F014FEAE
:100EF00080460028E2D105F1400A5046D6F8089015
:100F000001F01AFB041EEDDBAB6F3F685B6A4146E4
:100F10002846984787F04007C7F38017C846B8F1BE
:100F2000000F4BD14C465FE0336803EBC8025768B3
:100F300077B3A86853F838A010F0010019D000204A
:100F400081461AF809200D2A4B460AEB000109F1E7
:100F5000010920D1AA68120709D51A1A2846FFF7F5
:100F6000C9FE284601225946FFF7C4FE48464F45B0
:100F7000E7D13A1A0AEB00012846FFF7BBFE002F23
:100F80003B4662DB6FF000431B1BBB425BDB3C4418
:100F900008F101089FE70A2AE9D1AA6812F0240F94
:100FA000E5D01A1A28460393FFF7A4FE28462A49DB
:100FB0000122FFF79FFE039B1846D8E7012300217B
:100FC0000DF11702304600F047FFAB68D9071CD47B
:100FD0009DF817103A462846FFF7ABFE041E2BDAA1
:100FE000C14501D9A9EB0804B5F85020B5F8523035
:100FF00012B21BB29A4204D0AB6F01215B6A284641
:101000009847504601F0DEFA6CE79DF817200D2A4C
:101010000FD11A07DCD50A228DF8172013F0240F00
:10102000D6D03A460D212846FFF783FE041ECFDABC
:10103000D6E70A2ACCD1F1E70121304600F0C6FEFE
:1010400008F1FF386BE76FF04A03002C08BF1C461D
:1010500044E700BFC10601081AFD00082DE9F04F62
:10106000C3681C6A04F15C0985B0074648460E4611
:1010700001F062FA051EC0F2C080B368DFF834B236
:1010800000934FF000084546009B9D4280F29F80F0
:10109000B4F86E30B4F86C2019B212B28A4200F083
:1010A000B380626F0133525CB4F970108DF80F2079
:1010B0001BB29942D8BF0023A4F86E30636813F4C2
:1010C000E07F10D00A2A07D159060CD50D228DF8E1
:1010D0000F201A06D8D406E00D2A04D1DA05F8D577
:1010E0000A238DF80F30E3689B0713D429460123A8
:1010F0000DF10F02304600F08FFEE368190705F18D
:1011000001055BD59DF80FA0BAF11B0F2AD1022370
:101110006370B9E79DF80F30082B01D07F2BE5D124
:10112000002DB1DD0123294630465A4600F074FEF9
:10113000E368180705F1FF35A6D5012208212046EE
:10114000FFF7F7FD012220212046FFF7F2FD0122E3
:1011500008212046FFF7EDFDA36F5B6A01212046C1
:10116000984791E76278022A12D1BAF15B0F11D049
:101170004FF000036370504601F067F968B1BAF1AF
:101180000A0F1BD101220D212046FFF7D2FD07E0F7
:10119000002AF0D0013A627076E7BAF10A0FF1D076
:1011A00001229DF80F102046FFF7C3FDE3689A0760
:1011B00027D5A36F01215B6A20469847E3689B0708
:1011C0007FF562AF9DF80F300A2B7FF45DAFB8F169
:1011D000000F04D0A36F01215B6A20469847A36FDC
:1011E00001219B6920469847484601F0EBF9002D04
:1011F00003DB2946304600F0E9FD284605B0BDE88E
:10120000F08F4FF00108D9E7EFF3118A802383F3C1
:101210001188A26F0021926920469047B4F86C10A3
:10122000B4F86E2009B212B291425FFA8AFA3BD149
:10123000A26F0121926920469047B4F86C10B4F86F
:101240006E2009B212B2914202D08AF311881BE7D4
:10125000002D05DDE268900702D48AF31188B6E715
:10126000FA6822B98AF311886FF04C05AFE73A6843
:10127000510604D58AF311886FF00A05A7E748469E
:1012800001F0A0F904F1200001F056F90190484660
:1012900001F052F98AF31188019A002ABFF6F4AEE0
:1012A000002D08BF154692E78AF31188A36F9B694A
:1012B00054E700BF4CFD00082DE9F04106460C46FE
:1012C00017469846EFF31185802383F3118802F0C7
:1012D000E1FB04F120004246391B06EB800000F0E0
:1012E0003DFDEDB202F0E4FB85F31188BDE8F0812D
:1012F0002DE9F041C3680D461C6AEFF3118380218C
:1013000081F31188002A4FD06218002752F8041B7D
:101310003E46013700293AD106F12002DBB244F8FB
:10132000225004EB82026A6183F3118804F14008C1
:10133000404601F001F9B4F85030B4F95420B4F843
:1013400052501BB201339A42D8BF002340462DB2FF
:1013500004F15C089D4214BF0425002501F032F918
:10136000404601F0E9F8B4F86C20B4F86E3012B2DF
:101370001BB29A4215D1404601F024F92B463A4659
:1013800031462046FFF798FF0020BDE8F081042F8A
:10139000BCD100226A61DBB283F311886FF00F00C9
:1013A000F3E745F00105E6E768690028EDD0026043
:1013B000DBB26A6183F31188E6E700002DE9F041B2
:1013C000836F1B690646884615462BB300F140071C
:1013D000384601F0B1F8041E16DBB36F00221B691A
:1013E00040F20F1140469847041E0DDB95B14FF4B3
:1013F0007A70684302F06EFCB36F00221B694FF4F1
:101400008871404698470446384601F0DBF820468C
:10141000BDE8F0810248EDE76FF01804F7E700BF80
:10142000801A060013B501A9044601F078F820B12E
:1014300002B010BD204601F0C5F8019B5A1C002BDC
:101440000192F7DDF4E72DE9F74F00F1400904467A
:1014500048461646984601F06FF8B0F1000B3ADBAB
:1014600001F029FE05460F46EFF311830193802317
:1014700083F311884FF0000B04F1100AB4F85010F8
:10148000B4F8522009B212B291421AD0A36F0121CE
:101490005B6A2046984701F00EFE401B61EB070196
:1014A000B04271EB08031ADA311A504602F004FD1B
:1014B0008346A26F0021526A20469047BBF1000F7D
:1014C000DCDA9DF804A08AF31188BBF1000F09DA79
:1014D000484601F077F8584603B0BDE8F08F6FF04A
:1014E0006D0BE6E7A26F2046D26A90470028EFD145
:1014F0004FF47A7002F0EEFB01F0DDFD401B61EB72
:101500000701B04271EB0803ECDB484601F05AF8E2
:101510006FF06D0BDFE7000070B58B7805460C4669
:101520005BB1CB6843F00B03CB6005238B604B684A
:1015300043F480734B6000234B7004F1400000F0D3
:1015400097FF04F15C0000F093FF04F1300000F01D
:101550008FFF0022114604F1100000F0CBFF0022A3
:10156000114604F1200000F0C5FF23462846034938
:10157000BDE870404FF4DB7200F0AFBA1CFD00080C
:1015800010B50123044604220021FFF795FE04F163
:101590002000BDE81040FFF745BF10B50423044606
:1015A0001A460021FFF788FE04F11000BDE8104044
:1015B000FFF738BF2DE9F041C3681C6AD4F8788082
:1015C000D8F8103088B007460E4615462BBBB6F546
:1015D0008B7F14DAB6F5867F40F3DD806FF4867377
:1015E000F318082B00F2D780DFE813F0CC00D2000C
:1015F000D500D500D500D500D500A400BE0040F22E
:1016000007339E425AD0B6F5427F73D040F206337C
:101610009E422FD06FF01800B1E0B1F5817F1CD150
:10162000002A00F0CA8020220021684601F037FB22
:10163000D8F810306A4640F2011138469847002821
:10164000C0F2B280EB69079A9A4206D1AA68029B5F
:10165000534033F4486300F0A780A36F2A461B6908
:1016600031463846984710F1190FB0D0002800F0E5
:10167000948084E0EFF31181802383F31188B4F820
:101680006E20B4F86C3012B21BB29A420CDCB4F883
:101690006C30B4F86E201BB212B29B1ACAB282F33D
:1016A00011882B6000206AE0B4F86E20B4F86C005A
:1016B000B4F9703012B200B2121AEEE7EFF31181F2
:1016C000802383F31188B4F85220B4F8503012B25A
:1016D0001BB29A4205DCB4F85030B4F852201BB269
:1016E000DAE7B4F85220B4F85000B4F9543012B22A
:1016F00000B2E1E7EFF31181802383F31188B4F89E
:101700005020B4F8523012B21BB29A4208DAB4F840
:101710005230B4F850201BB212B29B1A013BBDE705
:10172000B4F85020B4F85200B4F9543012B200B2F8
:10173000121AF2E7EFF31186802383F3118835F054
:10174000020304BFB4F86C30A4F86E30013D012DE3
:1017500006D8B4F85030A4F852302046FFF71DFFE9
:10176000F6B286F311889DE74FF47A720023204683
:10177000FFF769FE18B110F1190F3FF44BAF08B035
:10178000BDE8F0812A4639462046FFF717FEF1E70B
:1017900064226A43F7E76FF0180040F201139E429B
:1017A0000AD0B6F5817FEAD13DB12B6863606B68E2
:1017B000A360EB68E36075E715B96FF01500DEE72D
:1017C00063682B60A3686B60E368EB606AE710B541
:1017D00000210446103002F01FFC002104F120001B
:1017E00002F01AFC012104F1400002F015FC04F1A2
:1017F0005C000121BDE8104002F00EBC70B5C3686A
:101800001C6A04F130050646284600F095FE237850
:10181000012B05D9013B2370284600F0D3FE44E09C
:10182000A36F002121709B692046984733685B06AF
:1018300005D44FF4C87200232046FFF704FEEFF3EF
:101840001186802383F31188A36F2046DB689847B5
:10185000A3781BB9A36F20465B689847F6B286F35E
:1018600011882046FFF78CFE2046FFF7B0FFE37893
:101870002846002BD1D000F0A5FE04F1400002F074
:1018800067FA04F15C0002F063FA284602F060FA9D
:1018900004F1100002F05CFA04F1200002F058FAA2
:1018A000A36F1B6B0BB120469847002070BDF8B5A5
:1018B000002504462E46B4F85020B4F8523012B237
:1018C0001BB29A4220D1B4F85020B4F8523012B270
:1018D0001BB29A4204D1A36F00215B6A204698474D
:1018E000002D4DD02046BDE8F840FFF756BE1A6ADD
:1018F000B4F8523018B201331BB2A4F85230095C6C
:1019000020469047013530E0A36F20469B6A9847F8
:101910000028D8D0A36FA16D9F6B002FE7D0B4F83B
:101920005220B4F8503012B21BB29A42ADBFB4F894
:101930005220B4F85020B4F8523013B2AEBFB4F90C
:1019400054201BB212B2D21AB4F85230204601FA17
:1019500083F1B847002809DDB4F8523013FA80F358
:101960001BB2A4F8523015FA80F5ADB2B4F852307B
:10197000B4F954201BB29A42D8BFA4F852609AE737
:10198000F8BDF7B504460025A36F2046DB699847EC
:10199000E8B9B4F86C20B4F86E3012B21BB29A42B7
:1019A000BDBFB4F86E20B4F87030B4F86C10B4F861
:1019B0006C30ACBFB4F86E205B189B1A9BB2002B46
:1019C00067D0204603B0BDE8F040FFF7D9BDB4F8BA
:1019D0006C30B4F97020A16F1BB201339342B8BFD1
:1019E000B4F86C604B6BB4F86E70BABF36B20136A7
:1019F00000263FB2002B38D0B74230D0B4F86E008A
:101A0000B4F86C1000B209B2884205DDB4F86E205B
:101A1000B4F86C10013A07E0B4F86E1009B292B253
:101A20000029F5D0B4F86C10B4F86C00521A616F4C
:101A300092B201FA80F1204698470028A4DDB4F85C
:101A40006C30B4F97020184400B2A4F86C00B4F8FB
:101A50006C301BB29A4297DCA4F86C5094E70122D8
:101A60000DF10301204698478EE74B69002B8BD080
:101A700001A920469847B742C0B28DF8030083D031
:101A8000B4F86C30626F1BB236B2D054A4F86C60FC
:101A90007AE703B0F0BDF7B5044617460E461D467B
:101AA00000F024F8204601AA394600F08BF8041E05
:101AB00010DB019A089B108A566120F00F0040F05D
:101AC000010010821562D36100F01CF8002420464A
:101AD00003B0F0BD00F016F8F9E713B50024009448
:101AE000FFF7D9FF02B010BD00F060B8014802F066
:101AF00052BB00BFB4000020014802F003BB00BF8E
:101B0000B4000020014802F071BB00BFB400002007
:101B1000014802F021BB00BFB4000020038A024646
:101B200013F00F0019D053699BB1CA0703D55A6A45
:101B30000AB99A6832B111F002000ED0986A58B909
:101B4000DA6852B95B69002B14BF00206FF00C00FB
:101B500070476FF0050070470020704710B50346CE
:101B60000446184613F8012B2AB9001B283001F04F
:101B7000C7F818B910BD2F2AF3D1F6E70A4A13881F
:101B80000383591C01231180013CC36000F124032D
:101B900014F8012F12B900221A70EBE72F2AFAD09D
:101BA00003F8012BF4E700BF780D002008B50348C7
:101BB000FFF7D4FF024B186008BD00BFC01001083A
:101BC0007C0D00202DE9F0410023136016460278B9
:101BD00088B0002A45D0CDE9010301A8CDE903333F
:101BE000CDE905338DF81C3000F050F8002835DAC7
:101BF000DDE90354019F384600F036F8037880464B
:101C00003846D3B1FFF7AAFF48B96FF00B04069826
:101C100008B101F059F8204608B0BDE8F0813DB1A7
:101C20006B68C0E900436860474604460025E2E768
:101C3000A368C0E90043A060F6E7FFF78FFF002824
:101C4000E3D035B16B68C0E90043686030600024C0
:101C5000DDE7A368C0E90043A060F7E76FF0100478
:101C6000D5E76FF01504D6E70378024601300BB1D3
:101C70002F2BF9D113782F2B104602F10102F9D046
:101C80002E2B02D143782F2BEED07047F8B5036886
:101C90001B782F2B044611D005462C4801F04CFA36
:101CA00055F8143B2A4A2B49002818BF02462846FB
:101CB00000F0AAFC002842DB63692360264B206801
:101CC000196803782F2B3DD100252E4649B90A46C5
:101CD0006FF00103C4E90001C4E9026522611846FE
:101CE000F8BD01F12307431E17F801CF13F8012FA8
:101CF000BCF1000F0FD10AB12F2A17D1FFF7B4FFA3
:101D00000378BBB10B8A03F00F03032B14D08B684D
:101D10000D4600210BE022B12F2A02D0944505D3B5
:101D2000E2D900216FF001030A46D3E74B680E4663
:101D30001946CBE70246CDE702460023CAE76FF01B
:101D40000B03CCE76FF01503C9E700BF921401083D
:101D50000C0301084DFD00087C0D0020F8B5064677
:101D60000F4614460025BD4200DA04B9F8BD56F806
:101D7000250098B14268816842F0180323400B4364
:101D800013F0180F18BF23F004038360836802F474
:101D90008032134302D0036903B198470135E2E76B
:101DA00070B5D0E900240023184604326FF00045D6
:101DB000A34200DB70BD52F833102E1A8E4202D3BC
:101DC00008440133F4E76FF01500F3E770B5D0E98C
:101DD0000253D0E900426D1A8560002A04DD65686F
:101DE000EE1A8E4204D90B44C0E90042C36070BDB4
:101DF0005B1B19440834013A0023EEE738B500258F
:101E0000C0E900128560C5600446FFF7C9FF0028DD
:101E1000A4BFA060284638BDF8B50468C06817465E
:101E20001E4608446368834202D308341EB9F8BDD5
:101E3000C01A0834F6E754F8045C54F8083C2D1A2C
:101E4000B54228BF354639462A46184400F019FFE6
:101E5000761B2F440020E8E7F8B51F46C3680468E6
:101E60001646194463688B4202D308341FB9F8BD83
:101E7000C91A0834F6E754F8045C54F8083C6D1AA3
:101E8000BD4228BF3D46194430462A4600F0F9FEBF
:101E90007F1B2E440021E8E72DE9F04790F80180F0
:101EA000884504460F4602D30020BDE8F08708F1BC
:101EB0000103202BC24648DC880000F00DFF0546D8
:101EC00060B14646402000F01BFF45F8260068B987
:101ED000013EB04505DD284600F0F6FE6FF0160025
:101EE000E3E755F8260000F0EFFEF1E70136B742D0
:101EF000E8D8EFF31189802383F311886278424593
:101F00005FFA89F910D0BA420ED389F31188B2452D
:101F100003DB284600F0D8FEC6E755F82A0000F09B
:101F2000D3FE0AF1010AF2E7616819B1920028466E
:101F300000F0A7FE60686770656089F3118800286B
:101F4000B2D00834A042E5D1AEE76FF01700ACE79D
:101F500070B5049DEFF31184802686F311884068E4
:101F600050F8211001EBC20051F832201A605AB12A
:101F7000BFF35B8F043252E8003F013342E8003187
:101F80000029F8D1BFF35B8FE3B283F3118805B169
:101F9000286070BD00F10803436000F10C0383600A
:101FA0004FF480730380704713B5144690B1002935
:101FB0000CDB4278B1EBC20F08DA009301F00702A4
:101FC0002346C910FFF7C4FF236833B96FF0080038
:101FD00002B010BD6FF01500FAE70020F8E7002A04
:101FE0002DE9F84315469846B8BFD51D534203F076
:101FF000070302F0070406460F464FEAE50558BFFF
:102000005C42EFF311824FF08009D2B289F311885C
:102010007378AB420CDC82F31188691C3046FFF701
:102020003BFF002822DBEFF31182D2B289F3118843
:10203000736853F8251051F8343001EBC400BBB974
:1020400008F10403BFF35B8F53E8001F013143E83D
:102050000016002EF8D1BFF35B8FC7F38027C0F8BE
:102060000080077182F3118804EBC500BDE8F88396
:102070000134082CDFD101350024C9E7142000F019
:102080003FBE00F021BE70B50D461646044601F075
:10209000AFFC33462A462146BDE87040FFF784BFB7
:1020A0000430BFF35B8F50E8003F013340E800325B
:1020B000002AF8D1BFF35B8F704738B5044610B9DA
:1020C0000025284638BD031DBFF35B8F53E8002F62
:1020D000511E43E80015002DF8D1BFF35B8F012A94
:1020E000EED100F055F90546204600F0EDFDE8E799
:1020F0002DE9F043836885B005463BB10024D0F854
:10210000308093F82D72A146A74202DC05B0BDE8ED
:10211000F0830026404601F075FC0028F6D0D0F888
:1021200008C0BCF1000FF1D08542EFD10CF50B7067
:10213000CDF8009003AB32462146FFF709FF039824
:1021400020B100F057F90398FFF7B7FF0136082ECA
:10215000E0D10134D8E7F8B506461C461046EFF347
:102160001185802383F3118800290B46B8BFCB1D4E
:102170007668DB104A4256F8233002F0070201F07D
:10218000070158BF514203EBC10753F8316043F8D0
:102190003100C4F38024FFF783FF3C71EBB283F37B
:1021A00011883046BDE8F840FFF787BF2DE9F04FB2
:1021B00087B0074688461646039300247B78A342DF
:1021C00002DC4FF000091EE04FEAC40B002505AB0E
:1021D0000093384604AB2A462146FFF7B9FE04981F
:1021E00005EB0B0A38B3039B13B1059B1B79BBB9F5
:1021F0006EB9611C4046FFF74FFEB0F1000908DAE6
:102200000498FFF75AFF484607B0BDE8F08F002258
:1022100008E0049A002351464046FFF79CFF07E080
:102220003EB101225146304602F065FB0028E0D164
:102230000498FFF742FF0135082DC8D10134BDE7EE
:102240009142F7B505460E4614461F4621D0002A96
:1022500022DB4378B2EBC30F09DA01AB6A463146A1
:102260002846FFF7A1FE002808DA03B0F0BDD11020
:102270000131FFF711FE0028EFDAF6E7009A3B463E
:1022800021462846FFF767FF0098FFF716FF204614
:10229000EBE76FF01500E8E76FF00800E5E7914223
:1022A00013B50C460CD1002201A92046FFF7EBFE26
:1022B000002803DB0198FFF700FF204602B010BDA5
:1022C000002302B0BDE81040FFF7BABF07B501AB6D
:1022D0006A46FFF769FE002811DB019AEFF31183CC
:1022E000802181F31188106808B100211160DBB2F0
:1022F00083F31188FFF7E1FE0098FFF7DEFE03B0DD
:102300005DF804FBF8B545780446013D07D26068E6
:102310000834A04213D0BDE8F84000F0D5BCEF006F
:102320000726F1192046FFF7D1FF013EF9D2002D13
:10233000EBD0636853F8250000F0C6FCE5E7F8BD74
:102340000148002101F07EBBF120000858B1BFF325
:102350005B8F0C3050E8003F013340E80032002A28
:10236000F8D1BFF35B8F7047034680B1BFF35B8F3B
:102370000C3353E8002F511E43E8001CBCF1000F42
:10238000F7D1BFF35B8F012A01DC00F04FB8704733
:1023900070B5C56806466DB16C6924B1646814B146
:1023A000A047041E02DB2846FFF7DEFF0023F36090
:1023B000204670BD2C46FBE710B5054B0446186857
:1023C00001F010FB2146BDE81040FFF77FBF00BFC2
:1023D000600E002010B5FFF7EFFF041E08DAEFF3E0
:1023E00005831BB900F03AF8644204604FF0FF34F3
:1023F000204610BD10B5C268AAB15369128A02F016
:102400000F02032A05D173B1DB6A63B1BDE8104046
:10241000184743B15B6933B1002240F20D51984730
:1024200000EAE07010BD6FF01500FBE710B5044640
:1024300050B14068FFF7FAFFA068FFF7F7FF2046AA
:10244000BDE8104000F040BC10BD1F2804DDA0F125
:102450007F035842584170470120704708B500F08B
:1024600026FC08B1083008BD0048FCE7800D0020BC
:1024700038B5064A0021054600F03CF8041E03DB8F
:102480000421284600F03DF8204638BDFEFFFF7FBE
:1024900010B5074A036823F0004432EA030308BF7B
:1024A0004FF0FF3402F04CFA031B5842584110BD64
:1024B000FEFFFF7F10B50446FFF7EAFF28B920466C
:1024C00000F03AF8002801DA10BD0020236901333A
:1024D0002361F9E710B50369013B044603613BB989
:1024E00000F070F8002802DA23690133236110BD7F
:1024F0000020FCE7034602600020C3E902001871D7
:102500007047034611F0030007D00138022834BF9A
:102510006FF089006FF0150070471971704702461F
:1025200038B131B1037913F0040002D113680B60A4
:1025300070476FF015007047F8B506790F4F0446E5
:1025400006F0040625681EB9002D11DD681E03E0A3
:10255000BD420DD102F0F4F954E8003FAB4204D182
:1025600044E80002BFF35B8F002AEBD10020F8BDE6
:102570002046BDE8F84001F005BC00BFFEFFFF7F2C
:10258000F8B506790E4F044606F0040625681EB914
:10259000002D11DD681E03E0BD420DD102F0D0F91F
:1025A00054E8003FAB4204D144E80002BFF35B8F24
:1025B000002AEBD10020F8BD6FF00A00FBE700BF56
:1025C000FEFFFF7F30B402790E4C02F00402036874
:1025D0001AB9002B12DB591C02E0002B0EDB21463E
:1025E000BFF35B8F50E8005F9D4204BF40E8001CD2
:1025F000BCF1000FEBD1002030BC704730BC01F0C3
:10260000A3BC00BFFEFFFF7F0EB403B503AA52F8C0
:10261000041B019200F02FF802B05DF804EB03B048
:102620007047F0B58DB014460D46074602A80192DA
:1026300000F062F82246294602A800F0CBFA029E7A
:102640000136304600F048FB044670B10146324680
:1026500006A800F033F8019A294606A800F0BAFA55
:10266000002805DA204600F02FFB4FF0FF3000E095
:102670003C600DB0F0BDFFF7D4BF38B5054600682B
:102680006B691C1A944228BF144654B12B69224628
:10269000184400F0F6FA2B682A69234400212B60C5
:1026A000D154204638BD07B501228DF807100DF131
:1026B0000701FFF7E2FF03B05DF804FB064B436040
:1026C000064B8360064BC360013A0023036001613F
:1026D00042610B70704700BFA72600087B260008E8
:1026E000192700080368013303607047034610464A
:1026F0001A6802441A607047044B4360044B8360BD
:10270000044BC36000230360704700BFE526000848
:10271000ED26000819270008002070472DE9F04F2A
:1027200089B00646129D002493F800A0BAF1000F6C
:1027300000F04182BAF1250F0AD00133009373688B
:102740005146304698470134A846009B4546EBE782
:1027500093F801A09A1CBAF1250F0092EFD04FF028
:102760000009CB464F460A223F2F50D8BAF12B0F13
:1027700042D013D8BAF1200F40D0BAF1230F43D082
:10278000AAF13003DBB2092B53D8F8054EBF02FB88
:10279000093902FB0B3B47F0800707E0BAF12D0F28
:1027A0002FD0BAF1300FEBD147F00107009B13F89F
:1027B00001AB0093BAF1000FD6D10AF0DF03A3F109
:1027C0004502022A74D9BAF1630F00F08D80532BB1
:1027D00040F0A180A846AD4B58F8045B002D08BF1F
:1027E0001D4617F4807F14BF49464FF0FF3128463D
:1027F00000F03BFA814664E047F0020747F0040727
:10280000D4E747F00807D1E747F01007CEE7B7F560
:10281000007FB5D3BAF17A0F2CD0BAF1740F29D05A
:10282000BAF16A0F22D127F48067BFB247F420675C
:10283000BCE7BAF12A0F10D1F80555F8043B02D5D0
:1028400023EAE379B2E7002BA7BF47F080079B4656
:10285000C3F1000B47F08807A8E7BAF12E0FD9D1D2
:10286000F80500F1A88147F480779FE70AF0DF03BD
:102870004C2B09D1BB054CBF47F4006747F40077E8
:1028800027F48067BFB291E7BAF1680F08D17805E5
:102890004CBF47F4006747F4806727F40077F1E7FF
:1028A000BAF1700F04BF27F4206747F4007784E77C
:1028B00005F1070828F00708754D08F108084FF0E2
:1028C00007093A0724D5B3684A462946304698474F
:1028D000D9454C443FF639AFABEB090B5F46002FAF
:1028E00040F063815C4430E7A8464FF0010958F896
:1028F000043B8DF8083002ADE3E7736820213046D1
:1029000098470BF1FF3BD945A7EB0B04F5D3DAE76A
:1029100004EB0B07F7E7BAF1640F07F4206302D06A
:10292000BAF1690F73D1B3F5206F5ED1073525F089
:102930000705A846696858F8080B27F48055002950
:1029400025F0100505DA404245F4805561EB410160
:10295000ADB2EA0506D5B9F1000F03D150EA010383
:1029600000F0B38002AF0A233A4600F035F9C71BE6
:10297000FFB2EB05019740F1AA8025F0010A4F450F
:102980001FFA8AFA80F2A68044F210032B40102B23
:102990005FFA89F203D125F011051FFA85FA1AF0C2
:1029A000100F00F0A18007F120036B4413F8193CCD
:1029B000302B40F091802AF4C04A2AF0100A1FFA06
:1029C0008AFA1AF0080F40F09F801AF0010F00F009
:1029D000B9805A4580F2B880ABEB020505EB0709D8
:1029E0005FFA8BF52D1BEDB28AE0A846BB0558F8BF
:1029F000040B4FEAE071A0D47D059ED5390555BF83
:102A000040F3C03140F3C01100B240B295E7B3F5D6
:102A1000206F1AD1073525F00705A846696858F8D0
:102A2000080B27F00605BAF1580FADB23AD0AAF15B
:102A30006F03DAB2092A3CD8092B3AD8DFE803F051
:102A4000432A393939391739392C17F40071286874
:102A500005F1040801D00021E3E717F48063FAD000
:102A600017F4006301D180B2F5E7C0B2D9E727F0CF
:102A70001605ADB20A23EA0505D5B9F1000F02D15A
:102A800050EA010221D002AF6EE700BF5BFD0008F3
:102A900053FD000845F01005EB0601D545F48045CF
:102AA0001023E8E7FF0601D545F4C0454FF4047351
:102AB000E1E77368304625219847736851463046F0
:102AC0000234984741E60823D5E74F4651E73A4696
:102AD000AA4664E73A4662E71AF4804F01D1551CD2
:102AE00000E0951CEAB26CE741F206031AEA030F14
:102AF0003FF467AFF3E7736820213046013498470D
:102B00002A19D2B25A45F6DB5A45B4BFABEB020BD9
:102B10004FF0000B1AF0100F23D0736830213046AD
:102B200098471AF4804F11D10134CA46BA452ADCBD
:102B3000A9EB0703B945B8BF00231C4457BB019B51
:102B40001C44CBE615464DE7B946DDE71AF4005FB5
:102B5000736804F1020414BF582178213046984765
:102B6000E3E741F206031AEA030FDED01AF0020F80
:102B700014BF2B2120211AF4805F736804F1010433
:102B800018BF2D21EAE773683021304698470AF1D3
:102B9000FF3ACBE77B1E08AA52FA83F2DFB212F8A3
:102BA000181C736830469847C8E773682021304680
:102BB0009847013F93E6204609B0BDE8F08F00BF7B
:102BC00007B5009200220B461146FFF7A7FD03B0A0
:102BD0005DF804FBFFF7F4BF2DE9F84313F4007927
:102BE0001C4618BF23F4007406460F46154618BF4E
:102BF0004FF001094FEAE478304639462246434611
:102C000003F042FA092AB4463B4606460F4609DC61
:102C10003032A44573EB080305F8012BECD22846AB
:102C2000BDE8F883B9F1000F01D03732F1E7573230
:102C3000EFE710B5034692B10A4408460446013056
:102C4000904203D100221A70204609E010F8014C8E
:102C500003F8014B002CF1D1401A013810BD084691
:102C600010F8013B002BFBD1F6E710B502460144FA
:102C70008A42134603D01C780132002CF8D1181A6E
:102C800010BD0A44914200F1FF3300D1704710B5E6
:102C900011F8014B03F8014F9142F9D110BD0244E4
:102CA0000346934200D1704703F8011BF9E71FB5B3
:102CB000002001A900F03EFF0028ACBF02980020D0
:102CC00005B05DF804FB0000024B0146186800F0F7
:102CD000B3B800BF840D002010B5084B014618683A
:102CE00000F0CEF8044630B9EFF305831BB9FFF7C7
:102CF000B5FB0C230360204610BD00BF840D0020EF
:102D000010B5084B0146186800F030F9044630B998
:102D1000EFF305831BB9FFF7A1FB0C2303602046EB
:102D200010BD00BF840D0020F8B504460D461646C0
:102D300000F028F900280DDA204600F045F9D4F813
:102D400054312B600146C4F854512046BDE8F84088
:102D500000F041B92946204600F040F91EB1204656
:102D600000F02CF9E8E755F8041C21F0030221F0EB
:102D7000010145F8041CA169A5F10803891A9818F6
:102D8000A1614168CE074ED4D0E9026C21F0030165
:102D90004718CCF808601EB1D0F80CC0C6F80CC0BB
:102DA00055F8046C0A4406F00306164345F8046C13
:102DB000425055F8041C890712D555F8081C5B1AB7
:102DC000D3E902055968A86021F0030108B1DD6864
:102DD000C5600A44596801F00301114359603A6023
:102DE000586820F00300B0F5800F3DBF0209B2FA29
:102DF00082F2C2F11F02122204EB021104EB021252
:102E00002431D26A2AB155681DB125F00305A842C4
:102E10000FD88B60C3E9022102B1D3602046BDE820
:102E2000F84000F0CBB841F00201416007469A50EB
:102E3000BFE711469268E5E711B10022FFF774BFC2
:102E40007047F8B5044600F0BFF8D4F85451002399
:102E50000146C4F85431204600F0BDF82E1E18BFBC
:102E600001260DB93046F8BD2F68294600222046BC
:102E7000FFF75AFF3D46F4E708B1FFF7E2BF70479E
:102E800070B50C460546FFF7DCFF0C2C214638BF19
:102E90000C2101F10B0626F007068E4224D32846AA
:102EA00000F070F8B6F5800F3DBF3309B3FA83F335
:102EB000C3F11F03122305EB0313DC6A24B9284670
:102EC00000F07CF8204670BD6368A26823F003031D
:102ED0009E420BD91446F1E719469B682AE05368D5
:102EE00023F00203536031E00024EBE7E1688A60DD
:102EF0000AB1E168D160981B0F2804EB0302EED9F8
:102F0000A2195060616801F003010E436660E05051
:102F1000506820F00300B0F5800F3DBF0309B3FAFD
:102F200083F3C3F11F03122305EB031105EB031316
:102F30002431DB6A2BB15E681EB126F00306B04275
:102F4000CAD88A60C2E9023103B1DA606368AA694B
:102F500023F0030313446A69AB61934288BF6B613A
:102F6000636843F0010363600834A8E738B50D4691
:102F7000FFF786FF044618B12A460021FFF78FFEAF
:102F8000204638BD38B50546EFF305843CB10268EC
:102F9000094B934314BF6FF00A00002038BD01F0C5
:102FA000CFFC002804DB2846FFF7C6FA2046F5E7E9
:102FB0006FF00200F2E700BFFEFFFF7FEFF3058333
:102FC0000BB9FFF7FFBA7047EFF31180802383F34B
:102FD0001188C0B2704781F31188704729B151F848
:102FE000041C21F00301081F7047084670470000C9
:102FF0007FB504460D46002942D0012813D100F0C8
:103000008DF800236422044602F0EEFF6FF06303A4
:1030100003FB0044C5E900011B484443AC600024A5
:10302000204604B070BD042803D1084600F046F8DD
:10303000F5E728BB684600F041F8EFF311808023E4
:1030400083F31188114A009ED2E900319B19019E39
:10305000926841EB0601029E32440D4EB24208DDF9
:1030600002F1444202F5CA02013302F5585241F11D
:103070000001C5E90031AA60C3B283F31188CFE72C
:103080006FF01504CCE700BF80969800101B00205D
:10309000FFC99A3B10B5FFF7ABFF041E09DAEFF347
:1030A00005831BB9FFF7DAF9644204604FF0FF3083
:1030B00000E0002010BD00F031B8000038B5054632
:1030C00000F02CF800236422044602F08DFF6FF01C
:1030D000630303FB0044C5E9000102484443AC60BC
:1030E00038BD00BF80969800F0B5EFF311848023BF
:1030F00083F31188074A084D136801331360D5E93B
:103100000023161841EB0307C5E90067E3B283F318
:103110001188F0BD880D0020900D002030B5044BC3
:10312000044D1A68D5E900011C689442F9D130BDFC
:10313000880D0020900D002070B5054638B3EFF3E0
:10314000058323BB184B1B689C684CB304F527769A
:103150003046FFF7AFF92946204601F015FF051E5E
:103160000ADA3046FFF7B6F9EFF30584D4B9FFF772
:1031700075F96D42056011E0D4F81C323D2153F819
:10318000250004F04AF928B93046FFF7A3F96FF09B
:103190001505E9E7441C3046FFF79CF9204670BD51
:1031A0002546E1E70024F9E7600E00202DE9F7430A
:1031B000524C534B534DA36005230026082252491D
:1031C00023752377514F524BDFF8488123624FF02C
:1031D00001090923A262216322643146A02205F17C
:1031E000080084F82C3084F83C3084F8443087F8A8
:1031F00000902660267184F80C90C4F81080C4F802
:10320000188084F8246084F83460A663FFF747FDD3
:10321000032385F84030404BA5F84890C5E90E33AC
:1032200002236B64D8F800306E602B60002B54D101
:10323000C8E90055394B1D6002233B7003F07AFA50
:1032400001A9684603F016F9DDE9000104F050FA1F
:103250004020FFF755FD324B95F844101860314B74
:10326000056010221A6027481B6801F059FF2548A5
:1032700001F077FB234803F0A1F8224801F0A6FCF7
:10328000204801F087FFAA6803231372264A002111
:1032900011603B7000F08EF803F0DAFA00F08CF861
:1032A00001F038FD01F0D6FB00F0B4FF00F05CFB4C
:1032B00003F002FA03F056F903F03DFA04233B70E1
:1032C00001F0F8FF05233B7000F052F806233B7035
:1032D00000F0EEFB03F004F9FCE75D6095F8402098
:1032E00004EBC2031B791B0745BF6B6F54F83220F8
:1032F00054F832309B181D609CE700BF6C0E002014
:10330000540E0020980D0020B40E0020500E002016
:10331000400E0020600E0020AD310008680E002035
:103320005C0E00204C0E0020480E002010B588B026
:103330000024029402F016FE03A803F060FF642349
:103340008DF80D304FF40063069302AB06490093ED
:10335000224603AB0194054801F028FB03A803F0C3
:1033600070FF204608B010BDA95F000862FD00088C
:103370001FB50C490C48012201F01EFE01F0A0FD12
:103380000A4B019300244FF40063039000930294CE
:103390002346F0220221064801F020F8204604B01E
:1033A00010BD00BF0C030108921401082D33000862
:1033B0006BFD000870470000044A0549002342F8ED
:1033C00033100133622BFAD1FDF716BCBC0E00207E
:1033D00041340008612870B505460C4614D8EFF357
:1033E0001186802383F3118819B9FDF745FC224625
:1033F000074C084840F8354000EBC500F6B2426083
:1034000086F31188002070BD6FF01500FBE700BF48
:1034100041340008BC0E0020612807D8064A52F843
:10342000303033B102EBC002526818470022034B20
:10343000FBE71A46FBE700BFBC0E00204134000842
:1034400008B5EFF31183802383F311880021024A2A
:10345000084603F09DFD00BF14FD00082DE9F04370
:10346000DFF89C80DFF89C9089B004460D46AC42A2
:1034700002D909B0BDE8F08304F1040234BF236827
:103480000023AA4204F1080234BF60680020AA4267
:1034900004F10C0234BFA6680026AA4204F110020F
:1034A00038BFE76804F1140128BF0027AA4238BFDB
:1034B000226904F1180C28BF0022A94238BF6169B3
:1034C00004F11C0E28BF0021AC4534BFD4F818C04D
:1034D0004FF0000CAE4534BFD4F81CE04FF0000EA6
:1034E000CDE90421CDE90030CDE906CE2346CDE972
:1034F000026742464946012003F0C8FF2034B6E780
:103500002500010876FD0008F0B5A5B004460021AD
:103510003C2215A814AE14910CADFFF7C0FB40225D
:103520003146204600F01EFF29462046202200F0AA
:1035300025FB2C21284603F070FF08B120230370DF
:10354000A268236B7AB31168626C184F94F8340048
:10355000009102F0030E12F4807FC2F3C10C144AF2
:103560000A92A26E57F82C700992DFF848C0226FB9
:103570000892D4F88C205CF82EC00792D4F89020E2
:103580000D490B9614BF4FF0500E4FF02D0ECDE9A4
:103590000552CDE90107CDE903CE084A012003F029
:1035A00075FF25B0F0BD4FF0FF31CDE75C0001089D
:1035B000ECFD00086C000108A7FD000810000108E0
:1035C00008B5072002F0D8FCFA2001F071FC0720B2
:1035D00002F0E0FCFA2001F06BFCF2E7F8B50D46D2
:1035E000144614491E46D7180346134A012003F017
:1035F0004DFF114A11492346012003F047FF0E4AAF
:103600000F493346012003F041FF7DB10D490A4ABD
:1036100001202B4603F03AFFA5F1200039468442F1
:1036200088BF2846BDE8F840FFF718BF3946204656
:10363000F8E700BFF5FD00083000010804FE0008AF
:1036400014FE000827FE00082DE9F04F834F1E46A8
:103650003B78B3B005468A4690465FFA83FBEFF3AA
:10366000058333B17E4B1C683B78072B03D9FFF7EA
:10367000A7FF7C4BF7E7BBF1040F40F2A680EFF306
:10368000118980235FFA89F983F3118800F002FA27
:10369000EFF3058323B9636C03F00303022B01D11D
:1036A00008233B70002E40F093806F4802F06EFEBE
:1036B00038786D4B099307288CBF0020012008A99A
:1036C000CDE90B5A0894CDF8288000F0EDF80620DB
:1036D00002F052FC03F022F8A66846B1636C03F0D6
:1036E0000303022B7AD0306800F08CF906460DA84F
:1036F00003F07AFC0DF1B10303930DF17E03029305
:103700000DF1690301930DF14903584A584900939B
:1037100001200DAB03F0BAFE5649574B574AE06BF8
:10372000002E18BF0A46002D08BF1D46CDE9032014
:10373000B8F1000F18BF43464C4A0095CDE901A1EE
:1037400001204F4903F0A2FE474802F027FF464BF5
:1037500000201968079102F001FF0799266FA46EF7
:103760008142054606EB040803D300F50063994245
:103770006FD3B14201D3414568D30B46414A424918
:10378000012003F083FE4FF0010A00213F484FF46F
:1037900000632A46FFF722FFEFF3058121B1304B8A
:1037A0001B68D3F8A43019688E4201D8884517D811
:1037B0000B46344A3649012003F068FE00213548A3
:1037C00023463246FFF70AFF0FE04FF000095FE79C
:1037D000502231462448FFF754FA69E7002686E76D
:1037E0000029ECD1BAF1000FE9D102F097FF3B7844
:1037F000072B21D9284A2949012003F047FE002040
:1038000002F0ACFE4FF40062034600922449224AC3
:10381000012003F03BFE0021224800F013F902F0E2
:103820007DFF02F07BFF08A9022000F03DF8002197
:10383000022000F079F81AE7BBF1040F03D989F3ED
:10384000118800F035F933B0BDE8F08F0029B6D10A
:10385000CBE70029C9D04FF0000A97E7500E0020AF
:10386000680E0020600E0020D01100204B000108DF
:103870003EFE0008ECFD0008C010010837FE0008FD
:1038800063FE00083F000108A4FE0008D8FE0008FF
:10389000DCFE000811FF00081A00010816FF0008EE
:1038A00084FF000809350008F8B50E4F3B6805464F
:1038B0000E46B3B1EFF31184802383F3118800F037
:1038C000E9F8386830B9E4B284F31188BDE8F8400B
:1038D00000F0EEB8D0E9003732462946984738461E
:1038E000F0E7F8BD2012002038B50446EFF311854B
:1038F000802383F3118800F0CDF80A4A136843B996
:1039000063601460EDB285F31188BDE8384000F0C3
:10391000CFB8A342F6D0A06899688842F0DC1A1D9F
:103920005B68ECE728120020F8B50E4F3B680546AF
:103930000E46B3B1EFF31184802383F3118800F0B6
:10394000A9F8386830B9E4B284F31188BDE8F840CA
:1039500000F0AEB8D0E900373246294698473846DD
:10396000F0E7F8BD281200201A4A1B4B70B5C2E9D7
:1039700000220821002450681C720139C3E900208C
:103980000360536003F12C03F5D1144B124AC3E9D1
:1039900000331146082002265D6881F8686101F550
:1039A000B0740138C1E958352C6001F12C015C601C
:1039B000F2D10B4BC3E9003308215C6802F530708B
:1039C0000139C2E9B034206002F130025860F4D10C
:1039D00070BD00BF301200204012002038120020BD
:1039E00080160020806808B100F50B707047000059
:1039F000034B1B68986808B100F50B70704700BF57
:103A0000600E00200346EFF31181802282F31188BB
:103A10000A4A106860B1002B0EDB094A1268013AAD
:103A20001A4050F8220018B1026B9A4218BF0020C9
:103A3000CBB283F3118870470020F9E75C0E0020B9
:103A40004C0E00202DE9F84306460F46EFF3118592
:103A5000802383F3118800F01DF8DFF83080DFF851
:103A600030900024D8F80030A34206DC00F020F8A3
:103A7000EDB285F31188BDE8F883D9F8003053F82A
:103A8000240008B13946B0470134EBE74C0E002062
:103A90005C0E0020EFF3058333B9044B1A68B2F8CB
:103AA00048300133A2F84830704700BF600E002054
:103AB00070B5EFF3058232BB154E3468B4F9483067
:103AC000012B21D1EFF31185802383F31188114B52
:103AD000A4F848201B683BB100F006F920B1EFF3D1
:103AE00005830BB9022000DF636C03F01803082B79
:103AF00006D1E36C23B933689C421CBF1423E364F2
:103B0000EDB285F3118870BD013BA4F84830FAE7A7
:103B1000600E0020540E0020054B1B682BB1186B63
:103B20000028CCBF0020012070470120704700BF53
:103B3000600E002038B5104A15680C4615B96FF0B4
:103B4000010038BD78B1FFF75DFF0028F7D06B6C3E
:103B500003F00303022B07D0AA6883689A4203D0BC
:103B60006FF00C00EDE72846836E2360C36E636040
:103B7000036FA3600020E4E7600E0020034630B42A
:103B800008461146EFF31182802484F3118893F8DC
:103B90004040052CD2B212D15C6F25796D070ED54D
:103BA00024680C4D24F0004335EA040408BF4FF0AC
:103BB000FF3382F31188084A30BC03F044BB82F320
:103BC000118893F84040054B0A4653F8241030BC46
:103BD000FFF72FB8FEFFFF7F7C000108F800010807
:103BE0007047000073B502460B46EFF31185802144
:103BF00081F3118813490C681349009104F15006B0
:103C00000194304600F0FAFF204601F017FD06232C
:103C100084F84030002323600C4B19685A686260B6
:103C200071B91C605C60EFF305830BB9022000DF03
:103C3000304601F03FF8EDB285F3118802B070BD57
:103C40001460EFE7600E0020D13C0008B40E0020A5
:103C500010B5044618B9BDE8104001F09FBEFFF74B
:103C60002AFA201841F100010130BDE8104041F16D
:103C70000001FFF7B7BF000038B50446EFF3118528
:103C8000802383F3118890F84030062B17D1D0E9B8
:103C90000032C2B90D490B6003B90C4B5A600023C6
:103CA000C4E9003304F1500001F004F8204601F0AB
:103CB0003BFC20B1EFF305830BB9022000DFEDB22E
:103CC00085F3118838BD1360E6E700BFB40E00200D
:103CD000FFF7D2BF00F51C500F3042F21073B0FB5B
:103CE000F3F0FFF7B5BF0000F0B5174D2A68B2F941
:103CF0004830002B25DC154C2368002002260327C2
:103D000013B9C4E90033F0BDD3F800C093F8341000
:103D100092F834E08E450DD25168C3E9002159B9BB
:103D2000536082F840602B6083F8407001201A468F
:103D30006346E5E71268EBE70B60536083F8406089
:103D4000F5E70020DFE700BF600E0020540E0020E2
:103D500003790B4A13F0040F036808BF0122002BFC
:103D60000BDBBFF35B8F50E8001F994204BF40E8B4
:103D7000002CBCF1000F0B46F1D10020704700BFB2
:103D8000FEFFFF7F2DE9F043494B90F804801C684B
:103D900085B0054608F00408EFF31186802383F30D
:103DA0001188E9462146484600F0B0FA99E8030038
:103DB00002AF87E8030004F18C023946384603F06D
:103DC00008FA384603F012FA38B9F6B286F31188C9
:103DD0006FF0030005B0BDE8F083BFF35B8FB8F16F
:103DE000000F2AD055E8000F40F0004345E80032AC
:103DF000002AF7D1BFF35B8F2E4B834338D020F0DE
:103E00000040FFF7FFFD98B30023A4F84A30656730
:103E1000204601F013FC052384F8403094F8342048
:103E2000AB687BB393F83410914213D25A68BAB995
:103E3000C4E900325C60AC602BE055E8003F5A1EDC
:103E400045E800210029F8D1BFF35B8F002BDBDDB3
:103E5000002028E01B68E4E7C4E90032146017E0A2
:103E6000C4E9003214605C6013E0B8F1000FEFD0D9
:103E7000AB68226B002B0CBF00234FF000431343B1
:103E80002B60E5E7EA68002AE6D1C4E90033AC60BC
:103E9000EC60EFF305830BB9022000DFB4F94A00B0
:103EA0000028E2D04042F6B286F3118892E700BFC4
:103EB000600E0020FEFFFF7F2DE9F34107460C4610
:103EC000EFF31186802383F31188FEF759FB054633
:103ED000C8B1FCB1114B1D68FFF7EDF8241805F1CE
:103EE000500841F100030E490195621C009143F115
:103EF0000003404600F082FE3846FEF71DFB0546F3
:103F0000404600F0D7FEF6B286F31188284602B08C
:103F1000BDE8F0816FF06D05F5E700BF600E002091
:103F2000253F000810B5EFF31184802282F3118839
:103F300090F84030052B02D16E2100F0A6F8E4B2D3
:103F400084F3118810BD000070B5027902F00402FC
:103F5000EFF31185802383F31188D2B1BFF35B8F18
:103F600050E8003F43F0004140E80014002CF7D136
:103F7000BFF35B8F002B20DB26496FF0004293429A
:103F80000CBF13460B4603600020EDB285F3118889
:103F900070BD03686FF000418B4237D0BFF35B8F79
:103FA0005E1C50E8004F9C4204BF40E8006CBCF12E
:103FB000000F2346F0D1002CE6DA8468002CE3D011
:103FC00021680023F9B9C0E90233C4E9003342B1E2
:103FD0008368226B002B0CBF00234FF00043134378
:103FE000036004F1500000F065FE00236367204683
:103FF00001F09AFA0028C7D0EFF30583002BC3D154
:10400000022000DFC0E781604B60DEE76FF04A000E
:10401000BBE700BFFEFFFF7F70B504460D46FFF70C
:1040200039FDEFF31186802383F3118823795B0731
:1040300017D54FF0FF332360A3684BB12046FEF73E
:10404000C1FAF6B286F31188FFF732FD002070BD89
:104050006FF000432360F4E72046FEF7B3FA013D1A
:104060002DB22368002B01DA002DF5DC2368002B2C
:10407000E7DBBFF35B8F54E8002F9A4204BF44E8AC
:10408000005100291346DCD0F1E738B5436F1A79A7
:1040900012F0040203D0042921D07D291FD0D0E9D9
:1040A0000045EDB99C60ECB9DD600024C0E9004436
:1040B00052B9BFF35B8F53E8002F013243E800256C
:1040C000002DF8D1BFF35B8F4467A0F84A1001F0D0
:1040D0002BFA20B1EFF305830BB9022000DF38BDC6
:1040E0002C60E0E76560E0E770B50446002500F16C
:1040F0001006636AAB4200DC70BD3046FEF762FA20
:104100000135F6E738B50446FEF716FA256A00F0E1
:1041100017FC854208D004F11005A36A002B0BDCC4
:10412000E36A0133E36202E0A36A0133A36220463B
:10413000BDE83840FEF746BA636A01336362204641
:10414000FEF740FA2846FEF7F7F92046FEF7F4F9A5
:10415000636A013B6362E0E738B50446FEF7ECF9B9
:10416000256A00F0EDFB85420BD1A36A013B002BD1
:10417000A3620BDC4FF0FF3323622046FFF7B4FF4E
:1041800004E0E36A013B002BE362F6DD2046BDE874
:104190003840FEF717BA70B5044600F0D1FB05466B
:1041A0002046FEF7C9F904F11006E36A002B0DDC86
:1041B000A36A002B07DC0133A36225622046BDE819
:1041C0007040FEF7FFB9226AAA42F4D0636A013355
:1041D00063622046FEF7F6F93046FEF7ADF9204659
:1041E000FEF7AAF9636A013B6362DEE710B5044695
:1041F000FEF7A2F9A36A013B002BA36205DC4FF096
:10420000FF3323622046FFF76FFF2046BDE81040D2
:10421000FEF7D8B9F0B53348334E344C3449354AFB
:10422000354F0023C6E90033C4E90033C0E9003349
:10423000C1E90033C2E900334FF0040E3568BC46D3
:1042400047F81C3B002D3DD1C6F800C0BEF1010E61
:10425000C6F804C0F2D1294B0426F446256883F839
:104260001CC01F4643F820CB85BB2760013E67601A
:10427000F4D1234C08234FF0020C076884F81CC0CB
:10428000254644F8206B27BB0560013B4560F4D10F
:104290001C4C04200E682375254644F8183BDEB9F3
:1042A0000D6001384D60F5D1174B082402251668C2
:1042B0001D75194643F8180B8EB91160013C516009
:1042C000F5D1F0BD7568C5F800C0BFE765682F601F
:1042D000CCE747683D60D8E74E683560E1E756684F
:1042E0003160EBE708170020F816002000170020C7
:1042F0001817002010170020881600202017002013
:10430000A0170020A0180020001900202DE9F3417B
:1043100005460C4609B9124B1C68A6686F4638461C
:1043200002F04CFFEFF31188802383F31188D6F855
:1043300014625EB95FFA88F888F3118897E8030081
:1043400085E80300284602B0BDE8F08173680BB130
:10435000A34203D1317A384602F00FFF3668E8E70E
:10436000600E00202DE9F3410E46154618B112B13A
:10437000026B002A04DC0020307002B0BDE8F0813E
:10438000426C02F00302012A0AD1D0F8AC2000925C
:10439000C36B104A2946304602F055FF04460CE034
:1043A00001F00AFB0028F9D0DFF82C800746002432
:1043B00057F8043F0BB1AC4204D3681EA04228BF9B
:1043C0002046DAE7291B3019424602F03CFF04443C
:1043D000EEE700BF1C010108230101082DE9F041AF
:1043E000064686B0A8200D4617469846FEF788FC7C
:1043F0000446F8B145F400450023456404930F9B3F
:1044000003930E9B02930D9B01930C9B00933A46E2
:104410004346314600F012F8051E06DA2046FEF744
:1044200053FC284606B0BDE8F0812046256B00F01D
:10443000B4F9F6E76FF00B05F3E700002DE9F34759
:1044400090F84460DDF828A088463146054691463C
:104450001F4600F065FE041E48DB284600F081FA86
:104460000D99A86800F034FD041E06F0030617DB62
:104470000E990122284600F035FF041E10DBBFB163
:1044800052463946284602F000F9041E09DB0B9B10
:10449000184A00964946284600F078F9041E16DAB4
:1044A0006FB1284600F05AFA284600F09FFE1DE042
:1044B00032465146284602F015F8041EE7DAEB6E44
:1044C000002BEED03146284602F056F8E9E72846A0
:1044D00000F07CFB041EE3DB0C9A4146284600F00A
:1044E000DFF8041EDCDB284600F054FE204602B054
:1044F000BDE8F087C9470008D0E9003262B9074932
:104500000B6003B9054B5A60416C0023C0E90033CE
:1045100001F0030101F0CCB81360F2E7400E002077
:104520002DE9F74F1E46594BDFF864811F68594D3E
:10453000CDE900120446EFF31182802383F3118842
:10454000D8F80030D5F80090DFF84CB101330021E5
:10455000DBF8000081421ADBD2B282F31188DBF86B
:104560000000C000FEF7CCFB0146002800F08B8065
:10457000EFF31182802383F31188D5F800A0D14591
:1045800058D0D2B282F31188FEF79EFBD3E7DBF856
:104590000000012B00F1FF3CB8BF01230CEA030C23
:1045A00009EB8C0059F82CA0BAF1000F3FD1046040
:1045B000D2B22363C8F8003082F31188019B9DF8C2
:1045C00030209DF8001084F83410C4E90E36636C76
:1045D00084F8351002F0030223F01B03134343F069
:1045E000080363641423E364D7E9230104F18C0313
:1045F00083E8030084F840A0204601F0DFFEEFF3DB
:104600001182802383F31188244BC4F804A0196815
:1046100021601968A1BBC3E90044042384F8403039
:10462000D3B283F31188002003B0BDE8F08F0133CB
:1046300001318DE7DBF800305B00CBF80030DFF8AC
:1046400058B04FF0000CDBF8003003EBD373BCEB39
:10465000630F05DB2960D2B282F31188484693E7E5
:104660005AF82CE0BEF1000F07D0DBF80000DEF8AE
:1046700030300138034041F823E00CF1010CE2E74F
:104680004C601C60C9E76FF00B00CDE7600E0020A6
:10469000480E00205C0E00204C0E0020400E002032
:1046A000394B2DE9F74F002914BF8B469B468146B5
:1046B0005846154602F0C6FE00F1010A002D46D10B
:1046C0002F46B91C4FEA810848460AEB810101F0E8
:1046D000C1FF0646002853D08044C0F800805846E9
:1046E00002F0B0FE5246431C594640460093FEF786
:1046F000A0FA009B043D08EB0304AAEB030A4FF069
:10470000000B3346BB4525D1002448F8044C4846ED
:1047100001F050F9066113E002F094FED9F8683018
:104720000130824453450FD90137B7F5807FC8BFA8
:104730006FF0060455F827000028EDD1002CC0D0FA
:10474000204603B0BDE8F08F6FF02304F2E70024A9
:104750002746EFE743F8044F55F8040F019302F0A2
:1047600071FE5246431C296800932046FEF761FA09
:10477000009B0BF1010B1C44AAEB030A019BC1E750
:104780006FF00B04DCE700BF2701010810B49DF8AF
:104790000440019410BCFFF7C3BE38B50546EFF3E3
:1047A0001184802383F3118800F056FF284600F01F
:1047B000BBFE20B1EFF305830BB9022000DFE4B2AA
:1047C00084F3118838BD000038B50E4B1D686B6C42
:1047D000284603F0030401F0EFF80246002012B16E
:1047E00052F8203033B9022CEB6B05D111469847B3
:1047F00000F0BEF80130F2E70146184602F0B2FCC4
:104800000120F5E7600E002037B50B789A060546C3
:104810000C4608D5FFF7F6F828B100F18C03D4E96F
:10482000010183E80300207800F0080310F0040081
:1048300014D0627801923BB1A17801AA284601F018
:1048400071F8002003B030BD01A9284600F062FFD6
:104850000028F7D123781B07F3D5EDE7002BF0D024
:1048600001A901F029F8F3E72DE9F04106460D46CC
:1048700000240DB1002C02DA2046BDE8F0812B792E
:10488000022B0BD0032B12D0012B2FD13046FFF778
:10489000A9F8A968FDF71AFD2D68EAE73046FFF789
:1048A000A1F8D5E90212FDF7FAFC0446F4E7304618
:1048B000FFF798F8A9680746FDF708FDD5E9032337
:1048C00005F11401384602F075F9041EE4DBAA680C
:1048D00094420ED021463846FDF7E1FC214600EA1D
:1048E000E0783846FDF7F2FC4446D5E76FF0150452
:1048F000D2E70024D0E710B54FF0FF33D8B15C1CED
:1049000004D0002BD4BF0020012010BD0479022C5C
:1049100005D0032C01D0012C09D1836803E0836802
:104920008B4206D0C3685B1A18BF4FF0FF33006894
:10493000E4E70123FBE7591C08BF82F00103E0E72D
:10494000054B186838B190F84030032B01D1006B4B
:1049500070476FF002007047600E00201C30FFF7B8
:10496000F7B90022C0E9042211461C30FDF7C2BD90
:1049700008B50D4B1C68636C03F00303022BC5B232
:1049800002D0204600F0F2FCEFF31183802383F382
:104990001188636C43F4807320466364294601F0F8
:1049A00005F9284601F0C6FD600E00202DE9F04F04
:1049B000814689B08A461D46174602B1176835B34D
:1049C000D5E903B86C78139B13B900F079FA13900A
:1049D000A820FEF795F90646002838D04FF400428B
:1049E0004264129A139B0393CDE901A204972246D5
:1049F000CDF800B043464946FFF720FD041E11DA0A
:104A00003046FEF761F9204609B0BDE8F08F07A9EE
:104A1000284600F051FF041EF5DB079CA8464FF422
:104A2000006BD0E7376B4DB129463846FFF7ECFEF7
:104A3000041E03DA3046FFF75FFDE4E73046FFF778
:104A4000ACFE002F14BF3C464FF0FF34DBE76FF0A5
:104A50000B04D8E70C4A0D4B002030B50421106040
:104A60000124506015681C7218604DB9136001393B
:104A7000536003F15003F5D1054B1960596030BD07
:104A800055682B60F3E700BFC8190020D01900203B
:104A9000C0190020F8B58446EFF31186802383F314
:104AA00011881F4900250B6828462C462BB9F2B205
:104AB00082F311881C4650BBF8BDDA68D3F800E0D9
:104AC000624520D10A683AB19A420BD1C1F800E0A0
:104AD0004A689A4200D14C601C60B0B12B601D4600
:104AE0007346E3E717689F4209D10F683FB14F68EB
:104AF000BB4215BF1F684A60176014601C601268D3
:104B0000002AEFD1E8E72B46E9E71846E7E7066811
:104B1000854214BF0460002500F004F83046CAE75F
:104B2000C019002070B50446002847D0437A012BF5
:104B300003D9013B4372012070BD283000F0BAF860
:104B4000EFF31181802383F311881E4A1368E3B1C8
:104B50009C4211D000201D68AC4209D116683EB1BC
:104B60005668B44215BF266853601E6018602860FE
:104B70001B68002BEFD108E02368136053689C4248
:104B80004FF000030CBF53602360207A10F0010542
:104B9000CAB20DD0002323600B4B196829B91C60E1
:104BA0005C6082F311880020C6E759680C60F7E763
:104BB00082F311882046FEF787F8F4E76FF01500BE
:104BC000BAE700BFC0190020C819002010B518218D
:104BD000044601F03FFD68B1D4E91B239B1AC38052
:104BE000A368D3F808320360236BC360002303611A
:104BF000184610BD6FF00B00FBE70000F0B5059FF5
:104C000058B357B3EFF31184802181F31188C16841
:104C100021B1D0E90051696005680D60DFF840C03E
:104C2000DCF8001061450FD14D68C0E900154D68F2
:104C3000286048600699C760C0E904238160E3B238
:104C400083F311880020F0BDD1E90465961B63EB66
:104C50000505002DE8DB0968E4E76FF01500F2E7D1
:104C6000E40000202DE9F04104460E46EFF31185E3
:104C7000802383F311880E4F4FF000083B68BB423E
:104C800004D1EDB285F31188BDE8F081D3E90412B7
:104C9000611A66EB0202002AF3DBD3E900124A60D4
:104CA00019681160DA689868C3F80C809047E5E7E6
:104CB000E4000020A8B1EFF31182802383F3118870
:104CC000C3685BB1D0E900134B6001681960002331
:104CD000C3601846D3B283F3118870476FF0150094
:104CE000F8E76FF01500704738B506220446052135
:104CF00040F2E47002F0D7FB054D0346A3FB0532FA
:104D0000002005FB0122C4E90032A06038BD00BFCD
:104D100080510100F0B585B001F0C4FB6846FEF794
:104D2000CDF9EFF31185802383F31188154C2046CC
:104D3000FFF7DAFFD4E9003200990298DFF848C0A3
:104D40005B1A019962EB0102A168C4E90032091AF9
:104D5000A16000261846013B174662F100020029B7
:104D60000CDB16B1C4E90007A160EDB285F3118830
:104D70000449002000F00AF805B0F0BD61440126A6
:104D8000E8E700BF101B002000CA9A3BF8B50E4FA1
:104D90003B6805460E46B3B1EFF31184802383F3DD
:104DA0001188FEF777FE386830B9E4B284F31188D1
:104DB000BDE8F840FEF77CBED0E900373246294610
:104DC00098473846F0E7F8BD201B002070B5174D16
:104DD000D0E90036D5E900249B1A8268A86866EB02
:104DE0000404121A08D502F16E5202F5D612013BE4
:104DF00002F5206264F10004002CB8BF00220C48C8
:104E0000B8BF13464FF06405B8BF14461044094AB2
:104E100090FBF2F2A3FB053005FB0404D31844EB2E
:104E2000E272C1E90032002070BD00BF101B0020FB
:104E30007F9698008096980082B0002242F232114C
:104E4000B0F57A7F0BD8002240F25131642811D896
:104E500000220A2818D8002200BB02B07047019235
:104E6000019B8B4202DDA0F57A70E9E7019B0133DB
:104E70000193F5E70192019B8B4201DD6438E5E780
:104E8000019B01330193F6E70192019B542B01DD55
:104E90000A38DEE7019B01330193F6E70192019B9B
:104EA000072B01DD0138D7E7019B01330193F6E7BA
:104EB00008B54FF47A735843FFF7BEFF08BD0000F2
:104EC000024B1B689B68D3F81C027047600E0020E1
:104ED0002DE9F04707460D4649B3D0F81C42002C97
:104EE00050D100F527794846FDF7E4FA55F82460DB
:104EF0004FEA840AF6B9631DC7F82442C7F8203286
:104F00007CB14FEA83084046FDF7E6FE064658B3FB
:104F10000023A8F1140840F80A30454404F1FF3A90
:104F200054B90025C7F81C624846FDF7D3FA284655
:104F3000BDE8F0870134D9E755F8040C02F082FA95
:104F400000F101084046FDF7C7FE46F82A0090B977
:104F500004F18044013C06EB840454F8045F35B945
:104F60003046FDF7B1FE2E466FF00B05DAE7284616
:104F7000FDF7AAFEF1E755F8041D4246FDF759FE7C
:104F80005446CBE70025D2E770B5D0F81C4284B177
:104F9000002054F8203063B14A1E013B12F8016F23
:104FA00013F8015FAE42F9D00EB93D2D03D00130A8
:104FB000EFE76FF0010070BD2DE9F74F8946154608
:104FC0000646002875D009B10B7833B9D5B1304603
:104FD00003B0BDE8F04F00F073B8374B1B689C6816
:104FE00004F5277A5046FDF765FAD4F81C3283B1F0
:104FF00031462046FFF7C8FF011E0ADB35B950468F
:10500000FDF768FA284603B0BDE8F08F204600F0AF
:10501000E0FE304602F016FA8346484602F012FAE5
:1050200083440BF1020B5846FDF756FE804698B3B9
:10503000D4F81C02D4F82472F0B91820FDF74CFE05
:1050400038B30623C4F81C02C4F82032D4F81C324A
:105050001A4A43F82780D4F81C3203EB8703002553
:1050600001375D605946C4F824723346CDF800908C
:10507000404602F0E8F8C2E7D4F82032013BBB42D8
:10508000E4DCBD1DA90002F04BFB10B1C4E98705AB
:10509000DCE74046FDF718FE5046FDF71BFA0C24EE
:1050A000EFF3058313B9FDF7D9F904604FF0FF352D
:1050B000A8E71624F4E700BF600E002030010108C5
:1050C00070B5164B1B6804469D6828B9EFF305833D
:1050D000F3B14FF0FF3070BD0378002BF6D03D21C7
:1050E00002F09BF90028F1D105F527763046FDF74F
:1050F000E1F945B121462846FFF746FF011E02DBD4
:10510000284600F066FE3046FDF7E4F90020E2E7AD
:10511000FDF7A4F916230360DBE700BF600E002053
:1051200001F00301022970B5064616D1184C8460BF
:10513000D4F808324BBB0025C4E9035504F50B70C5
:10514000B460FCF727FF204600F0BAFD061E0EDA19
:105150002046FDF7B9FD304670BD4FF42C70FDF7C9
:10516000CFFD04460028E6D16FF00B06F3E7C4F844
:10517000AC5204F52770FDF77BF9C4E90B552A46BC
:10518000294604F11800FDF7B5F90026E3E700BF52
:10519000281B002070B58468002684F89862416C52
:1051A0000546C1F3400104F51E7002F076FAEE6088
:1051B000E26805F10C0362B9E3602361064B9C428F
:1051C0001CBF2B6B2360D4F808322268C3F8D021AF
:1051D00070BD22691360F0E7281B0020027D22B910
:1051E000037A5B0701D5FDF76FBD7047F8B584689A
:1051F0000546002C54D0426C02F00202EFF31181FC
:10520000802383F31188E368002B4FD00C30834256
:1052100011D000261F68874209D1E7683FB127698E
:10522000B84215BFEF6823611F601E60EE601B6807
:10523000002BEFD108E0E868E060206998424FF069
:1052400000030CBF2361EB605AB30023C9B281F3A2
:1052500011881BB304F52770FEF77AFD0028A4BF60
:105260000023C4F8AC32204600F065FD204600F073
:10527000E7FB204600F04DF904F50B70FDF742F80E
:10528000204600F08DFD04F51E7002F011FA237A1D
:1052900043F0040323722046FFF7A0FF0023AB6016
:1052A000F8BDE368002BD0D10123CFE7002AFBD063
:1052B000CBE7000010B50A48032101F089FC041E69
:1052C00008D1012101F0CEFA0221204601F0CAFAEC
:1052D000204610BD01DDFDF76FF86FF01604F7E70B
:1052E0009CFC000838B51346134A126804460D4664
:1052F0008168906888420ED0626C02F00302022A34
:1053000017D02A4601F50B7100F50B70FCF74EFF24
:10531000002801DA38BD0020002DFBD0636C03F0BB
:105320000303022BF6D029462046BDE83840FFF79C
:105330009BBA0020EEE700BF600E0020814210B54E
:1053400004460DD0FEF75EFB50B1436C43F40052AF
:1053500003F00303012B4264204603D100F022F83E
:10536000002010BD00F0F6FBFAE7000010B58368DE
:105370001B7A1B0712D4EFF31184802383F3118867
:1053800082680749137A43F008031372026B80683E
:1053900000F05AFDE4B284F3118810BD0020FCE750
:1053A0003D53000870B5054608B9032070BDFEF7EF
:1053B00029FB06460028F8D0436C13F48074F4D11E
:1053C00000F038FC88B90A4B1B68B34203D14FF098
:1053D000FF3001F07DFE28464FF0FF3100F00AF863
:1053E0002846BDE8704000F040BC2046DEE700BF24
:1053F000600E00202DE9F3410F460546FEF702FB43
:105400008668044606F527763046FDF753F820698E
:1054100000282BD005684FF00008226952B1824263
:1054200011D102682261626982420CBFC4F8148003
:10543000C0F8008047610430FDF7C4F8002D31D07A
:1054400028462D68E9E7116881420BD1216949B1ED
:105450006169814215BF016862611160C2F8008014
:10546000C0F800801268002AEDD1E3E7A068C368A5
:105470000BB11B68B3B1636CDB0413D42946012361
:1054800001AA00F011F8054608B9019B9F60636C02
:1054900043F4804363643046FDF71CF8284602B0AD
:1054A000BDE8F0810025F2E72DE9F843054600F557
:1054B000277630460F4690469946FCF7FBFFEC6A8C
:1054C0003CB121686368BB4217D011B10C46096832
:1054D000F8E73046FCF7FEFFB9F1000F15D00C20BD
:1054E000FDF70EFC044690B147603046FCF7E2FF42
:1054F000EB6A236003B92C63EC623046FCF7EAFFE9
:10550000C8F800400020BDE8F8831620FBE70C2017
:10551000F9E710B5C06A30B10468FDF7D5FB14B1E6
:1055200020462468F9E710BD10B52C4A90F83410D5
:105530001368B3F94840002C1EDD93F834408C42C8
:105540001AD2274A13686BB393F834408C4206D2C0
:10555000596851B9C0E900315860106029E01B68F2
:10556000F1E7C0E90031086022E0C0E900310860DD
:1055700058601EE01B680BB393F834408C42F9D29C
:10558000596851B9C0E90031586010601DE0C0E9A8
:1055900000310860506002230CE0C0E9003108606F
:1055A0005860F8E751680029DBD1C0E9003310608A
:1055B0005060012380F8403000200EE0516800293F
:1055C000E5D1C0E90033C2E90000032380F8403090
:1055D0000368022283F84020012010BD600E0020E5
:1055E000540E002010B5144A90F84010034602EB08
:1055F000C10052F831400079020744BF5A6FA41825
:105600005A689AB910F0040004D01A68032182F88D
:1056100040100120D3E9002151B9226052B96160E4
:105620000022C3E9002283F8402010BD0020F1E7EA
:105630000A60F3E75160F3E76C0E002008B5FFF74E
:10564000D1FF044B1B681BB1BDE80840FEF74CBB03
:1056500008BD00BF540E0020D0E9003230B50ABBAF
:1056600090F84050114951F8354001EBC5010979D6
:10567000090744BF416F64182360ABB990F84040FC
:105680000A4B53F8341003EBC4031B791B0744BFC8
:10569000436FC9184A600023C0E90033436780F8AC
:1056A000403030BD1360E8E75A60F4E76C0E00202C
:1056B00038B50D46044638B3006BFFF7EBF9216BA4
:1056C00081B1EFF31182802383F311880F4B1B68A4
:1056D000013B0B400E490968002041F82300D3B27A
:1056E00083F31188E36E1BB12946204600F044FF86
:1056F0002046FFF77BFD2046FFF730F9636C1B0463
:1057000002D52046FDF7E0FA002038BD4C0E0020FF
:105710005C0E002038B504460D46B1B1FEF7BAF96B
:105720000B4B186834B1036BA34203D02046FEF73D
:1057300069F938B1296800F01DF80446FEF7B8F998
:10574000204638BD6FF00204F8E76FF01504F7E764
:10575000600E002010B5FFF7DDFF041E08DAEFF33E
:1057600005831BB9FCF77AFE644204604FF0FF34F6
:10577000204610BD2DE9F8434B1EFE2B04460E4675
:105780007AD8EFF31188802383F3118890F8405082
:10579000022D30D0032D3DD10568002D00F083800F
:1057A00095F8343099427EDC404B1B68B3F94830A1
:1057B000002B20DD3E4F4FF001092846FFF712FF76
:1057C00095F834203B68002B5FD093F83410914259
:1057D00006D25A6852B9C5E900325D603D605BE0AF
:1057E0001B68F0E7C5E90032156054E0C5E90032F6
:1057F00015605D6050E000F0E3F820B1EFF3058341
:105800000BB9022000DF5FFA88F888F311880020C6
:10581000BDE8F883274B03EBC50253F83530127906
:10582000110744BF416F5B18D207F6B23BD5D0E9F0
:10583000002098B91A609AB958600022C4E9002281
:1058400084F834601A68D2B192F83410B14209D2A7
:10585000516861B9226054601C60D4E70260EAE7D5
:105860005060EAE71268EEE7626014600BE0C4E99A
:1058700000210C605460C6E76FF01500C8E75A6855
:10588000002AF1D11C605C60BDE77A68002AA9D1CA
:10589000C5E900333D607D6085F84090256895F846
:1058A00034309E4289DB84F83460ACE7600E00201F
:1058B000540E00206C0E002038B50C46E9B1104A99
:1058C000126810B1116B814204D192F83430236018
:1058D000002038BDEFF31185802383F31188FEF794
:1058E00091F838B190F8343023600020EDB285F3A0
:1058F0001188EEE76FF00200F8E76FF01500E8E7B7
:10590000600E002010B5FFF7D7FF041E08DAEFF392
:1059100005831BB9FCF7A2FD644204604FF0FF341D
:10592000204610BD70B50D461646E0B91A4B1C68EE
:10593000FEF7B0F84CB3022D2AD83368013BFE2B9A
:1059400026D8EFF31182802383F31188636C012D35
:1059500023F0180363640AD0E9070AD443F008036C
:105960006364142304E0FEF74DF80446E0E70023E7
:10597000E364D3B283F3118820463168FFF7FAFE5F
:105980000446FEF795F8204670BD6FF00204F8E774
:105990006FF01504F5E700BF600E002008B5044B5A
:1059A000186890F83410FFF7E5FEC01708BD00BF77
:1059B000600E0020C06E7047C36E1869704700000B
:1059C00070B505460E46FFF70DFE85F834600446B7
:1059D0002846FFF7A9FD84EA00058442EDB204D011
:1059E000034B1B680BB1FEF77FF9284670BD00BF63
:1059F000540E002070B504460026E56F4DB12B68AB
:105A0000E3670BB9C4F880302E60284600F04EF8EA
:105A1000F3E7D4F8840048B10368C4F884300BB9C4
:105A2000C4F88830056000F041F8F2E704F18C001A
:105A300001F0C9FB04F19400BDE8704001F0BEBB69
:105A4000F8B50446EFF311838026DBB286F31188A4
:105A50000027D4F80C52A5B98026D4F8140210B34C
:105A60000268C4F814220AB9C4F81822056083F346
:105A7000118800F045F8EFF31183DBB286F311884B
:105A8000EBE72A68C4F80C220AB9C4F810222F6088
:105A900083F31188284600F031FAEFF31183DBB26B
:105AA00086F31188D5E783F31188F8BD027F03469A
:105AB00072B9EFF31181802080F311881A600E4AC9
:105AC000106880B913605360CBB283F311887047BC
:105AD000022A0BD1EFF31181802282F31188002278
:105AE0000260064AECE750680360ECE7012A01D146
:105AF000FDF7EAB8704700BF001700200817002024
:105B0000027D034672B9EFF31181802080F3118882
:105B10001A600E4A106880B913605360CBB283F3E9
:105B200011887047022A0BD1EFF31181802282F392
:105B3000118800220260064AECE750680360ECE737
:105B4000012A01D1FDF7C0B8704700BF1817002027
:105B50001017002038B5144B04461D6800B92C6B93
:105B60002046FDF74FFFB8B16B6C03F00303022B27
:105B700004D0436C03F00303022B10D02B6BA34221
:105B800002D10020FEF7F4FE00F054F850B9204690
:105B9000BDE8384000F069B86FF0020038BD6FF022
:105BA0000C00FBE70020F9E7600E002037B5054642
:105BB0000C4600F02DF8FDF76DFFAB6853B9FDF70B
:105BC00077FF2846FFF712FB284603B0BDE83040B8
:105BD000FFF710BF6A6C02F00302012A03D09A6A31
:105BE0000AB124021460DA68002AE8D01268002A98
:105BF000E5D19A625A7503F1180401A92046FCF711
:105C00008EFC019B002BDADA2046FCF7DBFCF4E784
:105C100010B50446FFF7CEFE01F065FA04F150001E
:105C2000FFF748F8204600F031F92046BDE8104063
:105C300000F01CB910B50446FFF7BCFE0246EFF3B6
:105C40001181802383F31188636C9B040BD4037947
:105C500013F0010003D043F0040313710120CBB211
:105C600083F3118810BD0020F9E7F8B5EFF3118533
:105C7000802383F31188FDF7C5FEEDB20446D0B151
:105C8000436C13F4807616D143F4807390F840701F
:105C90004364FFF7A7FC84F8407031462046FFF7C5
:105CA00085FF85F31188616C204601F00301BDE892
:105CB000F840FFF7FDBC85F311886FF00200F8BDD6
:105CC0002DE9F041044600F134052846FCF7D0FBED
:105CD000C4F8085204F160000025FCF7C9FBC4E9D0
:105CE0007F55A8460C272E46C4F8848004F1740022
:105CF000FCF7BEFB04F1AC03002D04F1EC02C4F888
:105D0000985005F10105C4E92823C4F89C30C4F873
:105D1000A83014BF02230123032DC4E92266C4E97D
:105D2000246684F8EE70A4F8EC3004F18404DBD12E
:105D30000020BDE8F08170B5D0F8084204F12C00D5
:105D4000FEF706F804F14000FEF702F80028A4BFB1
:105D50000023236504F1C400FDF7FAFF0028A4BF67
:105D60000023C4F8D43004F5A470FDF7F1FFD4F893
:105D7000C8510028A4BF0023C4F8583125B92046D3
:105D8000BDE87040FDF7E4BF2E68281DFDF7E0FF79
:105D90002846FCF799FF002EF1D035463668F4E727
:105DA00038B5D0F81C3204468BB90023C4E98733D8
:105DB000C4F8243238BDFCF787FFD4F81C32585998
:105DC00004350028F7D11846FCF77EFFEDE70025E3
:105DD000F3E738B5D0F81C32044653F821000D46DD
:105DE000FCF772FFD4F82432D4F81C22013BAB42FA
:105DF000C4F824321FBF52F8233042F82530D4F8BB
:105E00002422D4F81C320BBF0021002142F82310B9
:105E100043F82210D4F8245235B9D4F81C02FCF708
:105E200053FFC4E9875538BDD4F82032073B9D4263
:105E3000F9DA691DC4F82012D4F81C02890001F0B7
:105E40006FFCC4F81C02EEE770B5C3680D46164639
:105E50000BB9002070BD1C68586A3146A84700285D
:105E6000F8D1002CF5D023462468F5E790F84020BF
:105E7000436F072A03D15A8A013A5A827047082A87
:105E800002BF1A8A02F1FF321A82704710B5EFF38F
:105E90001184802383F3118890F84030052B1AD1A8
:105EA000D0E90021436FD1B99A60D2B9D9600022FC
:105EB000C0E900221A79520715D59A685AB9BFF37A
:105EC0005B8F53E8002F22F0004243E800210029B5
:105ED000F7D1BFF35B8FE3B283F3118810BD0A6083
:105EE000E3E75160E3E7BFF35B8F53E8002F013234
:105EF00043E800210029ECD0F7E700000D4B984261
:105F000015D37033984212D2EFF31182802383F3BA
:105F1000118800230360084B196829B9186058607C
:105F2000D2B282F31188704759680860F7E7FCF72E
:105F3000CBBE00BF88160020F816002068B1EFF332
:105F40001183802282F31188D0F80C0210B1027EF6
:105F50008A4203D1DBB283F3118870470068F5E70A
:105F600000F004B800F000B8002070470148FAF7CC
:105F7000F3B900BF2D090500012805DC002805DB69
:105F800003480021FAF7D2B90728F9D0704700BFBB
:105F90002D090500072803D102480121FAF7C6B9E7
:105FA000704700BF2D09050037B504460D46002097
:105FB00001A9FFF7A7FC019B642B05D0642301A96D
:105FC00000200193FFF7C6FB02F0EBFA29462046BA
:105FD00002F010FB03490246022001F04CF90120B7
:105FE00003B030BD360101087BB972B90029BEBFCC
:105FF00000204FF0004106E008BF00281CBF6FF0F2
:1060000000414FF0FF3000F0BFB9ADF1080C6DE971
:1060100004CE002909DB002B1ADB00F04DF8DDF877
:1060200004E0DDE9022304B07047404261EB410126
:10603000002B1BDB00F040F8DDF804E0DDE9022373
:1060400004B0404261EB4101524263EB43037047AD
:10605000524263EB430300F02FF8DDF804E0DDE982
:10606000022304B0404261EB41017047524263EBAE
:10607000430300F021F8DDF804E0DDE9022304B079
:10608000524263EB4303704753B94AB9002908BF32
:1060900000281CBF4FF0FF314FF0FF3000F074B903
:1060A000ADF1080C6DE904CE00F006F8DDF804E06F
:1060B000DDE9022304B070472DE9F047089E0D4644
:1060C00004468846002B4DD18A42944668D9B2FADC
:1060D00082F252B101FA02F3C2F1200120FA01F179
:1060E0000CFA02FC41EA030894404FEA1C45210CDB
:1060F000B8FBF5FE1FFA8CF705FB1E8341EA03434C
:106100000EFB07F199420BD91CEB03030EF1FF3094
:1061100080F01E81994240F21B81AEF1020E634471
:106120005B1AA4B2B3FBF5F005FB103344EA034459
:1061300000FB07F7A7420AD91CEB040400F1FF3368
:1061400080F00881A74240F2058164440238E41BD4
:1061500040EA0E4000211EB1D4400023C6E90043AE
:10616000BDE8F0878B4208D9002E00F0EE800021B8
:10617000C6E900050846BDE8F087B3FA83F10029B7
:106180004AD1AB4202D3824200F2F980841A65EB15
:10619000030301209846002EE2D0C6E90048DFE75D
:1061A00002B9FFDEB2FA82F2002A40F09180A1EB40
:1061B0000C054FEA1C471FFA8CFE0121B5FBF7F3D3
:1061C00007FB1350250C45EA00450EFB03F0A842DF
:1061D00008D91CEB050503F1FF3802D2A84200F2F2
:1061E000CB8043462D1AA4B2B5FBF7F007FB105540
:1061F00044EA05440EFB00FEA64508D91CEB040446
:1062000000F1FF3502D2A64500F2BB802846A4EB80
:106210000E0440EA03409EE7C1F120078B4022FABA
:1062200007FC4CEA030C20FA07F405FA01F31C43BF
:10623000FD404FEA1C4900FA01F3B5FBF9F8200CC8
:106240001FFA8CFE09FB185540EA054508FB0EF0C5
:10625000A84202FA01F20BD91CEB050508F1FF3A3E
:1062600080F08880A84240F28580A8F10208654449
:106270002D1AA4B2B5FBF9F009FB105544EA054507
:1062800000FB0EFEAE4508D91CEB050500F1FF34FE
:106290006CD2AE456AD90238654440EA0840A0FB9A
:1062A0000294A5EB0E05A542C846A64656D353D088
:1062B0005EB1B3EB080265EB0E0505FA07F722FAAB
:1062C00001F3CD401F43C6E900750021BDE8F0870A
:1062D000C2F1200320FA03F10CFA02FC25FA03F3C1
:1062E00095400D434FEA1C471FFA8CFEB3FBF7F1B4
:1062F00007FB11302B0C43EA004301FB0EF09842E0
:1063000004FA02F408D91CEB030301F1FF382FD281
:1063100098422DD9023963441B1AADB2B3FBF7F092
:1063200007FB103345EA034500FB0EF3AB4208D9E7
:106330001CEB050500F1FF3816D2AB4214D9023828
:106340006544ED1A40EA014138E73146304607E737
:106350008646E5E61846FAE64B45A9D2B9EB0208AF
:1063600064EB0C0E0138A3E74046EAE7204694E7C9
:106370004146D1E7D0467BE7023B654432E7084619
:1063800009E76444023842E7704700BF0063416395
:106390008263C363C0F840C0C0F844E0C0F848E07E
:1063A000EFF30381C1646A46EFF31183A0E8FC0FA9
:1063B0004FF0FF3102C04FF00000704738B5036B5B
:1063C00000250446C0F8A050C0F8A4504BB91B4BA0
:1063D0001B68A3F58063C0E91B334FF480638366B9
:1063E00038BD806EA0F15003206F18442946C4F8D0
:1063F000A4005022FCF753FC236FA16ED4F8A42014
:106400000B441360A36BD4F8A42023F0010393641E
:10641000D4F8A4304FF08072DA64D4F8A4306FF06E
:106420000202DA62EFF31483D4F8A42023F001030C
:106430009362D4F8A4305D60D2E700BF88FC000806
:1064400008B5002000F08AF8002300F500606B46D4
:1064500083F30988BFF36F8FEFF3148343F00203D4
:1064600083F31488BFF36F8F80F30888BFF36F8FB7
:1064700008BD000038B5054601200C46FFF77CFD3D
:10648000044B1B682B60C3F1005303F500332360FA
:1064900038BD00BF88FC000808B501F0D9FB00201A
:1064A00008BD000010B54FF0E0240B49D4F8203DA2
:1064B00023F07F4343F00043C4F8203D074B636162
:1064C00000220F20FCF786FF07232361BDE8104060
:1064D0000F20FAF7E3BB00BF99640008FFA50E0088
:1064E00030BF704738B5C36E0D4604461146A3B998
:1064F0002846FCF7F1FBE066E36EBBB11D4425F0D6
:1065000007052367ED1A636CA56643F40073032047
:106510006364FFF731FD002038BD836EAB42EBD0E2
:1065200000F02AF8E36E002BE6D1E1E74FF0FF30F0
:10653000F2E7000008B501F02DFC054B1A68054B89
:1065400001201A6000DF0021034A084600F020FD08
:10655000600E0020680E002014FD000800487047FF
:106560007805002008B5FFF76BFFFAF7BFF9BDE823
:1065700008400220FFF700BD10B50446C06E20B1F0
:10658000636C9B0501D5FCF79FFB636C23F40073E0
:1065900063640023C4E91B33A36610BD1FB5044622
:1065A00018B9244B1B68D3F8A440236B626BA16B12
:1065B000E06B0092CDE901101F4A2049012000F054
:1065C00065FFA368E268216960690092CDE9011066
:1065D000194A1B49012000F059FFA369E269216AA9
:1065E000606A0092CDE90110134A1649012000F0BB
:1065F0004DFF236C2268616CA06C0092CDE9011004
:106600000D4A1149012000F041FFE36C6268EFF38D
:1066100014810120CDE90021074A0C4900F036FF22
:10662000E36A054A0A49012004B0BDE8104000F0C1
:106630002DBF00BF680E00205B0201085D0101084C
:106640008B010108B9010108E701010815020108E1
:106650004402010838B5C36ECD1D044625F0070578
:106660007BB1836EAB420ED9036F2A4618460021D8
:10667000FCF715FB226F2A442267A26E521B0346C9
:10668000A266184638BD0023FBE770B5C36E054609
:106690000C46164623B1416C01F00301FFF76CFF75
:1066A000EC66E31D344423F0070324F00704E41AE6
:1066B0002B67AC66002070BD00F01EB838B50D46E3
:1066C00004462F21284600F0C5FE00B1451C28468F
:1066D00000F064FC031E09DB00F072FC40B1C368EB
:1066E000236083682361436823730023184638BD01
:1066F0006FF00103FAE70000014800F003B800BFA3
:10670000EC00002028B1044B1A68026018600020D9
:1067100070476FF015007047D81D002008B5044B76
:10672000186818B103689B6803B19847002008BD3A
:1067300004030108704708B500F07EF800F014F873
:10674000BDE8084000F032B800207047104670479E
:1067500007B5019122B10522012101A8FBF7FEFA3C
:10676000002003B05DF804FB0349044800234FF404
:10677000DB72FBF7B2B900BF780201086C020108B6
:106780001046704707B5019122B10522012101A8E9
:10679000FBF7E4FA002003B05DF804FB10B50846EF
:1067A00014460021FCF77BFA204610BD034904483B
:1067B00000234FF4DB72FBF790B900BFB40201086D
:1067C000A802010838B50D4B14461A78012A08466C
:1067D0000FD91B78082B0CD0EFF31185802383F39E
:1067E0001188214606F036FFEDB285F31188204668
:1067F00038BD214606F02EFFF9E700BF500E0020FD
:1068000038B50C4B1A78012A0C460FD91B78082B87
:106810000CD0EFF31185802383F311880846FAF733
:1068200093F8EDB285F31188204638BD2046FAF77B
:106830008BF8F9E7500E00200020704721F002018C
:10684000012908B501D1FBF77BFD002008BD000040
:1068500008B5FBF749F9BDE808400148FDF744B821
:10686000F800002038B5064B0D4604461868FDF7C1
:10687000B9F82A462146BDE83840FBF710BD00BFF5
:10688000600E0020F0B5C76816688DB005460C464E
:10689000002F00F08B807B69002B00F08D805B69FE
:1068A000002B00F0898032469847B4F5457F27DCFD
:1068B00040F209339C4205DC40F203339C4247D04E
:1068C0000DB0F0BDA4F20A340A2CF9D801A353F894
:1068D00024F000BF31690008C1680008C1680008E1
:1068E000C1680008C1680008C1680008C1680008E4
:1068F000C1680008796900087969000879690008A9
:1069000040F20F539C423DD0B4F5A26FD8D110F1A4
:10691000190FD5D17B691BB35B690BB301AA40F298
:106920000C51284698470028CADB029B3360C7E712
:1069300010B110F1190FC3D12B6836B1326822B1F2
:1069400043F040032B600020BAE723F04003F9E74F
:1069500010F1190FB4D13B8A03F00F03032B02D1BE
:106960006FF01800ACE74FF48072314638460DB036
:10697000BDE8F04000F0E6BA10F1190F08BF6FF063
:1069800025009DE710F1190F9AD17B69002BE7D004
:106990005B69002BE4D001AA40F20C5128469847CD
:1069A00000288DDBBDF90C30338089E76FF00800DB
:1069B00086E76FF0250083E7B4F5457F0CDC40F2F5
:1069C00011339C42F5DC40F203339C42C3D040F2C9
:1069D0000A339C42B0D0C3E740F20F539C42D4D05C
:1069E000B4F5A26F96D0BBE70EB470B585B009AD13
:1069F00003AA55F8046B019502A9FBF744FB041E9A
:106A000011DBB6F5437F1DD0B6F5467F1DD040F2B1
:106A10000B339E421ED1039B01221A710298FBF791
:106A20004CFB002C08DAEFF305831BB9FBF716FDCE
:106A3000644204604FF0FF34204605B0BDE870406A
:106A400003B07047039B0022E7E7039A2B68127993
:106A50001A60E3E702982A463146FFF713FF04461F
:106A6000DCE72DE9F043054689B016469846002933
:106A70006ED0500748BF109B019148BFD3F80090DB
:106A80004FF00003CDE90233CDE90433069301A8AA
:106A9000C2F3003358BF4FF4DB798DF81C3000F09F
:106AA00037FA041E28DB9DF81C30029F23B13B8A75
:106AB00003F00F03082B4ED031463846FBF72EF873
:106AC000041E14DB32052E60EF601AD505992846A6
:106AD00000F0C2F910F1150F044606D1B30706D431
:106AE0000599284600F0B8F90446002C11DA002375
:106AF000EB603846FBF738FC069868B1FCF7E4F821
:106B00000AE03B8A03F00F03032B10D17B691C685A
:106B100034B90698B0B90024204609B0BDE8F08326
:106B2000059929EA080332462846A047D2E7012BF7
:106B300001D00A2B09D17B691B68002BE9D02846BC
:106B40009847C7E7FCF7C0F8E5E76FF00504CEE724
:106B50006FF01504E0E76FF02704DDE72DE9F3415E
:106B600007460C4616469846FBF788FA0546F0B1EC
:106B700000F034FA21460346CDF80080324628461C
:106B8000FFF76FFF041E06DA2846FBF77AFA204665
:106B900002B0BDE8F0812B46002231463846FBF7B3
:106BA0001EFA041EF3DA2846FBF7F2FBECE76FF05F
:106BB0000B04ECE70CB407B504AB53F8042B0193BA
:106BC000FFF7CCFF03B05DF804EB02B070470000A4
:106BD0000EB433B505AB044653F8045B0193074B81
:106BE0001868FCF7FFFE019B2A462146FFF7B6FF17
:106BF00002B0BDE8304003B0704700BF600E002017
:106C00000EB433B505AB044653F8045B01930D4B4A
:106C10001868FCF7E7FE2146019B2A46FFF79EFF16
:106C2000041E08DAEFF305831BB9FBF717FC644277
:106C300004604FF0FF34204602B0BDE8304003B09E
:106C4000704700BF600E002008B50346104640F2B2
:106C50000332914207D11B694FF480725968FBF7E8
:106C6000E8FF002008BD40F20D5399420CBF002000
:106C70006FF01800F6E770B5056906460C462868FF
:106C8000002963D0212A61D9038A03F00F03032B63
:106C90000BD143690A465B6C29469847002851DBB3
:106CA000B3680133B36022204FE0A96800294BD0BC
:106CB00021222431601CFBF7BCFF00232370AB684A
:106CC0005A6932B11B8A03F00F03022B20D106232D
:106CD0002370AB689A680AB95B690BB90423237007
:106CE000FAF704FFAC686368AB605BB1BFF35B8F1E
:106CF0000C3353E8002F013243E800210029F8D17A
:106D0000BFF35B8FFAF7FEFE2046FBF72DFBC7E7CC
:106D1000072B01D10923DBE7032B01D10423D7E79C
:106D2000012B01D10223D3E7042B01D10323CFE7A9
:106D3000052BCDD0062B01D10723C9E70A2BC8D1DB
:106D40000123C5E7831C00D1002070BD6FF0150042
:106D5000FBE770B50469D4E900562B8A03F00F03F2
:106D6000032B0ED16B691B6CA3B1214628469847B3
:106D700004462846FBF7F8FA3046FBF7A5FF204605
:106D800070BDA06808B1FBF7EFFA2046FBF79CFF47
:106D90000024EEE71C46ECE72DE9F04306468BB0F5
:106DA00089461746002A51D1D0F810808468D8F857
:106DB00000502B8A03F00F03032B20D1A1420CDAE1
:106DC0006B699B6C2BB96FF0890420460BB0BDE852
:106DD000F0834146284698473C462746B94504DC9F
:106DE0003C46002CF1DBB460EFE76B6901AA5B6CF9
:106DF000414628469847041EE7DB0137EEE7A142EB
:106E0000B6BFAD68D8F808501446FAF76FFE0DB15A
:106E1000A14518D1D8F80870C8F808505DB1BFF383
:106E20005B8F0C3555E8003F013345E80032002AFE
:106E3000F8D1BFF35B8FFAF765FE002FD1D038464B
:106E4000FBF792FACDE76D680134E0E7012A0CBF49
:106E500084686FF01504B8E72DE9F3410746C6686A
:106E60004FF48070884600F0EBF8054600283DD0CE
:106E7000338A03F00F03032B29D17369F3B1DC6B61
:106E8000E4B15B6CD3B101AA41463046A047041E71
:106E900016DB019B1E604FF480722946304600F0DD
:106EA00051F80198164943462A460430FBF7ACFBDB
:106EB000041E019B1DDA00225A6001E06FF02504D8
:106EC000284600F0E9F8204602B0BDE8F0810C2029
:106ED000FBF716FF024630B106600190B068906083
:106EE000FBF734FAD7E7284600F0D6F86FF00B042A
:106EF000E9E70448C7E90303FBF728FAE0E700BF26
:106F0000080301080401002003695968FFF7A4BFC2
:106F100038B50546FAF7F0FD2846FAF7B7FE041E25
:106F20000CDB6B68BFF35B8F0C3353E8002F01322F
:106F300043E800210029F8D1BFF35B8FFAF7E8FDA1
:106F4000204638BD70B5044616460D46D9B110B975
:106F50000870002070BD0068FFF7F4FF0028F9DB1F
:106F6000324604F12401284600F034FAA06820B922
:106F7000238A03F00F03032BECD104493246284641
:106F800000F028FAE5E76FF01500E3E70C030108CD
:106F900008B50023FCF758FB00F092F938B5054618
:106FA0000024204600F0DCFA18B96FF001042046F6
:106FB00038BD294600F03CFA0028F8D00134F0E74B
:106FC000044B1B688342C6BF034B03EB0010002039
:106FD000704700BF381101083C11010808B500F0E6
:106FE000A7FA806A08BD000038B51522044610498A
:106FF000FBF71FFE202104F1150000F09FFA00238B
:1070000084F8343005460B49152204F13500FBF7AE
:1070100010FE0949332204F14A00FBF70AFE074932
:10702000152204F17D00FBF704FE284638BD00BFA1
:1070300040030108460301082C0100204E0301080B
:10704000B0F5807FF0B421D8124B01261D461A6896
:1070500092FAA2F1B1FA81F1C2B1012916D8BFF3B7
:107060005B8F06FA01F422EA040455E8007F974298
:1070700006D145E8004CBCF1000FF6D1BFF35B8FA1
:10708000E5D103EB01200430F0BC7047F0BCFBF706
:1070900023BE00BF540100200B4BC31A48BFFF336F
:1070A000B3F5007F4FEA23210CD20123074A8B401E
:1070B00052E8001F194342E800100028F8D1BFF33E
:1070C0005B8F7047FBF700BE580100205401002081
:1070D00008B504460021012000F017F8FBF7E7FD92
:1070E000204600F06BFD38B504460025606900B904
:1070F00038BD026862610279056042F002020271E5
:1071000001210830FCF788FFF0E738B50D4604464A
:10711000FBF7CDFD2DB1037913F0010318BF012357
:107120002B6064B9037923F0010202715A070DD56F
:1071300023F0050303714FF0FF30FFF7C9FF012C67
:1071400006D1037943F0010303710024204638BDC2
:10715000EFF305831BB9FBF781F9162303604FF0AA
:10716000FF34F3E70D46164608B5044600F0FEF975
:1071700031462846A04700F0A7F83F290CD84A110D
:10718000012301F01F0103FA01F150F822300B43F3
:1071900040F82230002070476FF01500704708B5A6
:1071A000FFF7EBFF002808DAEFF305831BB9FBF7C5
:1071B00055F9162303604FF0FF3008BD0346002049
:1071C000C3E9000070474FF0FF33C0E900330020EF
:1071D000704710B50B68146823EA04030360526813
:1071E0004B6823EA02034360002010BD036823B903
:1071F0004068B0FA80F0400970470020704713B52E
:10720000142200210446FBF74AFD01A90020FEF7E5
:1072100079FB002804DAFBF721F9006802B010BD01
:10722000019B6370002000F003FD0028F3DBA070D9
:10723000201DFFF7C3FF4FF400630020C4E90330B3
:10724000ECE7002070470CB400B50A4689B071B174
:10725000014602A8FBF732FA0BAA0A99019202A88A
:10726000FBF7B8FC09B05DF804EB02B0704702A868
:10727000FBF742FAF0E70EB403B503AA52F8041B79
:10728000019200F005F802B05DF804EB03B070471E
:1072900030B59DB00C46014601A8154600F044F8F3
:1072A00001A906A800F084F821462A4606A8FBF7A3
:1072B00091FC099B044606A8984720461DB030BDA6
:1072C00008B50120FDF754FB08B500210446012054
:1072D000FFF71BFFFBF7EBFC002000F048F920460E
:1072E000FDF746FB70B504460D461646206932464A
:1072F000294606F0C3FE002803DB2368034423600D
:1073000070BDFBF7ABF800680428EFD04042F7E708
:1073100007B501228DF807100DF10701FFF7E2FF15
:1073200003B05DF804FB0000044B4360044B836032
:10733000044BC360002303600161704711730008B0
:10734000E57200081927000810B504460069626953
:10735000836804F1180198470028A4BF00236361E3
:1073600010BD2DE9F04143699F18402F04460E4699
:10737000154608D9C368984720692A46314683686C
:10738000BDE8F041184718301844FBF77AFC6369F0
:107390002B4463612846BDE8F08107B501228DF8D2
:1073A00007100DF10701FFF7DCFF03B05DF804FBE8
:1073B000054B4360054B8360054BC3600023C0E968
:1073C00004130360704700BF9B73000863730008D9
:1073D0004973000870B50446161908462146B142A3
:1073E0000B4607D11C1B121B561E42B900F02AF88F
:1073F000204470BD1D780131002DF0D1F2E7054623
:10740000294615F8012B12B91A70081AF0E7002E58
:10741000F6D003F8012B013EF2E703461A788A42C0
:10742000184603F1010302D0002AF7D11046704735
:10743000431E13F8012F11F8010B101A01D1002A75
:10744000F7D1704703461A46013311780029FAD163
:10745000101A704710B5034600201C4613F8012B84
:107460008A4208BF2046002AF7D110BD13B5064B4B
:107470001B7800F007042341DB0703D5019201AA22
:1074800006F0F4F802B010BD580300200EB403B5A6
:1074900003AA52F8041B0192FFF7E8FF02B05DF85F
:1074A00004EB03B07047F8B5164603466FF4F66276
:1074B00013440F46A0F2B27440F26D114C439D107C
:1074C0002D194FEAE37343EBE47400F01BF8011E3F
:1074D00018BF0121384600F009F8711E451944EB28
:1074E000E074481944EBE171F8BD00000346044A1A
:1074F000012B32F8100001DD01B10130704700BFEF
:10750000520301084FF4C87190FBF1F201FB120223
:1075100003465AB1642290FBF2F002FB103030B106
:1075200013F0030F0CBF01200020704701207047AB
:1075300008B5FBF7BCFB00B1006808BD10B50A46F2
:10754000EFF31184802383F311880449FBF771FB67
:10755000E4B284F31188002010BD00BFDC1D0020C0
:1075600008B5FFF72DFD00B1006808BD704710B5E4
:1075700080B900F084F800F012F8002804460CDA14
:10758000EFF305831BB9FAF769FF644204604FF01B
:10759000FF3003E000F060F8EFE7002010BD70B5A9
:1075A000044618B3FAF7C8FF04F1100000F054F8CD
:1075B00004F1940000F050F804F58C7000F04CF8E1
:1075C000D4F89C51002625B92046FAF7FBFF304637
:1075D00070BDB5F87C309B0706D5284600F03CF816
:1075E00036EA200628BF06462D68ECE70646EEE799
:1075F00070B5B0F87C309B07054628D5C46A4CB3FB
:10760000466BB4421FD0836B9C4223D1361BEB697F
:10761000A86A324621466BB1984700280DDA95F8E2
:107620007E3043F0020385F87E30FAF717FF0068DA
:10763000404270BD06F022FDEFE7361A002E0444EA
:10764000E5DCEB6A6B636C6BE86A201AF1E76FF0BC
:107650000800EEE70020ECE738B5044600F009F832
:107660002046FFF7C5FF0546204600F005F82846EE
:1076700038BD0430FAF71EBF0430FAF72BBF08B547
:10768000FFF756FF2C3008BD10B50446FFF750FF3A
:10769000842303FB04003C3010BD38B500250446AC
:1076A000C0E90055C5610C30FAF7E2FEA56038BDAF
:1076B000F8B504460027256895B12B68236003B907
:1076C00063602E6A2F6026B1D5E901232946002088
:1076D000B047A368013BA3602846FBF7F5FAEAE749
:1076E00004F10C00FCF734FB002800DBE561F8BD79
:1076F00030B587B005460C461422002101A8FBF7DF
:10770000CEFA054B029301A8CDE9035400F065F8C9
:10771000024B186007B030BD6C030108840D0020D7
:1077200010B5084B0A460146186800F08FF8044669
:1077300030B9EFF305831BB9FAF790FE0C23036011
:10774000204610BD840D002070B50D460446164637
:10775000FBF718FC05F1170323F0070335442169F3
:10776000A3F1100025F007052A1A1144216109210F
:10777000E061083B43F8041C103A083D5A600B22B4
:1077800025626A60226A5968116021F00301B1F52F
:10779000800F3DBF0A09B2FA82F2C2F11F02122223
:1077A00004EB021004EB02122430D26A2AB15568AD
:1077B0001DB125F00305A9420CD88360C3E902205E
:1077C00002B1D360A3691033A3612046BDE87040C5
:1077D000FBF7F4BB10469268E8E7F8B50646006888
:1077E000D6E9027548BBFC1DA5F5AE753D4424F0F5
:1077F00007042D1B04F5AE774FF4AE72002120462E
:10780000FBF74DFA337C84F8583104F5AA7204F181
:107810003403A3F11001D96043F8083C10339342BC
:10782000F7D12046FAF724FE4FF4AE73A3612A463F
:1078300039462046FFF788FF06E04FF4AE71FBF7AC
:107840001FFB04460028D7D12046F8BD2DE9F84F8C
:10785000044690460E4621B9BDE8F84F1146FBF7A5
:107860000FBB0C2A38BF4FF00C0808F10B0323F0B4
:10787000070AC245C0F02E81A1F10807FBF782FB81
:1078800056F8041C21F00309CA4511D809D2A3698E
:107890005344A3EB0903A36152463946204600F046
:1078A00020F92046FBF78AFBB0464046BDE8F88F3A
:1078B00007EB090CDCF80400C30754BF20F00300F9
:1078C000002011F002011CBF56F8081CA7EB010EA6
:1078D00000EB09031CBFDEF8045025F003010B4444
:1078E00008BF8E465345C0F0E0808142AAEB0903F1
:1078F00049D2994280F0F1805D1A002940F0B580AC
:107900004946B046DCE9022A0CEB000ECAF8082012
:107910001AB1DCF80CC0C2F80CC005F110028242AA
:1079200004D9A2690244551BA56105467A68294419
:1079300002F003020A43A8427A6040F2AF80401B83
:10794000B0F5800F3CBF0209B2FA82F20F4434BF97
:10795000C2F11F02122204EB021104EB0212786042
:10796000CEF80000D26A243132B1556825B125F035
:107970000305A84200F28F808F60C7E90221002A28
:107980005FD0D7605DE0984280F08180A3EB000873
:107990000546DEE9022ACAF808201AB1DEF80CA072
:1079A000C2F80CA008F110028A4205D9A2690A4463
:1079B000A2EB0802A26188464145A7EB08075DD902
:1079C000DEF80420A1EB080A02F0030208EB09012B
:1079D00042EA0A02CEF8042041F00302C7E900A2FD
:1079E000DEF8042022F00302B2F5800F3DBF4FEA1B
:1079F0001218B8FA88F8C8F11F084FF0120804EB03
:107A0000081A04EB08180AF1240AD8F82C80B8F1F7
:107A1000000F08D0D8F804B0BBF1000F03D02BF052
:107A2000030B5A4526D8CAF808E0CEE9028AB8F115
:107A3000000F01D0C8F80CE007F10808002D7FF412
:107A400061AFA26913446269A361934288BF636115
:107A50002046FBF7B3FA46453FF427AFA9F10402ED
:107A600031464046FBF70DF91FE7884691E79846F7
:107A700000258EE7C246D8F80880C8E77A684944EE
:107A800002F003020A4342F001027A60D4E71D4685
:107A90004946B046D2E71146926865E7DEF8042011
:107AA00022F00202CEF80420CBE72046FBF786FA4C
:107AB00041462046FBF7E4F9804600283FF4F5AE46
:107AC0003146A9F10402FBF7DCF831462046FBF70A
:107AD000B3F9EAE64FF00008E7E6002BC7D1B0465D
:107AE000AFE7F0B54B6823F00303CC186768FD07D8
:107AF00034D4D4E9025627F00307B5600DB1E66827
:107B0000EE608D189B1A3B446B604B6803F00303D7
:107B100013434B606B68E351696821F00301B1F5D1
:107B2000800F3DBF0A09B2FA82F2C2F11F0312238D
:107B300000EB031200EB03132432DB6A2BB158680D
:107B400018B120F00300814205D89560EA60AB606F
:107B500003B1DD60F0BD1A469B68EFE702F1100546
:107B60009D42F7D88D189E1A6E604E6806F0030687
:107B700016434E60626842F0020262606A68CA5050
:107B800022F00302B2F5800F3DBF1309B3FA83F36D
:107B9000C3F11F03122300EB031100EB0313243185
:107BA000DB6A2BB1586818B120F00300824202D87A
:107BB0008D60E960CBE719469B68F2E737B5124B59
:107BC000044668461D68FFF7FEFA00226946032056
:107BD00000F062F8FCF7B4FE2146FDF70BFC04460A
:107BE00010B10120FCF7C4FEEFF31183802383F36F
:107BF00011886B6C43F4807301466B642846FDF773
:107C0000D5FF2046FEF796FC600E002008B538B977
:107C1000064B186838B1406CC0F3C100013008BD94
:107C2000FBF7F0FEF6E76FF00200F8E7600E0020C9
:107C300010B5FFF7EBFF041E08DAEFF305831BB95D
:107C4000FAF70CFC644204604FF0FF34204610BD8C
:107C500013B501200021FBF747FAEFF311848023CD
:107C600083F311880B4B1868436C03F01803082B3F
:107C700005D1002300930122002300F0B3F8E4B201
:107C800084F31188FBF717FA02B0BDE81040FCF747
:107C9000E9BF00BF600E002070B50B4619490546CC
:107CA0000C681AB1D4E9230182E8030043B3EFF36F
:107CB0001186802282F31188022D11D0032D16D057
:107CC000012D1AD104F18C011A46084606F0D9FBA1
:107CD0000024F6B286F3118800F016F8204670BD35
:107CE00004F18C011A460846FFF773FAF0E793E8AF
:107CF00003008C3484E80300EAE76FF01504E8E73A
:107D00001C46EBE7600E00207FB5214B1E686D46D8
:107D1000FBF7C0FE31462846FCF7F8FA95E8030069
:107D200002AC84E8030006F18C0221462046FFF7EE
:107D300050FA2046FFF75AFA20B1FBF7B9FE0020AF
:107D400004B070BD204600F083F8431C054615D0F2
:107D50000146204606F077FB2946304600F03AFB04
:107D6000054658B14268B2FA82F200F108015209A0
:107D7000304600F07DF82846FDF7C2FE2046FFF7AA
:107D800035FA0028DED0FBF793FE0120D8E700BFCC
:107D9000600E002038B5124C25682846FDF74EFCD1
:107DA0002468B4F848300133A4F84830022384F83A
:107DB0004030042385F8403021462846FBF710FF69
:107DC000696C284601F00301FDF772FC032384F877
:107DD0004030B4F84830013BA4F8483038BD00BF0B
:107DE000600E002070B5C46C9DF81050E617A242DA
:107DF000B3412146B8BF1146641A002CC4641DDC8F
:107E0000B0F94830002B18DCDDB903681424C464D1
:107E100013B91420002170BD90F8341093F8343059
:107E20008B42F6D3FDF7CCFD0028F2D0EFF30583AB
:107E3000002BEED1022000DFEBE724B12046E11752
:107E4000E9E70020E6E74FF0FF306FF00041E2E79E
:107E500038B5054601242146284606F028FB0128AE
:107E600004D00134402CF6D14FF0FF34204638BD09
:107E70002DE9F74F436C01920F46D905044600F1F6
:107E800095813D78002D00F0AD81EFF311888023BE
:107E90005FFA88F883F31188DFF8FCA1DFF8FC9122
:107EA000DAF80050D9F800B015B1BBF1000F45D198
:107EB000EFF30582002A40F09181FBF72DFE064684
:107EC000002840F08B8188F311881DB91820FAF73B
:107ED00003FF0646BBF1000F1CD12020FAF7FCFE81
:107EE000EFF3118880225FFA88F882F3118865B970
:107EF000002E00F06F8101223275DAF80020326026
:107F00000AB9CAF80460CAF80060BBF1000F15D1C5
:107F10005D4603E00020E3E76FF00A05002800F06B
:107F20005D8101230377D9F8003003600BB9C9F8EC
:107F30000400C9F80000002D40F05281397804F1A6
:107F40008C0006F0B4FA01283978814640F09C8014
:107F500094F84030062B31D104F19405284606F000
:107F6000A6FA01282AD1D4F89C202AB13B681360D4
:107F70007B685360BB6893602846FFF71FF904F1E4
:107F80005000FCF797FED4E9003272B944490B6007
:107F900003B9434B5A600023C4E900332046FDF780
:107FA000C3FA20B90025002624E01360F0E7EFF3C0
:107FB0000585002DF6D1022000DFF4E73978A268AC
:107FC000A1F120031F2B30D9EFF31183802080F320
:107FD0001188D2F8146216B1307A884223D1DBB20C
:107FE00083F311880EB33B68B3607B68F360BB68B2
:107FF0003361002588F311887EB1317AA068FDF7DE
:108000009DFF50B103691B0607D54369336143687F
:10801000307A002206F108019847B9F1000FB8BF85
:108020006FF01505DEE03668D5E7DAF80060002E5F
:1080300000F0BF803368CAF800300BB9CAF80430CA
:10804000002333603B68B3607B68F360BB683361D7
:10805000019B002B0CBF234600237360EFF31183B9
:10806000802181F3118800213160D2F8141239B9CE
:10807000C2F81462C2F81862DBB283F31188B8E761
:10808000D2F818120E60F5E7A068FDF757FF064614
:1080900040B900253EE000BF18170020001700205F
:1080A000B40E00204368002BF3D000F0BFF8054663
:1080B00000286ED07368436000F10803D6E902011E
:1080C00083E803003269920603D439781846FFF733
:1080D00066F83B682B617B686B61BB68AB61736959
:1080E000AB6100232B60E36F002B4AD1E567A36FE0
:1080F000C4F88050002BCCD13C4BA3673C4B1B6891
:108100009C4242D1EFF30585002D3ED1A36F20465E
:108110009847A56794F84030062B24D1D4F89C20CA
:108120002AB13B6813607B685360BB68936004F1BD
:108130009400FFF743F804F15000FCF7BBFDD4E9CD
:1081400000324ABB2B490B6003B92A4B5A6000230B
:10815000C4E900332046FDF7E7F920B1EFF30583CA
:108160000BB9022000DFB9F1000F7FF41CAF94F8C7
:108170004030052B12D104212046FBF786FF4E46E6
:1081800038E7D4F880301D60B1E72046F8F7A0FC4E
:108190007FE76FF00B05BDE71360D5E7073B012BC9
:1081A000EDD80421204600F0CBF9E8E76FF0020596
:1081B00018E0EFF30583002B3FF4F4AE0E4B1E687E
:1081C000002E3FF4EFAE3168196000297FF438AF1C
:1081D000596035E7BBF1000F3FF49EAE6FF00A0522
:1081E00088F31188284603B0BDE8F08F7D8200082F
:1081F000600E0020B40E00201017002010B50C46B1
:108200003AB900F01DF968B12146BDE8104000F010
:108210006DB9FBF7F7FB28B121460022BDE81040FD
:10822000FFF726BE6FF0020010BD0000EFF30582DD
:10823000104B42B11868B8B102681A6002B95A60AE
:10824000002303607047EFF31182802181F31188CE
:10825000186828B10168196001B9596000230360EA
:10826000D3B283F311887047034B18680028E3D119
:10827000704700BF00170020081700202DE9F04FBD
:108280008DB00446FAF7EAF803680193B4F94A306E
:1082900002934FF0800A0027EFF311838AF31188CD
:1082A000626C12F0400FDBB20ED083F31188EFF353
:1082B00005831BB9FAF7D2F8019B0360029BA4F86F
:1082C0004A300DB0BDE8F08FE56F002DEDD02A6883
:1082D000E2670AB9C4F880202F60626C42F0400265
:1082E00062642F60D4F88420002A5BD1C4F88450E3
:1082F000C4F8885004F18C0696E803000DF11808C4
:108300000DF11009AB4689E8030005F10802494662
:108310004046039306F0B5F81BF8101F4046FEF7E1
:108320002CFF98E80300039B86E8030083F3118881
:1083300000226B68287C59469847EFF3118B8AF32B
:108340001188636C23F0400363644246314608A8F9
:1083500006F0A2F808AA31460AA806F087F808AA8B
:1083600049461046FEF735FF0AAA08A9304606F02E
:1083700088F8D4F884305BB1AB4217D12B68C4F8CD
:108380008430D4F88830AB420CBFC4F888702F60BA
:108390005FFA8BFB8BF31188FFF7B6FC2846FDF7DD
:1083A00085FB79E7D4F888201560A1E71A68AA420E
:1083B0000CD1D4F8841049B1D4F888108D4215BF7F
:1083C0002968C4F8883019601F6017601B68002B8B
:1083D000ECD1DDE7F0B505468268EFF31186802326
:1083E00083F31188D2F814420023204620B3077A81
:1083F0008F420ED147680FB1AF420AD163B9DCB1E9
:108400002168C2F8141209B9C2F818320023236097
:1084100012E003460068E9E774B1196861B1D2F867
:108420001842A14214BF0A68C2F818324FF0000483
:108430000CBF1C601A600C60F6B286F31188F0BDA8
:1084400008B5FBF7DFFA00B1806808BD70B50C46CF
:10845000FBF7D8FA6368064603B96060236806F143
:108460009400197806F023F80128054609D02368FE
:1084700006F18C00197806F01AF8012817D10025AA
:1084800013E0E368216813B10B78112BEFD10122BF
:108490003046FFF7EDFC031E26DB2369E660002B68
:1084A000E5D023681B78112BE1D0284670BD2369E5
:1084B000002BE4D1E368B342E1D0A36803B9A6601E
:1084C0002368B0681978FDF739FD0028D7D02168F6
:1084D00001223046FFF7CCFC051EE6DBE56826618D
:1084E000003D18BF0125E0E71D46DEE730B587B047
:1084F00000230446CDE90233CDE904330D46019152
:10850000FBF7C8FA20460D4901AAFDF79DFC041EA1
:108510000CDB049B53B9059B43B9039808B9029837
:1085200048B101222946FFF7A3FC0446FBF7C0FA35
:10853000204607B030BD6FF00904F7E74D8400080E
:1085400010B590F84020436F072A16D15A8A013A95
:108550005A82D0E9002464B91A6062B95C600023D1
:10856000C0E900334367A0F84A10FCF7DDFF88B983
:1085700010BD2260F1E75460F1E71A8A013A1A82CD
:10858000D0E9002424B99A60002AF4D1DC60E6E73F
:108590002260F9E7EFF30583002BE9D1022000DF29
:1085A000E6E700F001B8000008B50C48FAF7C4FD92
:1085B00068B10A48FAF7C0FD1E2201460848FAF7DA
:1085C00038FBBDE808400749054806F0FDBABDE89C
:1085D00008400549024806F007BB00BF71030108C7
:1085E000590300207803010875030108004870470B
:1085F0005903002070B5054601200E4600F08EF8A4
:10860000044640B1334601212A4600F0CDF8E36A22
:108610000146204698476FF00B0070BD00F52F70A3
:10862000704730B5039C44B1D0F8B8526560D0F8BB
:10863000B452A560D0F8B0522560C0E9AC12C0F8C1
:10864000B83230BD10B50446D0F8B402002803DBC0
:10865000012801D0F9F7BEFED4F8B802002807DBE4
:10866000022805D0D4F8B432984201D0F9F7B2FE0E
:10867000D4F8B002002801DDF9F7ACFE4FF0FF336B
:10868000C4E9AD33C4F8B03210BD38B50D46044668
:10869000FFF7D8FF6B68C4F8B832AB68C4F8B432DF
:1086A0002B68C4F8B03238BD0EB403B503AAD0F8B5
:1086B000B80252F8041B0192FEF7EAFD02B05DF821
:1086C00004EB03B070470EB403B503AAD0F8B402AC
:1086D00052F8041B0192FEF7DBFD02B05DF804EBDB
:1086E00003B07047D0F8B402FEF77EB9D0F8B002FC
:1086F00005F07EB9D0F8B40205F0C0BC10B5044650
:10870000FFF7A0FF2046BDE81040FAF7DDBA0C469F
:1087100008B5FFF7F3FF2046FEF7D6FD10B5044677
:108720004FF43F70FAF7ECFA00B3114B0360114BB2
:108730008360114BC360114B0361114B4361114BBB
:10874000C361114B8361114B114A0362114BC36228
:1087500042620223104A80F87C328262C0F8B8324A
:1087600001220023C0E9AC3280F8AC4210BD00BF4A
:108770009D870008FD860008F5860008ED86000844
:10878000E5860008C7860008A98600081D8600083F
:10879000238600080F8700088B86000808B590F82C
:1087A000AC02FFF7BBFF08BDF7B5044617461D46F0
:1087B00049B1D0F8B4623548FEF744FE3349024669
:1087C000304605F05BFC012F25DC04F52F76D4F84C
:1087D000B472FFF70BFF0546FFF708FFFEF732FE06
:1087E00029460246384605F049FCD4E9AC2340212D
:1087F000304600F091F8013040D1D4F8B842F9F792
:108800002DFE03680093224A224B23492046FEF79F
:1088100032FD00260AE021496868FEF709FE064697
:1088200038B9E3692A681E4920469847304603B0A4
:10883000F0BD1C496868FEF7FBFD78B9022F06D031
:10884000A968204603B0BDE8F04000F09DBFA369D1
:108850002A681549204698470126E7E7D5E900121E
:1088600013782D2B03D10A46A3691049F2E701239F
:10887000204603B0BDE8F04000F0F8BF3146204686
:1088800000F082FFFFF790FEA1E700BFB9050108E5
:10889000B2030108A9030108870401087B0301084A
:1088A0007E030108A6030108600401087D05010894
:1088B0000069002801DB05F0E1BB704713B50369CF
:1088C0008DF80710002B04460CDB206901220DF106
:1088D000070105F0D3FB002803DAF9F7BFFD0368B1
:1088E000042BF2D002B010BD13B50446E06801229B
:1088F0000DF1070105F07CF8002803D14FF0FF309F
:1089000002B010BD05DAF9F7A9FD0368042BEDD01C
:10891000F4E79DF80700F3E72DE9F04106468EB035
:1089200010460F461446984606F079F990B106A90C
:10893000204606F07EF9099DAA070BD525F0020511
:1089400006AA00212046099506F078F9099B43F014
:10895000020309930F4B01930F4B02933A460F4BBF
:108960000494314601A80393CDF8148000F018F860
:108970000546204606F053F938B1099B9B0704D5FC
:1089800006AA0021204606F059F928460EB0BDE897
:10899000F08100BFE9880008BD880008B1880008A0
:1089A000012A2DE9F04706460F46904604DC0024D4
:1089B0000C702046BDE8F08783682849DFF89C905A
:1089C000032298470025AA46336830469847431C3F
:1089D00004460DD1002DECD000237B552C46E8E752
:1089E0004FF0000AF0E74FF0010AEDE71D46EBE714
:1089F000BAF1000F09D05B28F2D1BAF1020F0CBF17
:108A00004FF0000A4FF0020ADEE7082801D07F2865
:108A10000CD1002DE4D07368304608219847B36824
:108A2000032249463046013D9847CDE71B28DAD05E
:108A30000A2804D16C1C785507F804A0B9E7C0B225
:108A4000F9F703FD0028BFD17C556B1C0235454565
:108A5000CCDB07F803A01C46ABE700BFBE03010850
:108A600090F88F3200EBC303024693F894329909D1
:108A7000032902D113F001000CD092F890020244B5
:108A800092F8910283070CD48309022B05D0032BA3
:108A900004D0012000F001007047C04300F0010045
:108AA000F8E70020F6E700002DE9F84380469146FC
:108AB0000C46C1B10846FEF7C5FC07464846FEF71E
:108AC000C1FC461C3E4431462046FEF729FE0546C1
:108AD00058B9D8F81830084A0849404698472546FA
:108AE0002846BDE8F8830F46E8E70023C355324621
:108AF0004946FEF76FFCF3E7C1030108BB04010818
:108B000039B10368082BDFBF00EB830201335160EA
:108B10000360704710B590F88F22083200EBC20254
:108B2000034692F85402800901280BD1002083F8F3
:108B3000540281F0010192F8543261F3000382F88B
:108B4000543210BD022803D1002083F85402F2E70A
:108B500093F890221A4492F89102800901280CD1CE
:108B6000002083F8540292F89132C3F380046140EC
:108B700061F3000382F89132E3E783F8541248422C
:108B8000DFE700002DE9F04F894687B01168044601
:108B900090461E4603F0DAF8002808DB14BF0121D6
:108BA0000021204607B0BDE8F04FFFF7B3BF94F8AF
:108BB0005032002B3CD04020FEF742FA054660B907
:108BC000A3695D4A5D4920469847F9F747FC066866
:108BD0007642311E18BF0121E3E70027DFF860B1BC
:108BE000077009F1FF3A4F4514DB534B0293554B85
:108BF000CDE903350023059302AA3346042120461C
:108C0000FFF7C0FF04462846FEF746FA204607B0A5
:108C1000BDE8F08F58F8271040222846FEF7DAFB0F
:108C2000BA4503DD5946284605F0CEFF0137DAE79D
:108C300094F85132002B39D0F069B0B131694FF45A
:108C4000DB72FDF7DDFF071E10DAD8F80060A569BA
:108C5000F9F704FC03683C49009332463B4B20463D
:108C6000A847F9F7FBFB0668B3E7776894F8525218
:108C7000FDB1B069E0B1F1680022FDF7C1FF051E4A
:108C800017DAA669D8F80080F9F7E8FB03682E49DF
:108C9000009342462D4B2046B047F9F7DFFB012FEA
:108CA000066896DD3846F9F795FB3DE00127DDE7DC
:108CB000356894F85332B3B1306A88B371694FF4B0
:108CC000DB72FDF79DFF031E0EDAA569D8F8006080
:108CD000F9F7C4FB03681C49009332461B4B20463E
:108CE000A84701215DE70223D4F8502232F0FF02A9
:108CF00006D002AA0092666A3A4629462046B04744
:108D000042464946204601F055F8D4F8503233F037
:108D1000FF03064606D0A36A02A92046984758E7F3
:108D20003B46E1E7012FBDDC002D7FF752AF28461F
:108D3000F9F750FB4DE700BF5A0E0108BB040108CC
:108D40007E100108A603010887040108C303010877
:108D50002DE9F04F794E0D6885B00746884692465A
:108D600099462C4615F8011B29B926784EB930468C
:108D700005B0BDE8F08F3046FEF74FFB0028F0D17C
:108D8000F3E73E2E06D163783E2B0CBFA31C631C79
:108D9000C8F8003023783C2B09D10134C8F80040D2
:108DA000674C00215046FFF7ABFE2646DFE7232B3A
:108DB00040F0A580C8F800400024F2E76148FEF7C3
:108DC0002CFB061E297814BF4FF0010B4FF0000B4F
:108DD00000F088806B1C18460193FEF71EFB297873
:108DE000019B064650B903AB8DF80C108DF80D00B1
:108DF000BC6955491A463846A047B8E727296BD0C1
:108E000022296CD0602978D0701C9E4208BF03468E
:108E100013F8011B05F8011B0029F6D1B51E013519
:108E200029780029CAD1C8F80050B9F1000F38D00C
:108E3000BBF1000F35D12146384603F05FFB0546F4
:108E400078B3D9F800308468002B09DC027B42F04B
:108E50000102027309EB830201335060C9F800304C
:108E60003649204605F066FE235C0646CBB1A8686D
:108E700005F06EFE0146A0B1344A3846FFF714FEF5
:108E8000D8F8002001463846FFF70EFE044601469A
:108E90005046FFF735FEA31900220133A255C8F84A
:108EA0000030009B002B7FF47CAF2378242B7FF4D1
:108EB00078AF0E9B13B10E9A01231360013424493D
:108EC0002046FEF7B5FA10BB97F85432214C2248E1
:108ED000002B08BF044664E70122009294E70022B9
:108EE0000E9291E71548FEF798FA002897D02A7855
:108EF0005AB105F8016BB34695E705468FE74FF089
:108F0000000B2546CDF800B08AE793468BE713495E
:108F10002046FEF78DFA40B907F51774D7F85802C6
:108F20000A22214605F078FB3BE72046FAF704F9D0
:108F30000B4C002818BF044633E700BFF3050108B7
:108F4000EA050108DA0501082B0501087E10010871
:108F50002404010826040108F1050108B1050108EF
:108F6000D90501082DE9F04FA94E04460F460FCE52
:108F7000ABB00BAD0FC50FCE0FC533682B603022E1
:108F800000211EA8F9F78BFE2822002114A8F9F76A
:108F900086FE0023C4F85032CDE90933009314AAA9
:108FA00009AB07A920460797FFF7D2FE0546002820
:108FB00000F0C1809749FEF73BFA97498246284660
:108FC000FEF736FABAF1000F02D0002840F08E808A
:108FD0004FF00009CDF8009009AB14AA07A920466C
:108FE000FFF7B6FE074608B103781BB9A3692A4606
:108FF0008A4926E094F8908204EB080393F89132B2
:109000009B09012B15D094F88F6204EBC60393F8EB
:109010009432C3F38113033303F00303012B08D904
:10902000D4F88432002B04DBD4F888B2BBF1000FF3
:1090300002DAA3692A4676E0012E17D9A369784996
:109040002A462046984794F8943203F03E030026BF
:1090500043F00103A4F88E6284F89432C4F8986255
:1090600001212046FFF756FD0746BAE00136BAF166
:10907000000FF6B220460CBF01250225FFF7F0FCD9
:1090800006F1080204EBC20284F88F6284F88E9223
:1090900040EA851392F85402B4F88C1204EBC60629
:1090A00023F03E0300F03E005944034382F854325B
:1090B0003D4686F89582C6F898125A492846FEF72A
:1090C000B7F90746002840F00F81009009AB14AAB9
:1090D00007A92046FFF73CFE054618B10378002B90
:1090E00040F0AE80A3694F4A4C49CEE04E49284635
:1090F000FEF79EF930BB009009AB14AA07A92046E1
:10910000FFF726FE94F88F32083304EBC3030546BD
:1091100093F85412C1F38112033202F00302012AC0
:1091200003D9A369404A41498BE741F0C00183F864
:1091300054120028C1D10026C4F88062B146B0465E
:10914000374635E13A492846FEF772F907460028C6
:109150004FD1009009AB14AA07A92046FFF7F8FDEC
:1091600010B1A369324A43E794F88F1201F1080362
:1091700004EBC30393F854229009032802D0A36997
:109180002B4AD0E719B9A369294A2A4959E7D107D7
:109190002AD5D3F85812D4F884023A4604F034FBA6
:1091A000002809DAA569F9F759F903680093204AFC
:1091B000214B22492046A847012384F88E3294F897
:1091C0008F3203F1080204EBC202013B92F8541201
:1091D00000266FF3871182F8541284F88F32C4F896
:1091E0008062B146B046E3E042F0010283F85422C7
:1091F000E5E794F88F3204EBC30393F89432C3F39A
:109200008113033303F00303012B3FF656AF10E73E
:1092100000040108C8030108CE030108280401085E
:10922000F7040108E2030108D4030108D30401088C
:10923000D703010812050108DC03010887040108AF
:109240009249FEF7F5F878B9009009AB14AA07A97E
:109250002046FFF77DFD054600283FF443AF037825
:10926000002B3FF43FAF012794F89062A31993F8C5
:1092700091329B09012B03D1A369854A854904E0FA
:10928000012E11D9A369824A834920469847B4F830
:10929000903203F46053A4F8903201212046FFF786
:1092A00039FC002607469CE72046FFF7D9FB01362C
:1092B000F6B284F8906280F0010326445B0096F8D1
:1092C000912243F0400343EA870323F0380302F07E
:1092D0003802134386F891320023C4F88032002DFF
:1092E00040F09C80002629E76C492846FEF7A0F84C
:1092F000C0B9009009AB14AA07A92046FFF728FDC2
:1093000094F890222244054692F891329909012955
:1093100002D0A369614AB1E7022161F3871382F8A1
:109320009132D9E75E492846FEF782F8B8B9009035
:1093300009AB14AA07A92046FFF70AFD94F890325A
:109340002344054693F891229109022902D0A3698A
:10935000534A93E742F0C00283F89122BCE7514997
:109360002846FEF765F8074600284BD1009009AB68
:1093700014AA07A92046FFF7EBFC10B1A369494ADC
:10938000B2E694F89032E21892F891227F2A02D83D
:10939000A369444A72E71BB9A3693D4A424974E78D
:1093A000013B84F89032C4F880723E46B946B84614
:1093B000129818B102F01EF884F85182119818B171
:1093C00002F018F884F85292139808B102F012F8DB
:1093D00094F853320BB184F85362002509AEA846C5
:1093E000099B9D42C0F2A8810025099514AC2E4628
:1093F000149B9D4204F10404C0F2AC8138462BB0AA
:10940000BDE8F08F94F89032234493F891329B0991
:10941000012B7FF461AFA3692A462FE72349284631
:10942000FEF706F8002852D10A23C4F8803214AAA5
:10943000009009AB07A92046FFF78AFC05460028E3
:109440003FF450AF1A49FDF7F3FF064600283ED11E
:10945000009009AB14AA07A92046FFF779FC07463C
:10946000002834D0324608A905F0B7F9C4F88002C4
:109470001430272804D8089B9F4201D01B78DBB109
:10948000A3690A4A0B492046984706E7E503010805
:10949000E2030108D3040108F7040108E703010807
:1094A000EC030108F103010812050108F4030108A7
:1094B000F903010828040108009314AA09AB07A9BD
:1094C0002046FFF745FC054600283FF40BAF204639
:1094D000FFF7C6FA00283FF405AF00261E95B146F7
:1094E000B04601274FF0000B08AB009314AA5B466F
:1094F00007A92046CDF820B0FFF72AFC2AAA02EBE4
:109500008702BB0042F8300C002800F0FD80089A6A
:10951000F2B11EAA134453F8042B0493924612F896
:10952000011B0392059299B18D48FDF776FFDDE9A5
:1095300003230028F1D09AF800204AB10AF801BBB1
:10954000013752461AF8011B89BB0B2F1A60E2D172
:109550002AAB03EB870A83495AF8300C022205F044
:109560004BFB00283FD15AF8301C8B784BB30231AB
:10957000012394F8518284F85132162320460F9328
:1095800001F010FF12900A2FACDD07F1FF3A2AAB71
:1095900003EB8A03744953F8300CFDF749FF0028A8
:1095A00040F0B580012384F850325746AFE06C4854
:1095B000CDE90332FDF731FFDDE903320028C0D1E8
:1095C000C3E708AA009207A914AA2046FFF7C0FB28
:1095D00001460028CCD1A36964492A462046984711
:1095E0004FF0FF37E4E662495AF8300C012205F0EB
:1095F00003FBB0B95AF8301C4B783BB10131012361
:1096000094F8518284F851322623B7E708AA0092D1
:1096100007A914AA2046FFF79BFB01460028EED1BC
:10962000D9E754495AF8300C012205F0E5FAD0B9CF
:109630005AF8301C4B785BB10131012394F85292F7
:1096400084F8523220460E9301F0ACFE11909AE756
:1096500008AA009207A914AA2046FFF779FB014641
:109660000028EAD1B7E744495AF8300C042205F043
:10967000C3FA30B9012394F853620D9384F853323E
:1096800081E73E495AF8300C032205F0B5FAD8B903
:109690005AF8301CCB7863B10331012394F853623C
:1096A00084F8533216232046109301F07BFE13906A
:1096B00069E708AA009207A914AA2046FFF748FB09
:1096C00001460028E9D186E72D495AF8300C0222DC
:1096D00005F092FAB0B95AF8301C8B783BB10231E0
:1096E000012394F8536284F853322623DBE708AA57
:1096F000009207A914AA2046FFF72AFB014600287A
:10970000EED168E701373EE7012F7FF43EAF2AAB89
:1097100003EB87030022072F43F8302C04DDA369F5
:1097200018492A462046984739460BAB1EAA2046C0
:10973000FFF728FA07463BE671680B7B6FF30003DF
:109740000B739B0702D5204602F0EBFE46F8048F10
:10975000013545E62068F9F7B7FA0135266047E696
:10976000F3050108EE050108FC03010828040108BF
:10977000EC050108EA050108E5050108E105010815
:10978000DE050108940501082DE9F3474FF00008B4
:10979000DFF8A49080F88E8206460F460C468A4673
:1097A000E31B4946A6F88C32204605F0C3F9215C3C
:1097B000251841B95146304602B0BDE8F047FFF7E1
:1097C000D1BBAA46ECE70A29F4D02329F2D03B29E1
:1097D0000CD105F8018B51463046FFF7C3FB18B199
:1097E00096F87C32DB0721D52C4608E06B1E9A45A3
:1097F0000BD815F8013C5C2B07D10134554696F87F
:109800008E32002BDDD0002010E0681CFDF705FE35
:1098100078B92B788DF8043001AB8DF80500B46968
:1098200006491A463046A0474FF0FF3002B0BDE867
:10983000F087441CE2E700BFB30501082B050108CF
:1098400090F88F32083300EBC30393F85422920947
:10985000032A09D193F8552280F8902293F85422D4
:109860006FF3000283F85422002070472DE9F74F70
:109870008946114604461F4601F094FD064600281D
:109880005BD0236A20469847054600286AD040F2FC
:1098900001413046D4F88482FDF7B2F90028C4F8BB
:1098A00084023ADBDFF8C490DFF8C4A0D4F8840265
:1098B0000122002103F0A8FF4FF000030028C4F8A4
:1098C0008802A4F88C320BDA57B1D4F818B0F8F744
:1098D000C5FD0368009327494B4652462046D847AA
:1098E000D4F884224FF0FF3340212846FFF714F8C4
:1098F000B0F1000B29DB94F87C329A0704D4E369B9
:109900001D492A462046984794F87C32DB072946B1
:10991000204615D5FFF738FFC8E74FB1A569F8F71E
:109920009DFD036800931349144B4A462046A847FF
:10993000304601F05FFDC4F884824FF0FF3B0DE03C
:10994000FFF722FFB0F1000BB0DAD4F88402F8F789
:1099500041FDC4F88482304601F04CFD584603B006
:10996000BDE8F08F4FF0FF3BF5E700BFDC030108D7
:10997000F70501088704010824010108C303010851
:1099800008B503498369126898474FF0FF3008BD56
:109990009F040108002070474FF0FF30704708B562
:1099A0000021C36A98470000042973B5054616468E
:1099B00007D0C3691268224998474FF0FF3002B0C0
:1099C00070BD0022706801A904F007FF019B1A789E
:1099D000044622B1EB691B4928469847EDE7F06839
:1099E00001A904F0FAFE019B1A78EB690AB1164945
:1099F000F2E7B2681278253A0A2A1ED8DFE802F0A8
:109A0000161D1D1D1D0E061D0C1D110022180F49CF
:109A1000284698470020D2E7221AF8E700FB04F214
:109A2000F5E70028E3D094FBF0F2F0E70028DED061
:109A300094FBF0F200FB1242E9E70549CCE700BFD6
:109A4000FC050108280601083A060108B1130108BF
:109A50004C06010810B4CB680A68C4691BB1A4465F
:109A6000034910BC60472346024910BC184700BF99
:109A70005E0601084514010870B50E4E04460D46F9
:109A8000306830B9A3690C492A462046BDE87040C9
:109A900018472946FDF7CCFC50B9E36907492A4627
:109AA0002046984731462046BDE87040FFF7D2BFB8
:109AB0001036E5E7240B01089F040108670601083A
:109AC0002DE9F04F012999B004460E46174640F3A0
:109AD000E380A6495068FDF7ABFC0546002800F07E
:109AE0003E810122002357F82250002B00F0D18044
:109AF000E3699F4920469847E3699E492046984775
:109B0000E3699D4920469847E3699C492046984768
:109B1000E3699B4920469847E3699A49204698475C
:109B2000E369994920469847E36996492046984752
:109B3000E369964920469847E3698F49204698474C
:109B4000E369934920469847E3699249204698473C
:109B5000E3698C4920469847E3698F492046984736
:109B6000E369854920469847E3698C492046984730
:109B7000E369884920469847E36982492046984727
:109B8000E3698549204698473DB129462046FFF7BD
:109B900073FF002019B0BDE8F08FE3698049814D63
:109BA0002046984729462046FFF754FF55F8103FB6
:109BB000002BF7D100273E463D463846FDF700FA18
:109BC00000285AD1002DE4D00436502E94BF5027DF
:109BD000012705F1FF3598BFB7FBF6F772493D4401
:109BE0000F22B5FBF7F320460193E36898474FF047
:109BF0000009019B4B45CCD04FF020330293CA465D
:109C00004FF0000B04255046FDF7DAF9804630B3DB
:109C1000D8F80C30EBB105F10803D8F80010C5F105
:109C200055020DEB0300F9F704F80544D8F80000DD
:109C3000FDF708FCA6EB0008864238BF4FF000088D
:109C400005F10803424620210DEB0300F9F727F840
:109C50004544019B0BF1010B5F459A44D3D105F1BB
:109C600060036B440A2203F8582C02A9E3686A1CBB
:109C70002046984709F10109BBE7C3683BB100687A
:109C8000FDF7E0FB864205F1010538BF06460137C6
:109C900093E7002D7FF479AF44492046FFF7ECFEAF
:109CA000E36943492046984700252E463D4B53F82B
:109CB0002500FDF7C7FB0435864238BF0646B02DA8
:109CC000F4D10436502E94BF502701274FF00008DE
:109CD00098BFB7FBF6F707F12B03B3FBF7FAC245C2
:109CE0003FF468AF4FF020330293C1464FF0000BB2
:109CF0000425B9F12B0F24D84FEA0913294AD1586A
:109D0000019105F10803C5F155020DEB0300F8F7C9
:109D100090FF019905440846FDF794FB05F10803FF
:109D2000321A864238BF002220210DEB0300019237
:109D30000BF1010BF8F7B3FF019A5F451544D144CD
:109D4000D7D105F160036B440A2203F8582C02A90D
:109D5000E3686A1C2046984708F10108BFE7022E15
:109D60003FF4C6AE02220123BDE600BF7106010822
:109D70007406010888060108C3060108C706010821
:109D8000D3060108DB060108F4060108FC060108F9
:109D90000307010812070108180701082107010835
:109DA00030070108240B0108480701087A1201084E
:109DB000C10601082DE9F041174DD2F80080044694
:109DC0000E461746286808B9144B18E04146FDF7BF
:109DD0002FFBF0B92B7AB34209DDA3691049424643
:109DE000204698474FF0FF352846BDE8F0816B7A52
:109DF000B34203DAA3690B494246F1E76B683A467E
:109E0000314620469847054604F016FBC4F8580230
:109E1000EAE71035D6E700BF240B01088199000856
:109E200060040108940501082DE9F043884699B0C3
:109E30000446012140461546FCF7E2FE071E0FDAF4
:109E4000A569F8F70BFB03680093474A474B48495D
:109E50002046A8474FF0FF35284619B0BDE8F083EB
:109E600002A9284603F0DBFF064600283AD1049BEE
:109E700003F47043B3F5804F17D1284601F00EFF6D
:109E8000404604F0F3F929460246204601F036FF29
:109E9000054650BBA369344A3649204698474FF0DF
:109EA000FF353846F8F796FAD6E7B3F5004F0CBF02
:109EB000262102214FF4DB722846FCF7A1FEB0F107
:109EC00000082ADAA569F8F7C9FA03680093264A58
:109ED000294B27492046A8474FF0FF353046F8F771
:109EE000F3FEDEE726210026E4E706462621E1E729
:109EF000F8F7B4FA03680093204B1B4A1C4920462C
:109F0000A8471FE02A464946404604F0B7F8002813
:109F10001EDB2D1A002D8144F4DC04F130094FF4CE
:109F200000724946384603F063FD051E0CD0E9DA9D
:109F3000F8F794FA0368A569042BD9D10A4A1049A5
:109F40002046A8474FF0FF354046F8F743FAC5E7EB
:109F5000F8F784FA0368A569042BEFD0F8F77EFAC6
:109F600003680093074BC8E706080108F40D0108D1
:109F700087040108BB040108FE0D0108F2FF000878
:109F80005D050108080E01082DE9F04F05469BB05C
:109F900008468946934604F014F98046002843D1C8
:109FA000AC69F8F75BFA036800933B4A3B4B3C49CA
:109FB0002846A0474FF0FF3420461BB0BDE8F08F85
:109FC0003A465946284601F099FE074648B3069B93
:109FD00003F47043B3F5804F1DD140F2FD1103F03F
:109FE00023FC044680B1AB690393F8F737FA0368A2
:109FF0000093294A2B4B2A49DDF80CC02846E0473C
:10A000003846F8F761FE3AE03A4631462846FFF70F
:10A01000BBFF0446F4E7024631462846FFF704FF3B
:10A02000F7E74FF0FF342AE0DFF87CA0002429E0B6
:10A030006CBB471C1D493846FDF7FAF9044608B3C6
:10A0400051463846FDF7F4F90446D8B13A46494638
:10A05000284601F053FE4FF0FF34064690B104A9A4
:10A0600003F0DDFE04460028AAD0AF69F8F7F6F940
:10A0700003680093084A0E4B09492846B847304602
:10A08000F8F722FE404604F0D0F80028D0D1404630
:10A0900004F0B5F890E700BF060801080E0E0108AD
:10A0A0008704010817090108160E0108170E010898
:10A0B000190E01082DE9F74F0546884603F0C0FE4A
:10A0C000041E53DBD8F8083003F47043B3F5804F17
:10A0D000284604D003B0BDE8F04F03F031BF04F0D0
:10A0E00070F80746002845D02846FDF7ABF906462C
:10A0F00030B1431EEA5C2F2A02D10022EA541E46E8
:10A10000DFF87890DFF878A0DFF878B0384604F010
:10A110008CF8034668B90190384604F070F8041EC4
:10A1200024DB019BAB55284603B0BDE8F04F03F09C
:10A130008DBD5C1C49462046FDF77AF90028E5D024
:10A1400051462046FDF774F90028DFD023465A46D1
:10A15000C6F58071A819FDF776F841462846FFF745
:10A16000A9FF041ED2DA384604F049F8204603B0AD
:10A17000BDE8F08F4FF0FF34F8E700BF170E01087D
:10A18000160E01084FFD000810B507490446FDF7FB
:10A190004FF938B105492046FDF74AF9B0FA80F089
:10A1A000400910BD0120FCE7170E0108160E01083A
:10A1B0002DE9F04313F00B0F9DB004468846154679
:10A1C0001F4600F098805822002106A8F8F767FD86
:10A1D000EDB16A1C4146204601F090FD06A981467A
:10A1E00003F01DFE06464846F8F76EFDAEB1A569C0
:10A1F000F8F734F903680093664A674B67492046CD
:10A20000A8474FF0FF3528461DB0BDE8F08306A9EA
:10A21000404603F004FE0646E8E7BA0749D5604A1F
:10A22000089E5168106803AB03C31189927A1980A4
:10A230009A7006F47043B3F5C04F71D162238DF864
:10A240000C30F30544BF72238DF80D30300644BF47
:10A2500077238DF80E3006F40463B3F5046F74D1E0
:10A2600073238DF80F30B30644BF72238DF810307E
:10A27000F00644BF77238DF8113006F48163B3F5FF
:10A28000816F6AD173238DF81230730744BF722334
:10A290008DF81330B00744BF77238DF81430F107E1
:10A2A00044BF78238DF815303E49E36903AA204660
:10A2B0009847FA071FD517F0100F0D9EE76958D081
:10A2C000B6F5806F55D3B6F1804F4ED2B6F5801FEC
:10A2D0002BBF4D214B214FF480134FF480630A2094
:10A2E000B6FBF3F203FB12664643009120462E496B
:10A2F000B6FBF3F3B847E369002D45D06E1C29493E
:10A300003246204698472B78042B37D13046FFF74A
:10A310003BFF054690BBE36924492046984772E716
:10A32000B3F5005F01D1632389E7B3F5804F01D115
:10A33000642384E7B3F5A04F01D16D237FE7B3F524
:10A34000004F3FF47EAF3F2379E7310501D553231A
:10A3500087E7720687D5782383E7710501D55323F4
:10A3600091E7320791D578238DE747214FF080435D
:10A37000B5E70F4932462046B847BCE7E3690D49C7
:10A380002046984700253EE70B494246204698471D
:10A3900039E700BF01090108190E01088704010807
:10A3A000330E0108230101081E0E0108300E0108BA
:10A3B0002A0E0108C106010846140108F7B51F4618
:10A3C0001378042B05460E4603D00024204603B024
:10A3D000F0BD541C2046FFF7D7FE0028F5D12246D9
:10A3E0003146284601F08AFCEB690D4902460646D3
:10A3F000284698470B4B0C4900973246284601F0F7
:10A400001BFC044638B9094B0749009732462846D9
:10A4100001F012FC04463046F8F756FCD6E700BFC0
:10A420003E0E0108B1A1000801090108BDA3000802
:10A43000F8B5064650680F46144603F017FF022F82
:10A4400005460FDDA768FCF7FDFF04463846FCF71C
:10A45000F9FF241A002C05DD39462819FCF7E8FF1E
:10A4600000B92855F36903492A4630469847002029
:10A47000F8BD00BF4714010810B50446506803F04A
:10A4800017FFE3690249024620469847002010BDA5
:10A49000471401082DE9F047DFF8889005460F467C
:10A4A000164600244FF00108B8451EDA14B12046C4
:10A4B000BDE8F08756F82810284600F073FF824662
:10A4C00048B9AB6932684946284698474FF0FF348F
:10A4D00008F10108E8E702463168284601F03AFB36
:10A4E0000446504600F086FFF2E7012FDFD14020FE
:10A4F000F8F7F2FB06462B6940223146284698477A
:10A50000041E05D008DAF7F7A9FF0368042BF2D080
:10A510003046F8F7D9FBCAE7EB68224631462846B1
:10A520009847E8E7BB04010801292DE9F3410446F7
:10A53000164608463BDD234A314604F0BBFC431C6B
:10A5400035D0432806D0632839D11F4A31682046C8
:10A5500001F000FB1C480121FCF752FB051E0EDA3E
:10A560003668A769F7F77AFF036800931749184B15
:10A5700032462046B847284602B0BDE8F0810022A6
:10A5800040F20D51FCF730FA071E0BDA3668D4F8AA
:10A590001880F7F763FF036800930C490D4B3246B0
:10A5A0002046C0472846F7F715FF3D46E3E7064A31
:10A5B0003168204602B0BDE8F04101F0CBBA4FF05F
:10A5C000FF35D8E7430E0108470E0108870401084C
:10A5D000C3030108520E01082DE9F843DFF8A480F7
:10A5E00004460F4616464FF00009424631463846AB
:10A5F00004F060FC431C054611D104F068FC0368BC
:10A60000204656F8231000F0CDFE074660B9A36936
:10A6100032681D49204698472846BDE8F883722DC8
:10A6200008BF4FF00109E0E704F051FC0368013373
:10A63000204656F8231000F0B5FE804640B9A369C5
:10A640003268114920469847384600F0D3FEE3E7C8
:10A650003946FCF7EDFE40B9A36932680B49204644
:10A660009847404600F0C6FEEEE74246394620468F
:10A67000B9F1000F03D0FFF787FC0546F1E7FFF7BC
:10A68000D3FBFAE7D1100108BB0401087D050108DE
:10A690002DE9F04F4FF00009DFF84CA1DFF84CB185
:10A6A00099B005460F4690464E46524641463846BA
:10A6B00004F000FC421C044612D1B9F1000F0BD18A
:10A6C00004F005FC03680133BB4227DAAB69D8F814
:10A6D0000020474928469847204619B0BDE8F08F2A
:10A6E0006C2C12D00CDC522C12D0682C13D0AB691D
:10A6F000D8F800205946284698474FF00109D4E77A
:10A70000732CF4D146F00106CFE746F00B06CCE7F8
:10A7100046F00406C9E746F01006C6E704F0D7FB8A
:10A720000368BB420DDB284600F036FE0146284692
:10A7300000F038FE074650B9AB69D8F800202D4923
:10A74000C8E704F0C4FB036858F82310EFE7FCF7F0
:10A7500079FEFA43384400211318002B03DD10F86A
:10A76000013C2F2B15D002A9384603F058FB0028D6
:10A7700012DAD8F80080AE69F7F770FE036800932C
:10A780001D491E4B42462846B047384600F032FE6F
:10A79000A2E700F8011DDFE7049B03F47043B3F563
:10A7A000804F07D03346002239462846FFF700FD88
:10A7B0000446EAE7EB6912493A4628469847114BA6
:10A7C000114900963A46284601F036FA0446002818
:10A7D000DBD17307D9D50D4B0B4900963A46284675
:10A7E00001F02AFAE4E700BF580E01082804010826
:10A7F00094050108BB04010887040108190E01082B
:10A800003E0E0108B1A1000801090108BDA300081E
:10A810002DE9F347DFF8AC8006460D4614460027C5
:10A8200042462146284604F045FBB0F1FF3F8246F0
:10A830003CD104F04CFB0368AB4233DA04F047FB35
:10A840000368304654F8231000F0ACFD054648B3C9
:10A850001D484FF02F08002F18BF28464FF0000961
:10A860002F21FCF7DAFD044608B180F8009040F291
:10A87000FF11284602F0D8FFB0F1000A1BDAF7F703
:10A88000EDFD0368112B00D1AFB9B469F7F7E6FD10
:10A89000036800930D490E4B2A463046A0472846D0
:10A8A00000F0A8FD504602B0BDE8F087BAF1700F85
:10A8B00008BF0127B4E7002CF1D0204600F8018B37
:10A8C000CEE700BF21010108C0100108870401087C
:10A8D000170901082DE9F04F0027DFF8E4A087B041
:10A8E0000446884615464FF40079BB46354A29464A
:10A8F000404604F0DFFA431C064624D1BBF1000FAA
:10A900001DD104F0E4FA026808F1FF339A4240D105
:10A9100004F0DDFA036855F8230003F078FE032302
:10A92000049003A94FF606708DF80C70ADF81490E2
:10A930008DF8163004F076FF002837DB06463046E7
:10A9400007B0BDE8F08F6D2E07D0732E15D03A2ECC
:10A95000A3691BD12A681C490AE004F0B4FA006814
:10A9600003F055FE0746FF28C0D9A3692A6851465F
:10A97000204698474FF0010BB8E704F0A4FA0068AE
:10A9800003F045FEB7F5804F8146EDE72A680F4991
:10A99000EEE704F09CFA0E4907680B48E3692A6861
:10A9A0004745A8BF014620469847C8E74042009067
:10A9B000A769084B2A6808492046B847BFE700BF87
:10A9C000430401085D0E0108600401082804010821
:10A9D00094050108630E0108870401082DE9F74377
:10A9E00051680446154600F0DDFC074650B9A369DE
:10A9F0002A681849204698474FF0FF36304603B082
:10AA0000BDE8F083A968204600F0CCFC804650B930
:10AA1000A3692A680F49204698474FF0FF36384609
:10AA200000F0E8FCEAE70146384602F0EBFF061EBC
:10AA30000BDA2D68D4F81890F7F710FD036800932F
:10AA40000549064B2A462046C847404600F0D2FC3E
:10AA5000E5E700BFBB040108870401087B0E01087D
:10AA60002DE9F0474FF00008DFF8F8A098B0054650
:10AA70000F461646C14652463146384604F01AFA89
:10AA8000431C04460DD104F022FA0368BB4227DBC5
:10AA9000B8F1000F64D1AB69326833492846984752
:10AAA0000EE0662C16D0722C17D03F2C0CD1EC691E
:10AAB00004F012FA2D4902682846A0474FF0FF34EF
:10AAC000204618B0BDE8F087AB69326826492846B1
:10AAD0009847F3E74FF00108CDE74FF00109CAE7C7
:10AAE00004F0F5F90368284656F8231000F05AFCE4
:10AAF00007460028E4D0B9F1000F26D04FF480704B
:10AB0000FCF79EFA4FF4807281463946F8F791F8C7
:10AB100002A94846FFF7CEFA04464846FCF7BCFABD
:10AB2000B8F1000F15D1002C0BDA3668D5F8188073
:10AB3000F7F794FC036800930D490E4B3246284604
:10AB4000C047384600F056FCBAE703F0F9F904466E
:10AB5000E6E7F7F783FC0368022BE4D10024F0E773
:10AB60000024ADE7970E010860040108820E010879
:10AB7000870401089A0E01082DE9F3415168064641
:10AB8000174600F00FFC0546B0B103F05FF8041E55
:10AB90000BDA3F68D6F81880F7F760FC036800937B
:10ABA0000749084B3A463046C047284600F022FC89
:10ABB000204602B0BDE8F0814FF0FF34F8E700BF57
:10ABC00087040108FE090108D2E900120123FEF7FB
:10ABD0004DBE00002DE9F04F5168C5B00446154642
:10ABE00000F0E0FB804650B9A3692A68414920463D
:10ABF00098474FF0FF36304645B0BDE8F08FA96862
:10AC0000204600F0CFFB814650B9A3692A68394934
:10AC1000204698474FF0FF36404600F0EBFBEAE74E
:10AC200001214046FBF7ECFFB0F1000A10DAA669FB
:10AC30002D68F7F713FC036800932F492F4B2A4622
:10AC40002046B0474FF0FF36484600F0D3FBE3E71D
:10AC500001214846FBF7D4FFB0F1000B10DAA669DA
:10AC60002D68F7F7FBFB036800932349234B2A4623
:10AC70002046B0474FF0FF365046F7F7ABFBE3E70F
:10AC8000802204A9504602F0B3FE8022074624A980
:10AC9000584602F0ADFE002F03460DDA2D68A66976
:10ACA000F7F7DCFB036800931349154B2A4620464F
:10ACB000B0474FF0FF3618E00028EFDB874208D09E
:10ACC0009F423A46A5690F49A8BF1A462046A847A1
:10ACD000EFE703903A4624A904A803F05DFF039B25
:10ACE00006460028ECD17F2FCADC5846F7F772FBE6
:10ACF000C2E700BF6004010887040108C30301081C
:10AD0000F2FF0008A10E01082DE9F04343499BB072
:10AD1000054650681646FCF78BFB044650B1AB69FC
:10AD200032683F49284698474FF0FF3420461BB011
:10AD3000BDE8F083024603A9B06803F08FFD039BD2
:10AD40001B788046002BEAD1F168284600F02AFBE8
:10AD5000074618B9AB6932683249E3E704A903F042
:10AD60005EF800283ADAF7F779FB0368022B30D156
:10AD70004FF4DB71384603F0C7FAB0F100090DDA81
:10AD80003668AC69F7F76AFB03680093264B3246D6
:10AD900026492846A0474FF0FF3416E0B8F1000FCF
:10ADA00010D0414603F08BF9041E0BDA3668D5F853
:10ADB0001880F7F753FB036800931C491C4B32467D
:10ADC0002846C0474846F7F705FB384600F012FB17
:10ADD000ACE70093AC69144B3268D9E7069B03F4E7
:10ADE0007043B3F5004F05D0AB6932680C49284673
:10ADF0009847D0E74146384604F0F4F8041EE4DAF8
:10AE00003668D5F81880F7F729FB036800930749DF
:10AE1000084B32462846C047D7E700BFB90E0108A5
:10AE200028040108BB040108190E01088704010861
:10AE3000BC0E0108BD0E010873B51646044600227B
:10AE4000706801A903F0C9FC054628B1019B72682E
:10AE50009A4201D01B7843B1A36932680649204663
:10AE600098474FF0FF3002B070BD0246E3690349D6
:10AE700020469847A847F6E728040108C60E0108AF
:10AE800003297FB50546144618D1506803782D2B49
:10AE90000ED14378303B092B0AD8002203A9013098
:10AEA00003F09BFC0646A0680378303B092B0DD9C4
:10AEB000AB69226817492846984727E00229F7D14D
:10AEC00050680378303B092BF2D80F2603A90022E3
:10AED00003F083FC314604F08CFCC8B1F7F7BEFAEE
:10AEE0000368AE69032B0AD0162BE1D02468F7F76C
:10AEF000B5FA036800930849084B224604E0A368AA
:10AF000000932268064B07492846B0474FF0FF30B0
:10AF100004B070BD2804010887040108280A01084C
:10AF2000D20E01084405010873B5154606460022F5
:10AF3000686801A903F051FC28B1019B6A689A4234
:10AF400001D01C7844B1B3692A6805493046984756
:10AF50004FF0FF3002B070BD03F0C4FF2046F9E7A8
:10AF60002804010873B5154606460022686801A941
:10AF700003F033FC28B1019B6A689A4201D01C7827
:10AF800044B1B3692A680549304698474FF0FF300D
:10AF900002B070BD03F0C4FF2046F9E728040108A1
:10AFA0002DE9F047012994B00446174600F382804A
:10AFB000002003F058FECDE9040104A803F06CFE64
:10AFC00003680093D0E90132E5696A492046A84741
:10AFD00001264FF0000A06A804F06FFA069D664AA3
:10AFE000002328460021FAF7FFFF8046624800FB55
:10AFF00008F02D1A69EB09094FF4616200234946F4
:10B000002846FAF7F1FF07464FF461607843281AA3
:10B0100069F1000100233C22FAF7E6FFE369574992
:10B02000814620469847B8F1000F0AD0544A554B44
:10B03000E5695549B8F1010F18BF1346204642464D
:10B04000A847E569BAF1000F00F08F8047B14C4A7C
:10B050004C4B4E49012F18BF134620463A46A8478D
:10B06000474A484BE5694A49B9F1010F88BF134681
:10B070004A462046A847BEB1DDE90725099E642758
:10B08000B0B2A9B293B278437943000C090C2D0CED
:10B090007B43360C0390019100953E49E569029689
:10B0A0001B0C120C2046A847E3693B4920469847F1
:10B0B00000252EE039495068FCF7BAF90646002809
:10B0C00050D037497868FCF7B3F9054628BB06A885
:10B0D00004F0F3F904A803F0C6FD069A049B9B1A3A
:10B0E000059A04A862F10002CDE9043203F0D4FD10
:10B0F0000168E669D0E904320391416802918168F0
:10B100000191C16800910133264902F26C72204618
:10B11000B047284614B0BDE8F08723497868FCF7AB
:10B1200087F920B1E3697A68204920469847E369A6
:10B130001F4920469847E3691E4920469847E3691E
:10B140001D4920469847E3691C4920469847E36912
:10B150001B4920469847E3691A49204698474FF013
:10B16000FF35D6E74FF0010A35E717494B463A4617
:10B170007FE700BFD70E010880510100A20F010830
:10B1800025010108C0100108A60F0108B20F01082F
:10B19000BF0F0108D70F0108C1060108E70E01081B
:10B1A000B90E0108EA0E01087B030108090F010826
:10B1B000270F01082F0F0108410F01084B0F01084D
:10B1C0006D0F01088D0F0108CC0F01082DE9F0412A
:10B1D0008AB0044602A901201646F7F75BFF002853
:10B1E00010DAA5693668F7F739F90368009324493E
:10B1F000244B32462046A8474FF0FF3528460AB078
:10B20000BDE8F081716894F8508294F8527220463B
:10B21000FEF7BAFA051E12DB06A90120F7F73AFF7E
:10B22000051E11DAA5693668F7F718F90368009367
:10B230001349144B32462046A8474FF0FF3584F897
:10B24000508284F85172D9E7069B029A0799049EAE
:10B250009A1A039B61EB030308998E4205DD0A48A5
:10B26000013A084463F10003089008990748891BD4
:10B27000E66991FBF0F1204600910549B047DEE711
:10B28000870401080710010800CA9A3BA086010044
:10B29000151001082DE9F04FDFF8DCA085B0044659
:10B2A000884617464FF0FF364FF00209524639469E
:10B2B000404603F0FFFD431C054613D103F007FE93
:10B2C000036843452BDA03F002FE0368002E57F8AB
:10B2D00023B0B8BF6FF000464FF0000A564524D1A6
:10B2E000002518E0632D08D06E2D0DD103F0EBFD85
:10B2F000006803F08CF98146D8E703F0E4FD0068AC
:10B3000003F085F90646D1E7A3693A681B49204650
:10B3100098474FF0FF35284605B0BDE8F08FA36988
:10B320003A68164920469847F5E74020FBF788FE23
:10B3300080460028EFD040225946F7F77AFC414674
:10B340002046FEF721FA03904046FBF7A5FE039B3B
:10B35000002B0BDA3F68A669F7F780F803680093C3
:10B3600007495B463A462046B047D4E7484603F0D3
:10B37000B9FD0AF1010AB1E7251001082804010806
:10B380008704010808B5F7F7D7FE024B002808BF6D
:10B39000184608BD3E1001080148FFF7F3BF00BF83
:10B3A0004710010870B506460C4609B10B7823B961
:10B3B0000D48BDE8704003F0CBBB2F2B01D10846F0
:10B3C000F7E70A48FFF7DEFF094905462046FCF784
:10B3D0002FF808B92846ECE7224629463046BDE852
:10B3E000704000F08BBC00BF3E1001084710010800
:10B3F000170E010808B1F7F767BC704701292DE95E
:10B40000F3410546174655DD56682D493046FCF791
:10B410000FF800284ED02B493046FCF709F80446B7
:10B4200088B92948FFF7AEFF03F092FB002845D109
:10B43000AB693A682549284698474FF0FF363046B1
:10B4400002B0BDE8F08122493046FBF7F1FF044627
:10B4500030BB2048FFF796FF03F07AFB80460028B8
:10B46000E6D002F025FF03F077FD064660B1AE6935
:10B470003F68F6F7F3FF036800931749174B3A4606
:10B480002846B0474FF0FF36B8F1000F02D04046D3
:10B49000F7F71AFC002CD2D02046FFF7ABFFCEE71F
:10B4A00031462846FFF77EFF0028C1D004464FF002
:10B4B0000008D8E700240A48A046D4E78046D2E72F
:10B4C0002A1001083C0E010840100108BB040108C5
:10B4D000160E010847100108870401082C10010806
:10B4E0003E1001082DE9F04F85B0012383464F1E21
:10B4F00004324FF000080093002F914640F3B380D0
:10B5000052F8041B0B782D2B12D10C460846054629
:10B5100010F8013F33B98D420AD014F8013F9BB9AE
:10B52000013FE9E76E2BF2D003F0DF03452BEED0AD
:10B530004FF05C0AB8F1000F74D0D9F800502C46D7
:10B540002B7883B923706DE0652B06D06E2B07D066
:10B55000452B08BF4FF00008DFE74FF00108DCE79C
:10B5600000230093D9E75C2B04D004F8013B2E465E
:10B57000751CE5E76B780D2B05F101060AD80D2B3C
:10B580000ED8DFE803F04B0D0D0D0D0D0D5E610DB6
:10B59000676D646A5C2B37D0782B08D0302B16D0BF
:10B5A000234603F802AB6A7862701C46E0E7033575
:10B5B0000023029616F8012F03931046019202F021
:10B5C000ECFDDDE90121039BA8B90E461CE0043522
:10B5D00000217378303BD8B20828324606F10106C4
:10B5E00003D904F8011B1646C2E7B54203EBC101BB
:10B5F000EFD12A46F5E7A2F1300009284FEA0313FC
:10B6000005D8AE420344D4D104F8013BB0E710465C
:10B61000019302F0D0FD019B5738F2E7002384F834
:10B6200000A06370DBF81C3059F8042B134958460E
:10B630009847013F17D0DBF81C301149584698470E
:10B6400078E74FF00703DFE74FF00803DCE74FF040
:10B650000C03D9E74FF00A03D6E74FF00D03D3E709
:10B660004FF00B03D0E7009B23B1DBF81C300549FA
:10B6700058469847002005B0BDE8F08F2401010826
:10B680007E100108C106010838B50446C5690448A2
:10B69000FFF778FE034902462046A847002038BD40
:10B6A00047100108471401082DE9FF473C4B0DF1F5
:10B6B0000C09154602291A889B78ADF80C2004461F
:10B6C0000E4689F8023001D0042964D16868FBF77E
:10B6D000B9FE012810D82D68A669F6F7BFFE0368E9
:10B6E00000933049304B2A462046B0476FF015068C
:10B6F000304604B0BDE8F0876F6897F80080B8F175
:10B700002D0F0CD0B8F12B0F09D02D68A669F6F7D4
:10B71000A5FE036800932549234B2A46E4E74FF032
:10B72000010A17F8011F11F0DF0F1ED10223033E9B
:10B73000012E32D801339E0055F8230000F0C0FAE4
:10B740002E440146012256F8040CF9F735FC061E7A
:10B75000CEDA2D68A769F6F781FE036800931449D5
:10B76000144B2A462046B847C2E74846FBF755FE29
:10B770000028CAD0A0EB090394F97C220AFA03F34B
:10B780005BB2B8F12B0F0CBF134322EA0303DBB209
:10B7900084F87C32C5E70123C9E70026A8E700BF8B
:10B7A0003210010860040108C40A010828040108D5
:10B7B000870401083710010873B504465068154620
:10B7C000F9F77EFC00280EDAA6692D68F6F746FE2A
:10B7D000036800930549064B2A462046B0474FF0C0
:10B7E000FF3002B070BD0020FBE700BF87040108F6
:10B7F000351001082DE9F04F0026534CDFF84CA11D
:10B80000D5B0054688469146B3462246494640464D
:10B8100003F050FB431C074619D1A6B95C46012C26
:10B820000AA838BF0124FBF7DFFB00283FDAD9F86C
:10B830000060AC69F6F712FE036800934449454B7B
:10B8400032462846A047384655B0BDE8F08F613FE4
:10B85000152F21D8DFE807F02820202020202020E5
:10B860001D20202014200B17200E0B2020114BF040
:10B87000010BCAE74BF0040BC7E74BF0080BC4E71A
:10B880004BF0100BC1E7BBF13D0FBED04BF0400BAE
:10B89000BBE74BF0200BB8E7AB69D9F80020514665
:10B8A000284698470126B0E74FF03D0BADE79222BE
:10B8B0002FA904A8F6F702FFDFF89CB001239A46EF
:10B8C0000AFA06F222421BD024EA0204062E2DD8E0
:10B8D000DFE806F0332C0436242729000DF15D083B
:10B8E0001BB9059B202104A89847069B039340465B
:10B8F000FBF7A8FD039B0246414604A89847002396
:10B900000136002CDCD1059B0A2104A89847EB687E
:10B91000049A089928469847274694E70DF1A50808
:10B92000DEE7D846DCE7DFF83480D9E7AB69D9F841
:10B93000002006492846984785E70DF12808CFE7FB
:10B940000DF17208CCE700BF5D1001082804010862
:10B9500087040108950A01084B10010867100108C7
:10B960002DE9F04F9146A1B00A461E462849C36909
:10B97000074698470024B44202DB21B0BDE8F08FAF
:10B98000244A234680216846FBF75DFC6846FBF7A6
:10B9900059FDA046054604F1100B46450DEB050A7E
:10B9A000C5F180012DDD19F808301B4A5046FBF720
:10B9B0004AFC5046FBF746FD08F10108D84505440E
:10B9C000EBD1DFF858A0B44212DA19F80430A3F131
:10B9D00020025F2A0DEB0508C5F1800128BF2E2348
:10B9E00052464046FBF72FFC4046FBF72BFD054433
:10B9F00001345C45E7D1FB6909496A4638469847F6
:10BA0000B9E70A4650460749F7F713F9D1E700BFEF
:10BA10003E0E01086F10010876100108BC100108E5
:10BA2000471401087C10010873B51446054610221E
:10BA3000606801A902F012FF23681B7806461BB953
:10BA40004FF0FF3002B070BD019B1A78002AF7D189
:10BA5000A06801A902F0C1FE226812780346002AFC
:10BA6000EED0019A1478002CEAD10028E8DB2846B1
:10BA700002493246FFF774FF2046E3E780100108D1
:10BA80002DE9F04701218AB0054650689146FBF741
:10BA9000B7F8071E0FDAAC69F6F7E0FC036800930D
:10BAA000264B274A27492846A0474FF0FF34204617
:10BAB0000AB0BDE8F0874FF40070F7F70DF90646BD
:10BAC00048B93846F6F786FCAC69F6F7C7FC036858
:10BAD00000931D4BE5E7DFF874A04FF000084FF42A
:10BAE00000723146384601F083FF041E12DAAC6959
:10BAF000F6F7B4FC03680093114A154B1149284628
:10BB0000A0474FF0FF343846F6F764FC3046F7F7AD
:10BB1000DBF8CCE7F7D04FEAE873CDE90083524673
:10BB2000D9F80430202102A8FBF78DFB23463246CA
:10BB300002A92846FFF714FFA044D0E7C303010879
:10BB4000E80801088704010889100108901001081D
:10BB5000F2FF00082DE9F74304460E46104640F276
:10BB60000141FBF74DF8B0F100080FDAA569F6F7CF
:10BB700075FC036800932A4B2A4932462046A847A1
:10BB80004FF0FF35284603B0BDE8F0834FF4007056
:10BB9000F7F7A2F8074680BB4046F6F71BFCA569FD
:10BBA000F6F75CFC036800931F4BE5E700931F4B1F
:10BBB0001C4932462046A8474FF0FF354046F6F76D
:10BBC00009FC3846F7F780F8DCE7F7D04FF00009BA
:10BBD000E368A5EB090207EB090120469847002816
:10BBE00008DAF6F73BFC0368A569042B13D0009331
:10BBF0000F4BDDE781444D45EADC4FF400723946D6
:10BC0000404601F0F5FE051EDFDAF6F727FC036873
:10BC1000A569042BCAD1074932462046A847CBE77D
:10BC2000C30301088704010889100108F2FF000816
:10BC3000080E01085D0501082DE9F3410446104690
:10BC4000884616461F4602F0BCFA054678B9A56933
:10BC5000F6F704FC0368009320460E4B0E4942465B
:10BC6000A8474FF0FF34204602B0BDE8F0812846D7
:10BC700002F0DBFA024658B1089B31462046B8472D
:10BC80000028F4DA4FF0FF34284602F0B8FAEAE769
:10BC90000446F9E70E0E01088704010810B50446B2
:10BCA000FBF7D0FB00212318E443E218002A03DD50
:10BCB00013F8012C2F2A00D010BD03F8011DF4E762
:10BCC000F8B50446207825462646013470B9284642
:10BCD000FBF7B8FBF6432C180027E64204D414F80F
:10BCE000010C02F050FA30B92846F8BD02F04BFAC8
:10BCF0000028E7D1EBE704F8017DEEE773B50D46C8
:10BD000004460F4928461646FBF792FB303470B9BB
:10BD10000C4A33464FF400712046FBF794FA012297
:10BD20000021204602B0BDE8704002F0A9BC064ADE
:10BD300000962B464FF400712046FBF784FAEEE79D
:10BD40000C0301084FFD00084DFD00082DE9FF41DF
:10BD5000144688461E460546F7F79CFE21463246A5
:10BD6000404600F0BDFC041E2DDB95F85032C5F8AE
:10BD70005842002B33D195F8AC62039336B16B690E
:10BD800022464FF48C7128469847064620460422E6
:10BD900003A903F002FC041E1ADAF6F75FFB03683E
:10BDA0000A2B1AD00093AF69154B16494246284614
:10BDB000B84795F8AC3233B12EB96B69324640F2D0
:10BDC000191128469847F7F773FE44EAE47014E027
:10BDD000039C003C18BF0124EBE70024E9E703A91A
:10BDE000F9F790FD039B0849009342462346EE690C
:10BDF0002846B047F7F75CFE002004B0BDE8F081AC
:10BE00009C10010887040108A41001082DE9F04FD7
:10BE100085B04FF00008DFF834B14D4DCDF80C80FF
:10BE2000044689461746C2464A4A3946484603F000
:10BE300041F8431C06460BD1B8F1000F46D103F080
:10BE400046F803684B451EDBA3693A6840493BE06E
:10BE50006F2E10D0742E09D03A2EA36910D13A68F3
:10BE60002946204698474FF00108DDE703F02BF8FC
:10BE7000D0F800A0D8E703F026F803680393D3E7CF
:10BE80003A685946EDE703F022F8036857F8235063
:10BE900003F01DF803680133036003F018F803682A
:10BEA0004B454CDA03F013F8036857F823B003F05E
:10BEB0000EF803680133036003F009F803684B458B
:10BEC00008DAA3693A68244920469847304605B005
:10BED000BDE8F08FBAF1000FB6D035B12946204643
:10BEE000FFF760FA05460028F0D059462046FFF7D4
:10BEF00059FA804600B3039B009301460023524643
:10BF0000284601F0CBFB061E0BDA3F68D4F81890E8
:10BF1000F6F7A4FA036800931049114B3A462046FD
:10BF2000C8472DB12846FFF765FAB8F1000FCDD00C
:10BF30004046FFF75FFAC9E7002DF3D1C6E7BAF133
:10BF4000000F81D0AB464546CFE700BF280401086B
:10BF500060040108B0100108940501088704010875
:10BF6000AC0A01082DE9F743DFF8909007460E462A
:10BF700015464FF000084A462946304602F09AFF1F
:10BF8000431C04460AD102F0A2FF0368B34214DB4B
:10BF9000BB692A681A49384698470AE0662C4FF070
:10BFA0000108E8D0BB692A681649384698474FF01F
:10BFB000FF34204603B0BDE8F08302F088FF036839
:10BFC000384655F82310FFF7EDF906460028F0D063
:10BFD000414601F0D4FB041E0BDA2D68D7F8188017
:10BFE000F6F73CFA036800930749084B2A4638469F
:10BFF000C0473046FFF7FEF9DBE700BFCE1001086F
:10C00000600401082804010887040108AB0A01083C
:10C010002DE9F04FDFF8B880DFF8B890DFF8B8A06E
:10C0200085B004468B46164601255D4503DB00209E
:10C0300005B0BDE8F08F56F8252013785C2B44D16D
:10C0400053786E3B0A2B21D8DFE803F03420202000
:10C0500039203C2020200600971C00211022384661
:10C0600002F0FCFB0A2103903846F6F7FEFD062895
:10C07000039A0DDD130E0193C2F307430093E769A2
:10C080001649C2F307232046D2B2B8470135CCE7A0
:10C09000022807DDC2F30723E7691149D2B220461F
:10C0A000B847F3E70028F1DDE3690E49D2B2204634
:10C0B0009847EBE7E3690C4920469847E6E7E369D0
:10C0C0005146F9E7E3694946F6E7E3694146EEE799
:10C0D00024010108BF1001081AFD0008B61001086C
:10C0E000BA100108BC100108C10601082DE9F04F83
:10C0F000DFF87CA2DFF87CB297B007460E46154603
:10C100009D492868FBF794F978B9012E40F36481C2
:10C110002A1D711E3846FFF7E9FFB0FA80F4640962
:10C120006442204617B0BDE8F08F286803782D2BB5
:10C1300040F09880012E40F34F819049FBF778F949
:10C14000D8B96B681B780BB34FF0020900244E4539
:10C15000E7DD8B4955F829004FEA8908FBF768F9B4
:10C16000002840F02F81002C40F03B8109F10103B1
:10C1700008F10408F61A4544C2E782492868FBF72B
:10C1800057F940B96B681B78002BDDD04FF00209DE
:10C190004FF0FF34DBE769683846FFF703F9804664
:10C1A000C0B1694601F03BFE04464046FFF722F964
:10C1B00024B1582200216846F6F771FD72492868BB
:10C1C000FBF736F940B9029B03F47043B3F5C04F57
:10C1D000DCD1B9E70124ECE76C492868FBF728F9C2
:10C1E00028B9029B03F47043B3F5005FF0E7684998
:10C1F0002868FBF71DF928B9029B03F47043B3F5D7
:10C20000804FE5E763492868FBF712F910B9002C65
:10C210009AD0BBE760492868FBF70AF928B9029B66
:10C2200003F47043B3F5004FD2E75C492868FBF78D
:10C23000FFF820B9029B13F4927F85D1A6E75849F5
:10C240002868FBF7F5F820B9079B002B3FF77CAF78
:10C250009CE754492868FBF7EBF818B9029B13F0E8
:10C26000920FEAE7022E40F3B78068685146FBF769
:10C27000DFF850B9A9682868FBF7DAF8041E18BF80
:10C28000012464424FF0030961E768685946FBF7EF
:10C29000CFF80028EED044496868FBF7C9F838B9F0
:10C2A000A9682868FBF7C4F8B0FA80F46409E8E7E5
:10C2B00028680022694602F090FA2B681B788046B5
:10C2C000002B00F08980009B1A78002A40F08480BF
:10C2D000A868694602F081FAAB681B780446002B17
:10C2E0007AD0009B1B78002B76D130496868FBF729
:10C2F0009FF828B9B8EB040418BF4FF0FF34C1E72A
:10C300002B496868FBF794F828B9A0454FF0FF3433
:10C31000A8BF0024B6E727496868FBF789F828B961
:10C32000A0454FF0FF34C8BF0024ABE7224968683E
:10C33000FBF77EF828B9A0454FF0FF34D8BF0024A2
:10C34000A0E71E496868FBF773F828B9A0454FF0CD
:10C35000FF34B8BF002495E719496868FBF768F80F
:10C36000002839D1A0454FF0FF3418BF002489E7D9
:10C37000DA100108D6100108E5030108C110010810
:10C38000F4100108C4100108C7100108A603010831
:10C39000F9030108CA100108CD100108D0100108E6
:10C3A000B90E0108D3100108D9100108DC100108EA
:10C3B000E0100108E4100108E8100108EC10010881
:10C3C000F0100108084955F82900FBF731F818B9B1
:10C3D000002C7FF4CBAEA4E6BB69044A044938467E
:10C3E00098474FF0FF349CE6F71001085A0A0108FD
:10C3F0007D05010804320139FFF778BE70B501F1FF
:10C400008043013B04460E4652F823000949154675
:10C41000FBF70EF830B92A1DB11E2046BDE870406A
:10C42000FFF764BEA3692A680349204698474FF086
:10C43000FF3070BD8B0701087D05010838B5054642
:10C440000C4629B10B7BDA0703D543F002030B73CB
:10C4500038BD486808B1F6F737FCA06808B1F6F7B0
:10C4600033FC0022C4E901222273D5F840325BB1CB
:10C470009C4212D12368C5F84032D5F844329C4220
:10C480000CBFC5F844222260D5F8483223600BB9AE
:10C49000C5F84C42C5F84842DAE719688C420CD11D
:10C4A000D5F8400248B1D5F84402844215BF20684F
:10C4B000C5F8443218601A600A601B68002BECD182
:10C4C000E2E738B50D4604460CB9204638BD606831
:10C4D0002946FAF7ADFF0028F7D02468F4E7D0F832
:10C4E000403253B9D0F848323BB900F50C72C0E97C
:10C4F0009222C0F84432C0F83032704738B5FFF7A6
:10C50000EEFF09B9002038BDD0F84002FFF7D9FF8F
:10C510000028F7D0037BDB07F4D48368002BF2D12B
:10C52000F0E7FFF78BBF00002DE9F84F1546FFF746
:10C53000D6FF012904460FDCD0F84052434E1DB906
:10C54000AA465046BDE8F88FD5E90123E769314690
:10C550002046B8472D68F2E73D4EDFF8F880DFF857
:10C56000EC904FF0000A55F8040F0028E9D03D2167
:10C57000FAF753FF002851D0834600230BF8013B04
:10C58000D5F800A0BAF1000F45D09AF80030002B82
:10C5900041D0D4F840025146FFF793FF0746C0B19F
:10C5A0008068F6F791FB584602F0D2FAB8607B68D3
:10C5B00013B1BB68002B45D139462046FFF73EFF3B
:10C5C0006FF00B0AA7692A6823495B462046B847E3
:10C5D000C9E7D4F84872002FEED03B68C4F848325F
:10C5E0000BB9C4F84C3200233B60504602F0B0FA5D
:10C5F0007860584602F0ACFA0023B8603B60D4F88B
:10C60000403223B9C4F84072C4F84472CFE7D4F87A
:10C6100044321F60F8E76FF0150AD3E72968D4F8B1
:10C620004002FFF74EFF20B1D0E90123E7694946F8
:10C63000CCE7A7692B68324641462046B8476FF0E1
:10C64000010A90E74FF0000A8DE700BF22110108B0
:10C650008F07010810110108FA1001082DE9F041B7
:10C660001546FFF73CFF012906460C462EDD194A08
:10C670002946204602F01EFC61280CD1D6F8401253
:10C6800019B90C462046BDE8F0810C683046FFF72A
:10C69000D5FE2146F4E7104FDFF84080002455F81E
:10C6A000041F0029EED0D6F84002FFF70AFF01462A
:10C6B00018B13046FFF7C2FEF1E7B4692B683A467D
:10C6C00041463046A0476FF00104E8E76FF01504DB
:10C6D000D8E700BFF51001088D0701081011010807
:10C6E000F0B58BB00E461746FAF758FC002806DA6C
:10C6F0000224F5F7B3FE04604FF0FF3465E0FAF76B
:10C700005FFC05460028F3D005A8FAF778FD04463B
:10C710000028EED103A801F007FF0446002848D105
:10C720006B68049304A905A801F005FF04460028DE
:10C730003CD1A96805A801F005FF0446002835D1C1
:10C74000022105A801F0FBFE044600282ED10C2191
:10C7500005A801F0EDFE044640BB6FB92868E96802
:10C760005EBB0023CDE9006303AA05ABF8F71EF911
:10C77000041E24DA644219E0BA6972B9FA69002A1F
:10C78000ECD04FF4D273009301213B6903A801F070
:10C790009DFE04460028E1D008E00021FB680091DE
:10C7A00003A801F093FE04460028E7D003A801F097
:10C7B000B0FE05A8FAF745FD9BE70436D1E703A8CC
:10C7C00001F0A7FE05A8FAF73CFD20460BB0F0BD2E
:10C7D00010B501460446054801F0E4FE2046044A2F
:10C7E0000449BDE8104001F0EDBE00BF7C11010816
:10C7F000311101088411010870B50023466A0362F3
:10C800000446D4E907232068D21A314601F0F0F833
:10C81000051E17DAF5F722FE0368042B1AD0022052
:10C82000FAF732FF0446F5F719FE006802F0A0F9A6
:10C830000D4A0E490346204601F0C4FE4FF0FF3575
:10C84000284670BD236A2B4423622E4402D1012363
:10C850002376F5E7D4E907329A4202D2002DD0D1EF
:10C86000EEE70025ECE700BF311101080D120108C9
:10C870002DE9F04F9FB00C4603902822002114A808
:10C88000F6F70DFA4FF400731B934FF0FF334FF0A0
:10C89000000816932623199304344FF001094646E5
:10C8A0004546039B99450DDBB8F1000F00F09780DA
:10C8B0000120FAF7E9FEFFF78BFF002420461FB0A6
:10C8C000BDE8F08FA3492068032202F095F928B94A
:10C8D0002568033509F101090434E2E79E4920681F
:10C8E000032202F089F910B926680336F2E79B4962
:10C8F0002068032202F080F928B92068033001F093
:10C9000086FE1B90E6E796492068062202F074F93D
:10C9100028B92068063001F07AFE1690DAE79149CE
:10C920002068052202F068F928B92068053001F076
:10C930006EFE1790CEE78C492068052202F05CF964
:10C9400028B92068053001F062FE1890C2E78749D7
:10C950002068062202F050F920B9199B43F0010328
:10C960001993B7E782492068052202F045F940BBD8
:10C97000236803F1050B2C215846FAF74EFD0746B4
:10C98000B0B1A0EB0B0ABAF1070F40F0438279492E
:10C990005246584602F000F9002840F03382199BB5
:10C9A00023F020031993002F94D007F1010BE2E745
:10C9B0005846FAF747FD8246E5E7199B23F0240322
:10C9C000F0E76D492068FAF733FD28B10220FAF745
:10C9D0005BFEFFF7FDFE27E24FF001087AE7199BA7
:10C9E000DB070FD505B16EB90220FAF74DFE0446FC
:10C9F000162002F0BDF8614A61490346204601F065
:10CA0000E1FDE3E71B98F6F767F91D9078B902207E
:10CA1000FAF73AFE0446F5F721FD006802F0A8F89F
:10CA2000564A58490346204601F0CCFDFCE10DBBB7
:10CA30001495002E43D101231593179B002B71D021
:10CA40001B9914980022594300F0DEFE002869DA91
:10CA50000220FAF719FE0446F5F700FD006802F01F
:10CA600087F8464A48490346204601F0ABFD4FF09F
:10CA7000FF3411E101212846FAF7C2F8002814908A
:10CA8000D7DA0220FAF700FE0446F5F7E7FC006863
:10CA900002F06EF8394A00903C4920462B4601F0DE
:10CAA00091FD4FF0FF341D98F6F70EF9002CFFF6BC
:10CAB00005AF159C002CFFF601AF149CFEE61999FA
:10CAC0004FF4D2723046FAF79BF800281590B4DA8A
:10CAD0000220FAF7D9FD0446F5F7C0FC006802F021
:10CAE00047F8264A009029492046334601F06AFD5E
:10CAF0004FF0FF34002DD6D01498F5F76BFC0028CA
:10CB00001490D0DA0220FAF7BFFD0546F5F7A6FC2F
:10CB1000006802F02DF8194A1D490346284601F025
:10CB200051FDC0E7189BBBB31B99159800225943D0
:10CB300000F06AFE00282FDA0220FAF7A5FD04466D
:10CB4000F5F78CFC006802F013F80C4A1149034613
:10CB50008AE700BF25120108291201082D120108D9
:10CB600031120108381201083E120108441201086E
:10CB70004B12010851120108781201083111010805
:10CB80007F1201089B120108D2120108B512010898
:10CB900013140108EB12010804A90120F6F77AFA30
:10CBA0004FF000094F46C8469DF868A0BAF1000F43
:10CBB00003D1169B9945C0F0898008A90120F6F79A
:10CBC00069FA9D4A08980999049BDDF814C0A0FBF6
:10CBD000020402FB01440A99401844EBE174A3FBF0
:10CBE000023102FB0C11069A9B1841EBE271C01A4C
:10CBF00064EB01014FF47A720023F9F745FA044619
:10CC000002208B46FAF740FD43463A46CDE90094B0
:10CC10008A4901F0D7FC0220FAF736FD41468246E8
:10CC2000384600F0AFFA864B002200F0E1FA804669
:10CC300089462046594600F0A5FA7DA3D3E9002392
:10CC400000F000FC02460B464046494600F0FAFB65
:10CC500000F0E0FC7B490246504601F0B3FC199815
:10CC600010F0010418D01799149809B11B9B59436F
:10CC7000002200F0C9FD041E53DA0220FAF704FD79
:10CC80000746F5F7EBFB006801F072FF6E4A6F494B
:10CC90000346384601F096FC002E3FF42BAF159862
:10CCA000F5F798FB00281590BFF624AF0220FAF79D
:10CCB000EBFC0646F5F7D2FB006801F059FF624A2B
:10CCC00063490346304601F07DFC13E714A8FFF7E3
:10CCD00093FD041EE0DB1C9B002B3FF465AF1D9C05
:10CCE0001C9A1598A2EB0A02214601F0C7F9002808
:10CCF0000CDA0220FAF7C8FC0446F5F7AFFB00682F
:10CD000001F036FF504A53490346ADE61C9B82446E
:10CD10009A450444E4D3DF1909F1010948F10008F8
:10CD200042E7002715988DF868703A46394600F0BA
:10CD30006BFD041E0CDA0220FAF7A6FC0746F5F795
:10CD40008DFB006801F014FF3F4A43490346A0E70A
:10CD50001B98F5F7C1FF804600283FF488AE9DF888
:10CD60006830F3B9169B9F421BD214A8FFF744FD0D
:10CD7000041E3CDB1C9A1598414600F039FE1C9BB2
:10CD80008342044615D00220FAF77EFC002C0746A9
:10CD90000DDAF5F763FB03682B4A3049384601F09A
:10CDA00011FC002C23DB4046F5F78EFF74E7234689
:10CDB000F2E7024641461D9801F0EEFE00B33B4605
:10CDC000274A20210CA8FAF73EFADDE91C210CA81D
:10CDD00001F09EFA234A3B4620210CA8FAF733FAC9
:10CDE0001C9A41460CA801F093FA4FF0FF34022040
:10CDF000FAF74AFC144A1C49234601F0E3FBD2E748
:10CE00000137ACE719495246584601F0C5FE0028E3
:10CE10003FF4D3AD0220FAF737FC0B4A1449CDF8A2
:10CE200000B0534601F0CEFB4FF0FF3446E500BFA3
:10CE30000000000080842E4100CA9A3B271301089D
:10CE40000000503F51130108311101085A13010825
:10CE5000F61301080E13010878130108971301084F
:10CE6000B5130108C6130108D91301082F140108CE
:10CE70005912010802F00DBD81F0004102E000BF2F
:10CE800083F0004330B54FEA41044FEA430594EA8A
:10CE9000050F08BF90EA020F1FBF54EA000C55EAC5
:10CEA000020C7FEA645C7FEA655C00F0E2804FEA96
:10CEB0005454D4EB5555B8BF6D420CDD2C4480EA78
:10CEC000020281EA030382EA000083EA010180EAA8
:10CED000020281EA0303362D88BF30BD11F0004FF6
:10CEE0004FEA01314FF4801C4CEA113102D040422C
:10CEF00061EB410113F0004F4FEA03334CEA133367
:10CF000002D0524263EB430394EA050F00F0A7807E
:10CF1000A4F10104D5F1200E0DDB02FA0EFC22FA79
:10CF200005F2801841F1000103FA0EF2801843FA6D
:10CF300005F359410EE0A5F120050EF1200E012A5E
:10CF400003FA0EFC28BF4CF0020C43FA05F3C0189C
:10CF500051EBE37101F0004507D54FF0000EDCF115
:10CF6000000C7EEB00006EEB0101B1F5801F1BD3BE
:10CF7000B1F5001F0CD349085FEA30004FEA3C0CC2
:10CF800004F101044FEA445212F5800F80F09A80B8
:10CF9000BCF1004F08BF5FEA500C50F1000041EBBC
:10CFA000045141EA050130BD5FEA4C0C404141EBC0
:10CFB0000101013C28BFB1F5801FE9D291F0000FBB
:10CFC00004BF01460020B1FA81F308BF2033A3F16A
:10CFD0000B03B3F120020CDA0C3208DD02F1140C61
:10CFE000C2F10C0201FA0CF021FA02F10CE002F19C
:10CFF0001402D8BFC2F1200C01FA02F120FA0CFC95
:10D00000DCBF41EA0C019040E41AA2BF01EB0451DD
:10D01000294330BD6FEA04041F3C1CDA0C340EDCDB
:10D0200004F11404C4F1200220FA04F001FA02F31E
:10D0300040EA030021FA04F345EA030130BDC4F1DC
:10D040000C04C4F1200220FA02F001FA04F340EAD1
:10D050000300294630BD21FA04F0294630BD94F082
:10D06000000F83F4801306BF81F480110134013D69
:10D070004EE77FEA645C18BF7FEA655C29D094EADA
:10D08000050F08BF90EA020F05D054EA000C04BF58
:10D090001946104630BD91EA030F1EBF0021002043
:10D0A00030BD5FEA545C05D14000494128BF41F0E2
:10D0B000004130BD14F580043CBF01F5801130BD46
:10D0C00001F0004545F0FE4141F470014FF00000D1
:10D0D00030BD7FEA645C1ABF194610467FEA655C82
:10D0E0001CBF0B46024650EA013406BF52EA033524
:10D0F00091EA030F41F4002130BD00BF90F0000F12
:10D1000004BF0021704730B54FF4806404F132044D
:10D110004FF000054FF0000150E700BF90F0000F06
:10D1200004BF0021704730B54FF4806404F132042D
:10D1300010F0004548BF40424FF000013EE700BFFD
:10D1400042004FEAE2014FEA31014FEA02701FBF8D
:10D1500012F07F4393F07F4F81F06051704732F0BF
:10D160007F4208BF704793F07F4F04BF41F4002116
:10D17000704730B54FF4607401F0004521F0004174
:10D180001CE700BF50EA010208BF704730B54FF0FE
:10D1900000050AE050EA010208BF704730B511F0FF
:10D1A000004502D5404261EB41014FF4806404F137
:10D1B00032045FEA915C3FF4D8AE4FF003025FEABD
:10D1C000DC0C18BF03325FEADC0C18BF033202EB41
:10D1D000DC02C2F1200300FA03FC20FA02F001FA9B
:10D1E00003FE40EA0E0021FA02F11444BDE600BF3E
:10D1F00070B54FF0FF0C4CF4E06C1CEA11541DBFED
:10D200001CEA135594EA0C0F95EA0C0F00F0DEF8B7
:10D210002C4481EA030621EA4C5123EA4C5350EA9C
:10D22000013518BF52EA033541F4801143F48013ED
:10D2300038D0A0FB02CE4FF00005E1FB02E506F07E
:10D240000042E0FB03E54FF00006E1FB03569CF0D3
:10D25000000F18BF4EF0010EA4F1FF04B6F5007FD9
:10D2600064F5407404D25FEA4E0E6D4146EB06064B
:10D2700042EAC62141EA55514FEAC52040EA5E50D4
:10D280004FEACE2EB4F1FD0C88BFBCF5E06F1ED87E
:10D29000BEF1004F08BF5FEA500E50F1000041EBB5
:10D2A000045170BD06F0004646EA010140EA020062
:10D2B00081EA0301B4EB5C04C2BFD4EB0C0541EA84
:10D2C000045170BD41F480114FF0000E013C00F399
:10D2D000AB8014F1360FDEBF002001F0004170BDBD
:10D2E000C4F10004203C35DA0C341BDC04F11404D6
:10D2F000C4F1200500FA05F320FA04F001FA05F262
:10D3000040EA020001F0004221F0004110EBD3702E
:10D3100021FA04F642EB06015EEA430E08BF20EA5A
:10D32000D37070BDC4F10C04C4F1200500FA04F3FD
:10D3300020FA05F001FA04F240EA020001F000418F
:10D3400010EBD37041F100015EEA430E08BF20EA02
:10D35000D37070BDC4F1200500FA05F24EEA020E4A
:10D3600020FA04F301FA05F243EA020321FA04F079
:10D3700001F0004121FA04F220EA020000EBD37030
:10D380005EEA430E08BF20EAD37070BD94F0000F30
:10D390000FD101F00046400041EB010111F4801F64
:10D3A00008BF013CF7D041EA060195F0000F18BF15
:10D3B000704703F00046520043EB030313F4801F51
:10D3C00008BF013DF7D043EA0603704794EA0C0F0B
:10D3D0000CEA135518BF95EA0C0F0CD050EA410621
:10D3E00018BF52EA4306D1D181EA030101F000419E
:10D3F0004FF0000070BD50EA410606BF10461946C6
:10D4000052EA430619D094EA0C0F02D150EA0136D1
:10D4100013D195EA0C0F05D152EA03361CBF104612
:10D4200019460AD181EA030101F0004141F0FE41B1
:10D4300041F470014FF0000070BD41F0FE4141F435
:10D44000780170BD70B54FF0FF0C4CF4E06C1CEA35
:10D4500011541DBF1CEA135594EA0C0F95EA0C0FEA
:10D4600000F0A7F8A4EB050481EA030E52EA0335A5
:10D470004FEA013100F088804FEA03334FF08055C6
:10D4800045EA131343EA12634FEA022245EA1115F3
:10D4900045EA10654FEA00260EF000419D4208BFA4
:10D4A000964244F1FD0404F5407402D25B084FEA51
:10D4B0003202B61A65EB03055B084FEA32024FF4FD
:10D4C00080104FF4002CB6EB020E75EB030E22BF5A
:10D4D000B61A754640EA0C005B084FEA3202B6EB1A
:10D4E000020E75EB030E22BFB61A754640EA5C00C9
:10D4F0005B084FEA3202B6EB020E75EB030E22BF59
:10D50000B61A754640EA9C005B084FEA3202B6EB59
:10D51000020E75EB030E22BFB61A754640EADC0018
:10D5200055EA060E18D04FEA051545EA16754FEA7A
:10D5300006164FEAC30343EA52734FEAC2025FEA98
:10D540001C1CC0D111F4801F0BD141EA00014FF027
:10D5500000004FF0004CB6E711F4801F04BF0143F8
:10D560000020B4F1FD0C88BFBCF5E06F3FF6AFAE14
:10D57000B5EB030C04BFB6EB020C5FEA500C50F1A4
:10D58000000041EB045170BD0EF0004E4EEA113127
:10D5900014EB5C04C2BFD4EB0C0541EA045170BD2E
:10D5A00041F480114FF0000E013C90E645EA060E72
:10D5B0008DE60CEA135594EA0C0F08BF95EA0C0FA0
:10D5C0003FF43BAF94EA0C0F0AD150EA01347FF4E8
:10D5D00034AF95EA0C0F7FF425AF104619462CE7BF
:10D5E00095EA0C0F06D152EA03353FF4FDAE104622
:10D5F000194622E750EA410618BF52EA43067FF473
:10D60000C5AE50EA41047FF40DAF52EA43057FF402
:10D61000EBAE12E74A0011D212F5001211D20DD56D
:10D620006FF47873B3EB62520ED44FEAC12343F028
:10D63000004343EA505323FA02F070474FF00000D2
:10D64000704750EA013002D14FF0FF3070474FF081
:10D650000000704738B504464518AC4202D014F8B3
:10D66000010B00B938BDF3F76FF9F6E730B5154691
:10D6700087B00C4601A801F0D3F921462A6801A819
:10D68000F5F79EFA059B0A2B044604D0029B0A215B
:10D6900001A898470134204607B030BD08B5EFF324
:10D6A00005831BB9F4F7DAFE262303604FF0FF3041
:10D6B00008BDF0B589B000230F4600930646002848
:10D6C0005AD0CDE9010301A8CDE90333CDE90533F3
:10D6D0008DF81C30F9F71CFC041E2EDB029D2B8AF2
:10D6E00003F00F03032B42D16B691B6D002B3ED05F
:10D6F000F4F7FCF96B69286A1B6D3A46694698474E
:10D70000041E31DB2ED12B8A2C6223F00F032B82D7
:10D71000AB686C61C3B1BFF35B8F0C3555E8003F5C
:10D72000013B45E80032002AF8D1BFF35B8FF4F7E4
:10D73000E9F9009808B1F4F717FE069808B1F5F773
:10D74000C3FA204609B0F0BD304600F0DAFC0646C8
:10D75000F4F7D8F916B116F1100F0BD12846F4F7EB
:10D7600003FEE6E76FF00F04F4F7CCF9F6E76FF08D
:10D770001504F3E73446F1E76FF00D04E1E710B567
:10D78000FFF797FF041E08DAEFF305831BB9F4F7E0
:10D7900065FE644204604FF0FF34204610BD70B552
:10D7A000C66804460B4615463EB176692EB1366909
:10D7B0001EB1B04700280DDA70BD012D05D0022D35
:10D7C0000AD025B16FF01500F6E7A2681344002BCC
:10D7D000F8DBA360A068EFE76FF02500ECE773B516
:10D7E0000D46164601A90022F4F74DFC041E08DB85
:10D7F000019832462946FFF7D2FF04460198F4F714
:10D800005CFC204602B070BD10B5FFF7E8FF041EB7
:10D8100008DAEFF305831BB9F4F720FE64420460D5
:10D820004FF0FF34204610BD30B589B00C46054698
:10D83000F9F7D4FB002324EA000401A8CDE9023360
:10D84000CDE90433019506938DF81C30F9F760FBA0
:10D85000002821DB0298059900900B78002B37D027
:10D86000038A03F00F03032B34D1436993B3DB6DB9
:10D8700093B322469847002804DA44420098F4F70C
:10D8800073FD16E00098F4F76FFD069810B1F5F7F8
:10D890001BFA002009B030BDF4F728F921466A468A
:10D8A0002846F4F78FF90446F4F72CF9002CECDA4B
:10D8B0006442069818B1F5F707FA00230693EFF3D0
:10D8C000058313B9F4F7CAFD04604FF0FF30E1E7B8
:10D8D0001124D3E70624D1E72624CFE72DE9FF471B
:10D8E00080461746002A53D0002953D000230A1D32
:10D8F000BB421FDBD8F80030DB074ED5D8F80C90C0
:10D90000B9F1000F4CD0D9F81430002B48D05E6A22
:10D91000C6B13A466846F4F771FA044630B9D9F808
:10D92000143069465B6A404698470446204604B076
:10D93000BDE8F08751F8330010B952F8330048BB06
:10D940000133D5E79B685BB30D4634466FF0004A60
:10D95000B742EBDD6A68C2B1AAEB04039A4204D96C
:10D96000002C08BF6FF01504E0E7D9F814302968DF
:10D970009B6840469847002803DA002C08BF0446FD
:10D98000D4E76B6883420444D0D801360835DFE71A
:10D990001446CBE76FF00D04C8E76FF00C04C5E741
:10D9A0006FF00804C2E773B50D46164601A90022C0
:10D9B000F4F769FB041E08DB019832462946FFF79D
:10D9C0008DFF04460198F4F778FB204602B070BD45
:10D9D00010B5FFF7E8FF041E08DAEFF305831BB963
:10D9E000F4F73CFD644204604FF0FF34204610BD64
:10D9F00007B5CDE9001201226946FFF7E9FF03B040
:10DA00005DF804FB2DE9F0470F46A6B080460028DC
:10DA100000F012810378002B00F00E81002900F045
:10DA20000B810B78002B00F00781002502904FF04E
:10DA3000010A02A8CDE90355CDE9055507958DF8F2
:10DA400020A0F9F765FA041E78DB039E338A03F001
:10DA50000F03032B40F08480DDF8189099F8003014
:10DA6000002B7DD0019573695B6E002B61D009A8F6
:10DA7000CDE90975CDE90B55CDE90D558DF83CA0E3
:10DA8000F9F746FA041E2DDB0A9FBE424ED10D9DCA
:10DA900048462946F9F7CCFC044600B373699B6EEF
:10DAA00053B310AA294630469847002824DB129B1E
:10DAB00003F47043B3F5804F26D1484600F0D6FBFF
:10DAC0002A780346002A2FD05F492A4601A8F4F796
:10DAD0009BFD00280FDA002301936FF00B043846FA
:10DAE000F4F742FC0E9808B1F5F7EEF8019810B380
:10DAF000F5F7EAF81FE0019D73692A465B6E494617
:10DB0000304698470446EAE7736910AA9B6E494677
:10DB100030469847041EE2DB73699B6D002BEBD007
:10DB2000294630469847E7E70546E5E76FF01104D8
:10DB3000D5E76FF025043046F4F716FC079818B1C6
:10DB4000F5F7C2F800230793002C78DAEFF305838A
:10DB50001BB9F4F783FC644204604FF0FF306FE0C0
:10DB60000024012310A8CDE91074CDE91244CDE9B9
:10DB7000144409948DF85830F9F7CAF9A0422FDB04
:10DB800011980190864208D13046F4F7EDFB1598C4
:10DB900008B1F5F799F80998A9E7038A03F00F038C
:10DBA000032B04D1F4F7E0FB6FF01104EFE74369B6
:10DBB00013B18368002B34D0404600F057FB224954
:10DBC00003463A4609A8F4F71FFD002804DA0023AB
:10DBD00009936FF00B04DAE7099F0198F4F7C4FB8F
:10DBE000F3F784FF01AA40F2FF113846F3F7EAFF8A
:10DBF00000281EDB019BB2689A60328A1A82726921
:10DC00005A61326A1A62404600F07BFA041E0CDA4E
:10DC100014F1100F09D0384600F073FAF3F772FFD1
:10DC2000B5E7384600F06DFAD7E70024B4603460F9
:10DC3000F4E76FF01004F1E76FF0150486E70020B9
:10DC400026B0BDE8F08700BF4DFD000870B588B074
:10DC50000023CDE90233CDE9043301900693064653
:10DC6000012301A88DF81C30F9F752F9041E0FDAD0
:10DC70006442069818B1F5F727F800230693EFF3EE
:10DC8000058313B9F4F7EAFB04604FF0FF302DE091
:10DC9000029D2A8A6B6902F00F02032A0CD163B13C
:10DCA0001B6E2BB3059928469847002816DA444284
:10DCB0002846F4F759FBDCE7E3B9AB68E3B9F3F7BF
:10DCC00015FF304600F01DFA0446F3F71BFF002C49
:10DCD00004DA14F1100F01D06442E9E72846F4F7A2
:10DCE00043FB069810B1F4F7EFFF002008B070BDB9
:10DCF0002624DDE71424DBE72724D9E730B50546E1
:10DD00000C468DB0582200212046F4F7C8FF2B8A1C
:10DD100003F00F03052B03D14FF4A043A36032E0BF
:10DD20006B69002B39D05A6A0AB99B6813B14FF45A
:10DD30009273A3606B699A6A0AB9DB681BB1A36826
:10DD400043F09203A3602A8AA36802F00F02032A19
:10DD500000D012B943F48043E0E7022A18D143F41B
:10DD6000C043A3606B6973B11B6963B101A9284605
:10DD70009847002807DB9DF8043023B1BDF90C203B
:10DD8000029B5343E3612B8BA38000200DB030BD79
:10DD9000EA69E26143F40053C0E744F22413BDE7AB
:10DDA000F0B50E4689B0174698B391B303789BB38C
:10DDB0000023CDE90233CDE904330190069301A895
:10DDC00001238DF81C30F9F7A3F8041E11DB029D26
:10DDD0002B8A03F00F03032B12D16B69B3B19B6E37
:10DDE000A3B1059932462846984704462846F4F7D9
:10DDF000BBFA069808B1F4F767FF204609B0F0BDFA
:10DE00003A4631462846FFF779FFEEE76FF02504E2
:10DE1000ECE76FF00D04F0E76FF00104EDE710B5EB
:10DE20000122FFF7BDFF041E08DAEFF305831BB9DB
:10DE3000F4F714FB644204604FF0FF34204610BD39
:10DE400010B50022FFF7ACFF041E08DAEFF30583DC
:10DE50001BB9F4F703FB644204604FF0FF34204623
:10DE600010BD70B588B00023CDE90233CDE904338D
:10DE7000019006930646012301A88DF81C30F9F79E
:10DE800047F8041E45DB029D2B8A03F00F03032B8A
:10DE900013D16A698AB1936D002B48D00599284641
:10DEA0009847041E32DB2846F4F75EFA06980028ED
:10DEB0003AD10024204608B070BDAA68002A39D1A2
:10DEC0005A1E92B2092A07D9022B28D16B699B6985
:10DED0003BB3284698470AE040F2212121FA02F29A
:10DEE000D2072AD56A69D26A3AB328469047041EF7
:10DEF0000CDBF3F7FBFD304600F003F90446F3F7C3
:10DF000001FE002CCFDA14F1100FCCD02846F4F724
:10DF10002BFA06980028CDD0F4F7D6FECAE7002BDE
:10DF2000E7D06FF00504F1E7F4F7CEFEC1E76FF03C
:10DF30002504EBE76FF02604E8E7022BC6D0F0E7F4
:10DF400010B5FFF78EFF041E09DAEFF305831BB946
:10DF5000F4F784FA644204604FF0FF3000E00020E0
:10DF600010BD2DE9FF4703689B078046174652D531
:10DF7000002A53D0002953D000230A1D9F421BDCE6
:10DF8000D8F80C90B9F1000F4DD0D9F81430002B0F
:10DF900049D09E6AC6B13A466846F3F72FFF044659
:10DFA00030B9D9F8143069469B6A40469847044610
:10DFB000204604B0BDE8F08751F8330010B952F89C
:10DFC000330068BB0133D9E7DB6863B30D463446E1
:10DFD0006FF0004AB742EBDD6A68CAB1296829B31D
:10DFE000AAEB04039A4204D9002C08BF6FF0150471
:10DFF000DEE7D9F814304046DB689847002803DA9A
:10E00000002C08BF0446D3E76B6883420444CFD892
:10E0100001360835DEE76FF00C04C9E71446C7E7A0
:10E020006FF00D04C4E76FF00804C1E76FF015044A
:10E03000BEE773B50D46164601A90022F4F723F892
:10E04000041E08DB019832462946FFF78AFF044682
:10E050000198F4F732F8204602B070BD10B5FFF712
:10E06000E8FF041E08DAEFF305831BB9F4F7F6F9AD
:10E07000644204604FF0FF34204610BD07B5CDE97F
:10E08000001201226946FFF7E9FF03B05DF804FBC7
:10E0900003689B070AD5C36843B15B6933B19A6AC9
:10E0A0000AB9DA682AB1DB6933B118476FF0150095
:10E0B00070476FF01D0070476FF02500704737B54F
:10E0C0000D1E12DB002201A9F3F7DDFF041E0EDB9B
:10E0D00029460198FFF7DCFF04460198F3F7EDFFAE
:10E0E000002C04DB002003B030BD6FF01504EFF30B
:10E0F00005831BB9F4F7B2F9644204604FF0FF30B6
:10E10000F1E730B589B010B96FF0010030E00024BC
:10E110000190012301A8CDE90244CDE9044406940D
:10E120008DF81C30F3F7B2FDA04215DBDDE90232B9
:10E1300002B3596851601A460021596042F80C1B1D
:10E14000BFF35B8F52E8001F013942E8001000283E
:10E15000F8D1BFF35B8F1C46069808B1F4F7B4FD05
:10E16000002CD1D0E5685DB92046F4F75FF9284668
:10E1700009B030BD049C002CEED05A68A260DAE7EA
:10E180006FF00F00F4E7202805D0093804288CBF71
:10E1900000200120704701207047A0F13003092BB7
:10E1A00007D920F02000413805288CBF002001202D
:10E1B000704701207047A0F14103192B98BF203010
:10E1C000704738B505462820F4F786FD044640B967
:10E1D000EFF305831BB9F4F741F90C2303602046E4
:10E1E00038BD40F601412846F8F70AFD002804DA58
:10E1F0002046F4F769FD0024F1E72060EFE738B529
:10E20000054648B9EFF305831BB9F4F727F909234D
:10E2100003604FF0FF3406E00068F4F7DBF80446D3
:10E220002846F4F751FD204638BD38B5044640B9BC
:10E23000EFF30583C3B9F4F711F90923036020460E
:10E2400038BDF4F70BF9056854F8040B2222214677
:10E25000FFF7CEFB002806D1EFF3058424B9F4F7CD
:10E26000FDF80560EBE7EADA0024E8E710B50446BC
:10E27000C8B10378BBB1F9F7E5F80021204410F8E4
:10E28000012C2F2A00F1FF3307D02F212046F9F768
:10E29000E1F800B1441C204610BD001B0128FAD94A
:10E2A00019701846EBE7014CF5E700BF170E01089F
:10E2B00010B5044610B3037803B3F9F7C3F800218F
:10E2C000204410F8012C2F2A00F1FF330DD02F210C
:10E2D0002046F9F7BFF888B10022A04208D000F824
:10E2E000012903782F2BF8D003E0001B012802DC62
:10E2F000034C204610BD19701846E2E7014CF8E7C0
:10E300000C030108170E01080A462621F8F778BC0D
:10E3100007B5CDE900120122694600F081F803B08B
:10E320005DF804FB0EB403B503AA062052F8041BE3
:10E330000192F9F79BF802B05DF804EB03B0704767
:10E340002DE9F04F93B00C46DDF870A09046994649
:10E35000A3B120B10B68304902465046C847002699
:10E360002023DFF8B8B08DF834308DF8456004EB29
:10E37000C8083546A04501D0636813B913B0BDE89D
:10E38000F08F0DF1350201A800274FF0200C236813
:10E3900013F805E05919BEF19F0F4FEA1E1394BF01
:10E3A0003033573303700B7803F00F03092B94BFFE
:10E3B00030335733437080F802C00B78A3F120014B
:10E3C0005E2988BF2E23137063680135AB4200F1CC
:10E3D00003001AD10834A04516D1A7EB87022D32CD
:10E3E0002021F4F75CFC01AB07F13200C7F10F020A
:10E3F00020211844F4F753FC0025324601AB59465E
:10E400005046C8471036B5E700250137102F02F1F6
:10E410000102BCD1F1E700BF371401084114010823
:10E4200007B500230093034BFFF78AFF03B05DF8A5
:10E4300004FB00BF25E3000808B5F9F779F808B137
:10E44000D0F8D00108BD3F290DD84A11012301F0B1
:10E450001F0103FA01F150F8223023EA010340F8CA
:10E460002230002070476FF01500704710B50B6820
:10E470001468234003604B685268134043600020D7
:10E4800010BD10B50B681468234303604B685268D5
:10E4900013434360002010BD10B50B68146863403F
:10E4A00003604B68526853404360002010BD3F2911
:10E4B0009FBF4B1101F01F0150F8230020FA01F11A
:10E4C00094BF01F001006FF0150070472DE9F8438B
:10E4D00007461046894615469846F8F7B3FF0646A4
:10E4E0001830F4F70DFC044688B103230371089B30
:10E4F0000361C0E90298721C29461430F4F799FBB5
:10E500003846214600F081FD0020BDE8F8830C204C
:10E51000FBE738B50446006808B9206038BD0568D7
:10E52000F4F7D2FB2846F7E703460020186070474F
:10E530000170002070470B684370002070478170A5
:10E5400000207047C1600020704770B591F87E30A0
:10E550005B0705460C4619D506463046711B037805
:10E5600001363BB12246012100F07DFD002803DC8D
:10E570004FF0FF31084670BD16F8013C0A2BECD174
:10E580002046F9F735F80028E7DAF1E7F8F75AFFFF
:10E5900001460028EED02246284600F064FD40EAFD
:10E5A000E071E7E738B50C4605460846F9F761F82B
:10E5B00021462846FFF7C9FF05462046F9F75CF8D3
:10E5C000284638BD0EB403B503AA52F8041B0192C5
:10E5D00000F005F802B05DF804EB03B0704770B5C9
:10E5E00086B004460D46014601A8164600F056FACC
:10E5F0002046F9F73EF82946324601A8F4F7EAFA30
:10E6000005462046F9F738F8284606B070BD0A22BC
:10E61000002100F0E2B80000931E222BF0B5044662
:10E62000084629D884EAE471144FA1EBE47103464B
:10E6300091FBF2F502FB15111E46C95D03F8011BA3
:10E640002946002DF4D1002CBEBF2D221A70B31C18
:10E650001A1A02EBD27464101946451E0244561A67
:10E66000B44202DC00221A70F0BD11F8016D15F8F9
:10E67000017F0F702E70F2E70B46F3E74B14010891
:10E680002DE9F04F99B00E460192074660B9EFF3BD
:10E6900005850DB1002503E0F3F7E0FE16230360C6
:10E6A000284619B0BDE8F08F04783CB9EFF3058532
:10E6B000002DEFD1F3F7D2FE0223F0E769B94FF452
:10E6C0008070F4F709FB054648BBEFF30583002B88
:10E6D000E0D1F3F7C3FE0C23E1E700252F2C20D077
:10E6E0004FF48071304600F0A3FB002845D030463F
:10E6F000F8F7A8FE012814D934184FF02F0A4FF06C
:10E70000000B3A782F2A0ED08AB9A64202BF3446AF
:10E710002F2304F8013B002323703546C0E706464B
:10E72000DCE73446E9E707F101084746E9E7B84680
:10E73000C14618F8011F2F2901D00029F8D12E2A2F
:10E740000ED1A8EB0702012AEFD079782E2907D144
:10E75000022A05D1A642E8D014F8013D2F2BFAE792
:10E76000A21B01324244D21BFF2A0ADDEFF30583CC
:10E770001BB9F3F773FE242303602846F4F7A4FAC9
:10E7800088E72046A8EB0702394600F801ABF4F70A
:10E7900078FA09F10203DF1B3C44019B84F800B0C6
:10E7A000002BC2D102A93046FFF74AFB0130E4D06A
:10E7B00098F800302F2BB8D1049B03F47043B3F5C5
:10E7C000804FB2D0EFF30583002BD6D1F3F746FE8E
:10E7D0001423D1E70022FFF753BF73B50C46019015
:10E7E0001646002838D001A800F098F9019B1D7842
:10E7F0002D2D01D02B2D15D10133019301983246D7
:10E80000214600F02BF82D2D12D1B0F1004F0BD97D
:10E81000EFF305831BB9F3F721FE222303604FF0CA
:10E82000004003E00025E9E7F9D040426CB913E06D
:10E83000002808DAEFF305831BB9F3F70FFE222354
:10E8400003606FF000403CB135B1236813F8012C30
:10E85000AA4201D1013B236002B070BD2DE9FF4700
:10E860004FF0FF3301900E461446039307460028ED
:10E870006ED001A800F052F9019B93F80080B8F126
:10E880002D0F02D0B8F12B0F20D10133019301A934
:10E89000204600F061F8051E1BDAEFF30584002C1A
:10E8A00052D1F3F7DBFD162303607EB3B8F1000FFE
:10E8B00006D0019B13F8012C424501D1013B019385
:10E8C000039B013318BF019F37601FE04FF0000822
:10E8D000DDE74FF0FF39B9FBF5F905FB09FA6FEAFF
:10E8E0000A0A0024019B03AA1878294600F0F4F8CC
:10E8F00080B9019B03AA1878294600F0EDF8F8B911
:10E90000B8F12D0FD1D16442002ED2D1204604B0EF
:10E91000BDE8F0874C4503D8039B0BD19A4509DA33
:10E92000EFF305831BB9F3F799FD222303604FF042
:10E93000FF34DEE704FB0534019B01330193D1E78B
:10E94000019B01330193D4E70024AEE73C46B7E7CF
:10E950000029FBD10C46D9E770B50E460D68044678
:10E96000D8B92B78302B2AD102460821687800F0DC
:10E97000B3F820B1013508243560204670BD6B78AE
:10E9800003F0DF03582B1AD1A8782246102100F09B
:10E99000A3F8A0B102351024EEE7102809D12B7896
:10E9A000302BE9D16B7803F0DF03582BE4D102352B
:10E9B000E2E7831E182BDFD94FF0FF30DEE70A2491
:10E9C000DAE770B505460E46144682B18B1813F887
:10E9D000013C03612146304600F0F0FF002803DBD4
:10E9E0002B6803442B6070BD031DF3D0FBE710467A
:10E9F000F9E70D2937B504460D4601610BD0012119
:10EA00000DF107008DF8075000F0D8FF002804DB57
:10EA100023680133236003B030BD0430EFD0FAE740
:10EA2000044B4360044B8360002303600361034B8A
:10EA3000C3607047F3E90008C3E90008192700081C
:10EA40000069F8F709BE70B504460D4616462369FD
:10EA500032460121284600F0F2FA002803DB236841
:10EA60000344236070BDF3F7F9FC00680428EED07E
:10EA70004042F7E738B504460D462169284600F0C4
:10EA8000B6FB013003D023680133236038BDF3F7B0
:10EA9000E5FC0368042BF0D0F8E700000A4B436064
:10EAA0000A4B8360CB6A63B1B1F87C30084A13F437
:10EAB000807F084B18BF1346C360002303600161C9
:10EAC0007047044BF8E700BF75EA000847EA000802
:10EAD00041EA0008192700080A2909DC2F281BDD54
:10EAE0002F31814218DB303802B1106001207047AD
:10EAF000242911DCA0F13003092BF4D9602804DDAE
:10EB00005631814208DB5738EEE7402804DD3631C4
:10EB1000814201DB3738E7E70020704770B50568B0
:10EB200004462E4601353078FFF72DFB0028F8D13A
:10EB3000266070BD70B506460D460024315D19B1E2
:10EB40002846F8F76AFC08B1204670BD0134F5E7A5
:10EB500070B50646F8F776FC451C2846F4F7BCF875
:10EB6000044618B12A463146F4F78BF8204670BDAA
:10EB700008B5064A034613210548F8F764FB054A21
:10EB8000034B1228CCBF1046184608BD7E1401085E
:10EB9000FD1D0020701401080244904201F1FF3174
:10EBA00006D1002070474FF0FF300CE001200AE052
:10EBB00010B5047811F8013F9C42F4D3F6D8013027
:10EBC0009042F6D1002010BD38B505460C46F8F746
:10EBD00039FC611E2B1811F8012F12B91A70284642
:10EBE00038BD03F8012BF6E7421E11F8013B02F88D
:10EBF000013F002BF9D170470A44914200F1FF33E5
:10EC000001D10020704710B513F8014F11F8010B26
:10EC1000201A03D114B19142F6D1002010BD00B5E5
:10EC200089B0694600F005F8C043C00F09B05DF82F
:10EC300004FB0A4640F20111F7F7D6BE70B5044650
:10EC400016460D4639B100F0E7FA022D03D1002136
:10EC5000204600F0DCFA324620464FF48171BDE8D0
:10EC60007040F7F7C1BE1FB5044669460020F4F7AF
:10EC700011FA30B9DDE900010CB1C4E9000104B0BA
:10EC800010BD4FF0FF304FF0FF31F8E7014900F0C1
:10EC900007B800BF101E0020FFF7F8BF00000000FB
:10ECA0002DE9F04FD0E9005887B05F4A002328468D
:10ECB0000C464146F7F798F95C4BC0F1000B03FB9B
:10ECC00001BBA0FB039319EB05099B444BEB080B1D
:10ECD0000F4606464FF46162002348465946F7F74F
:10ECE00083F94FF461614143B9EB01096BEBE171C9
:10ECF00001903C2200234846F7F776F93C2303FBBA
:10ED0000109302900393284645A3D3E9002341467C
:10ED1000F7F76AF940F2B55141438500761A05F2DA
:10ED2000B27067EBE177F8F7EDFB40F26D18002861
:10ED300015BF4FF0010A4FF0000A4FF4B773434676
:10ED40009E4277F100014FEAE3724FDA05F2B27B9F
:10ED50000B234FF0000808EB03094FEA690909F19A
:10ED600001021046514605930492F8F7BFFB4FEAA3
:10ED7000E07C864277EB0C03DDE904234ADA514656
:10ED80004846F8F7B3FBC317864277EB030343DA31
:10ED900009F1FF339845DEDB51464046F8F7A6FB04
:10EDA000019BA360361A029B6360701C039B236067
:10EDB00046355A4608F10101C4E90485E06000F0D7
:10EDC00030FAA06158462569F8F79CFB011E18BF70
:10EDD00001212846F8F78AFB002306442046C4E9AF
:10EDE0000833E661A36207B0BDE8F08FF61A05F2BA
:10EDF000B37067EB0207F8F785FB05F101090028FE
:10EE000015BF4FF0010A4FF0000A4FF4B7734346A5
:10EE10004D4695E79046BDE7C846BDE7AFF3008095
:10EE2000801F8607000000008051010080AEFEFFB9
:10EE300070B50D46044658B179B9EFF3058414B1A5
:10EE40000024204670BDF3F709FB16230360F8E7A2
:10EE500040F20113002908BF1D461448144EF4F770
:10EE60006BF9002818BF06463046F8F7EBFA013078
:10EE7000A84207D9EFF30584002CE1D1F3F7EEFAAD
:10EE80002223E3E764B92846F3F726FF044638B99E
:10EE9000EFF30583002BD3D1F3F7E0FA0C23D5E78A
:10EEA0002A4631462046F3F7C4FECAE79214010809
:10EEB0000C03010807B50023CDE9003300F047FA41
:10EEC00003B05DF804FB08B500F0F2FA08BD08B520
:10EED00000F0EEFA083008BD08B500F0E9FA0C3091
:10EEE00008BD000010B5044688B010B9002008B075
:10EEF00010BD0021CDE9000104AB6A46084602912D
:10EF000000F05BFB0028F1DA04988442EFD9034B50
:10EF1000069A9A42C8BF0130E9E700BFFF64CD1DE1
:10EF20001FB5002388B10A490A4AB0FBF2F2CDE9C5
:10EF30000023A2FB012112184FF47A70424302927F
:10EF400019466A46184600F038FB05B05DF804FB28
:10EF5000C0BDF0FF40420F0070B596B0694606464E
:10EF6000FEF75DFF041E33DB029B03F47043B3F531
:10EF7000804F09D0EFF305831BB9F3F76FFA142321
:10EF800003604FF0FF3423E04FF48070F8F758F837
:10EF9000054618B92846F8F77FF8F2E701463046EB
:10EFA000FFF718FC0028F5D00B48F4F7C5F80B491B
:10EFB0000122002818BF01460948F5F7FDFF064861
:10EFC00001222946F5F7F8FF04462846F8F764F8C9
:10EFD000204616B070BD00BF921401080C03010852
:10EFE0008F14010838B50C460221F7F709FE051EFB
:10EFF00008DB2146FFF763F804462846F3F7EAF9F1
:10F00000204638BD4FF0FF34FAE70368002223B9E9
:10F0100032B1116000230B6070471A461B68F6E797
:10F020000160F7E710B50C46114661431A4600F03F
:10F030001AF80028D4BF0020B0FBF4F010BDF8B5DA
:10F040001C4605460E4617461846F8F712FB23469F
:10F050003A4631462846FFF7E5FF05462046F8F7D1
:10F060000BFB2846F8BD2DE9F04107460E46154634
:10F070004AB9EFF305831BB9F3F7F0F909230360ED
:10F080004FF0FF301EE0B2F87C309B0710D4EFF356
:10F09000058343B14FF0FF3095F87E3043F0020313
:10F0A00085F87E300EE0F3F7D9F909230360F1E724
:10F0B000D36A63B9D369906A0A46394623B198473F
:10F0C0000028E7DBBDE8F081FEF7D8FFF8E710463F
:10F0D00000F041F80028DDDBD5E90C40241A402C73
:10F0E00001D13F2E1AD8B44228BF344622463946B1
:10F0F000F3F7C7FD6B6B2A6B23449342A6EB04081E
:10F100006B633C4404D2B8F13F0F17D9464606E082
:10F110002846F8F76DFA0028F5DABBE73C46EB69BC
:10F12000A86A3246214633B198470028B2DB04442E
:10F13000E01BB1D4C6E7FEF7A1FFF6E7B8F1000F78
:10F14000F6D02146686B4246F3F79BFD6B6B434458
:10F150006B63BC19ECE713B548B9EFF305831BB932
:10F16000F3F77CF9092303604FF0FF301AE0C36A1C
:10F17000EBB1816B8B421AD0426B90F87F40C0E9B3
:10F180000D330023511A80F87F30036A806A091B0F
:10F190000191012243B101A998470028ACBF00208A
:10F1A0004FF0FF3002B010BDFEF72EFBF5E7002058
:10F1B000F8E737B50A468DF8070004460D460DF10D
:10F1C00007000121FFF74FFF002804DC4FF0FF3458
:10F1D000204603B030BD0A2CFAD195F87E305B078B
:10F1E000F6D52846F8F704FA0028F1DAEEE738B544
:10F1F0000C4605460846F8F73CFA21462846FFF734
:10F20000D8FF05462046F8F737FA284638BD0A46A3
:10F210004FF48A71F7F7E8BB002240F21511F7F7B7
:10F22000E3BB0229DCBF02F1FF320C31002A02EB02
:10F2300000031046B8BFD01C03EBA0036FF06300BF
:10F2400092FBF0F0034402394FF4C87092FBF0F2E5
:10F2500013440C20C1EB411191FBF0F107200B444A
:10F2600093FBF0F0C0EBC000181A70472DE9F04393
:10F27000002A67D0D0F810900027D2F800C01646B8
:10F28000BCF1000F03D199F80030C3602BE04C466D
:10F2900014F801EB1CF8015BBEF13D0F14BFF04602
:10F2A0004FF00008B8EB050502D1B8F1000FEFD11F
:10F2B000BEF13D0F18BF00241032002D40D1ACB17B
:10F2C000826805610132826072685AB1013A012A8E
:10F2D00038D80460D6E902200AB1106000201BB1C2
:10F2E0001F6001E005603F20BDE8F0837268012ADD
:10F2F00013D0022A05D02ABB8268046101328260E1
:10F30000E8E78268013251F8224014B124782D2CAC
:10F3100003D1002101610160F1E78268551C0024DE
:10F3200051F8251021B191F800C0BCF12D0F03D187
:10F33000046104608560D6E7046101600232DEE7A3
:10F3400001379AE7002303754FF0FF30CCE72DE932
:10F35000F047DDF820909DF824A080460F46164621
:10F360001D4600F0A5F80446C0B1002F00F09A80B9
:10F370008368002B01DD037D3BB901233F21C4E9F4
:10F3800002310022226022612375216959B10A7875
:10F3900032B13A2A1CD10131E26021613F252CE0D3
:10F3A000A3680133A360A368434506DB0023236100
:10F3B000002323754FF0FF351FE057F8231021611C
:10F3C0000029F5D00B782D2BF2D101312161DCE73A
:10F3D0001AF0010F68D02D2A12D1013121612A467D
:10F3E0004B4639462046FFF741FF3F28054604D1EA
:10F3F000A3680133A360002323612846BDE8F0879A
:10F400001AF0020F0ED02A464B4639462046FFF727
:10F410002DFF3F280546F0D12369002BE8D05B780B
:10F42000002BE5D18EB1357823693A2D08BF01361E
:10F430001978304618BF3F25F7F7EFFF236960B909
:10F4400013F8012BC4E90323A8E723691B78C4E957
:10F450000336A3680133A360A0E742783A2A03D0B9
:10F46000013323610578C8E7A2685E78511C26B194
:10F4700001332360A1600023F3E757F821303BB14B
:10F480001F782D2F04D002322360A2602661E9E7A5
:10F490000023236123600378C4E9021383783A2BA5
:10F4A000ABD1DFE7077585E7002EBCD1267581E774
:10F4B00008B5F8F73DF8103008BD10B5044688B01F
:10F4C00000B338220021F3F7EAFB01A800F06AFB41
:10F4D0002369019A13442361069A636913446361A3
:10F4E000F3F7E9FD32304FF000034FF0640241F1D1
:10F4F0000001F6F779FD0123206023856363002076
:10F5000008B010BDEFF305831BB9F2F7A7FF162370
:10F5100003604FF0FF30F3E72DE9F84305468946D5
:10F520001646EFF31188802383F31188F4F76AFA03
:10F5300080B3846874B3476C17F480772AD120466F
:10F5400000F067F9637D2BB966F07F036375C4F83B
:10F550002890012716F0020904F1180017D0F3F7DC
:10F560000FF80646204600F058F9002E08DA17B1C9
:10F570000023A3626375B9F1000F0CBF3546002567
:10F580005FFA88F888F311882846BDE8F883F2F717
:10F59000D3FFE6E76FF00905F2E710B5FFF7BCFF10
:10F5A000041E08DAEFF305831BB9F2F757FF644234
:10F5B00004604FF0FF34204610BD042808B508D879
:10F5C00000F048F810F10B0F05D00028B8BF4042FA
:10F5D00008BD1620FCE70020FAE7000010B5D0F8BF
:10F5E0009C4054B12170D0F89C104A70D0F89C20F7
:10F5F0009370D0F89C3000225A60D0E9003282B972
:10F6000009490B6003B9084B5A600023C0E9003375
:10F61000F5F78AFF20B1EFF305830BB9022000DF75
:10F6200010BD1360EEE700BFB40E002010B5EFF37D
:10F630001184802282F3118890F84030062B04D187
:10F640006E230222FF21FFF7C9FFE4B284F3118881
:10F6500010BD00002DE9F0434FF0000885B04FF0D9
:10F660000009CDE902891E46144682B193684D4ACD
:10F67000934200F29480D4E900522A4307D133B96F
:10F68000F6F78CF96FF00A0005B0BDE8F083EFF3F0
:10F690001188802383F31188434B1F6834B3CB0751
:10F6A0005FD4F3F708FD256862684FF0640CA5FB92
:10F6B0000C530CFB0233A268DFF8F0C094443C4AC0
:10F6C0009CFBF2F2AD1843EBE2732D1843EB010102
:10F6D000013541F10001CDE90251364B009301970C
:10F6E000DDE9022307F15000F5F788FA3846F5F70F
:10F6F000A5FF062387F8403000233B602E4B196896
:10F700005A687A60002945D11F605F60EFF3058376
:10F710000BB9022000DF002C3ED0F3F7CCFC5FFADF
:10F7200088F888F31188D4B1CEB1DDE9024354EAF8
:10F73000030214D0241A63EB01010029BCBF00248A
:10F740002146002320466422F6F74EFC6FF0630347
:10F7500003FB0044C6E9000115484443B46000209F
:10F7600092E720B902A92046F5F730FBB5E72368F8
:10F7700061686420A3FB003200FB0121A0680B4AF2
:10F7800002440B4892FBF0F29B1841EBE272CDE988
:10F790000232A2E71760B8E720462146BFE76FF0C4
:10F7A000150071E7FFC99A3B600E00207F96980014
:10F7B000809698002DF60008B40E002000281FB592
:10F7C00011DB3F2912D8042300228DF804100DEB21
:10F7D00003018DF805208DF806300292F8F70EFD32
:10F7E00005B05DF804FB6FF02500F9E76FF0150038
:10F7F000F6E710B5FFF7E2FF041E08DAEFF3058322
:10F800001BB9F2F72BFE644204604FF0FF34204630
:10F8100010BD037D013303757047027D013A027507
:10F82000F5F7DCBC4FF60673984210B50C460FD0C6
:10F830004FF60A73984219D06FF01804EFF305835E
:10F840001BB9F2F70BFE644204604FF0FF3408E08E
:10F8500049B18B7A0A892078496800F01EF8041EA5
:10F86000ECDB204610BD6FF01504E7E70024F8E755
:10F8700008B5054602F001000E46F8F74FFF334683
:10F8800000212A460446F8F78FFFE36A0146204626
:10F89000984708B50122FFF7EBFF2DE9F341074632
:10F8A00001FB02F00C4616469846F3F715FA05469A
:10F8B00080B122460146CDF800803346384600F03C
:10F8C00021F9041E02DA2846F3F7FEF9204602B0B9
:10F8D000BDE8F0816FF00B04F8E70000354B2DE92F
:10F8E000F0471F6804460E46002F5CD03B68A2B963
:10F8F000D3F80C90B9F1000F14D11D68002D56D02B
:10F900003B7913F0020F04EB060849D044451BD0A5
:10F9100014F8011B3846A847F8E7D3F81090B9F15E
:10F92000000F2FD03D7915F0020527D04FF0000AC7
:10F93000B2453AD2A6EB0A0204EB0A013846C847A0
:10F94000002802DB00EB0A063046BDE8F087635D65
:10F950000A2B0FD1A5EB0A0204EB0A013846C8476F
:10F960000028F2DB022241463846C8470028ECDB7B
:10F9700005F1010A0135B542E9D1D9E7DFF8388050
:10F98000AA46F8E75D68B9E723780A2BA14602D1B9
:10F990000D213846A84799F8001038460134A84789
:10F9A0004445F1D1D0E73E46CEE75646CCE72E4659
:10F9B000CAE700BF040301089614010838B50446DD
:10F9C0000D46EFF3058343B100222946204682F01D
:10F9D0000102BDE83840FFF781BFF4F79DF8002829
:10F9E000F2D100F04BF9826FB2FA82F25209ECE7E1
:10F9F000026A9379013393710020704740F20153FA
:10FA0000994205D122B1036A9B68136000207047B8
:10FA10006FF01800704710B5C3795A07044604D533
:10FA20009B0702D08068F3F74FF92046BDE81040ED
:10FA3000F3F74AB908B5006AC37943F00403C37108
:10FA400083790BB9FFF7E7FF002008BD08B5006A0E
:10FA50008379013BDBB2837123B9C3795B0701D59D
:10FA6000FFF7D9FF002008BD10B50B4689B1046A25
:10FA70002C2200211846F3F712F901220270E279D4
:10FA800002F00102827022684260A2880281002096
:10FA900010BD6FF01500FBE770B506461C46336AD3
:10FAA00015461A68AA4208460CD929198A4209D370
:10FAB00099889B6801FB04F201FB0531F3F7E1F83B
:10FAC000204670BD6FF01500FBE738B51C46036A91
:10FAD0001546DA79D2070FD51A68AA420FD9281924
:10FAE00082420CD398889B6800FB04F200FB05302F
:10FAF000F3F7C7F8204638BD6FF00C00FBE76FF056
:10FB00001A00F8E72DE9FF4105460C200E46904605
:10FB10001F46F3F7F5F80446E8B19DF828300F4A80
:10FB2000C0F8008003F00303C37187802B46866012
:10FB300010216846F7F787FB0949234600226846EB
:10FB400000F010F8051E02DA2046F3F7BDF828464B
:10FB500004B0BDE8F0816FF00B05F8E799140108D7
:10FB6000A4140108F7B5044617460E461D46F1F7E2
:10FB7000BDFF204601AA3946F2F724F8041E0EDB29
:10FB80000198028A466122F00F0242F002020282CC
:10FB90000562F1F7B7FF0024204603B0F0BDF1F78E
:10FBA000B1FFF9E710B5034B0446196800F01CF8E3
:10FBB000204610BD840D0020426822F00303D207C6
:10FBC00006D58A6801328A600A6913440B6170475E
:10FBD0004A6801324A604A691A444A614068CA6800
:10FBE000904288BFCB60704770B588B00C4606461F
:10FBF0001C22002101A8F3F752F801AA20460D4962
:10FC000000F01AF8236903F5AE730193059B03F521
:10FC1000AE730593636901AC03F5AE7307930FCC24
:10FC200035460FC594E8070085E80700304608B060
:10FC300070BD00BFB9FB00082DE9F04104460E4637
:10FC40001746F3F719F92046F3F79CF9002813DB60
:10FC5000E569236AAB4207D828463946B0472046B3
:10FC6000BDE8F041F3F7AAB96B68284623F0030812
:10FC70003946B0474544ECE7BDE8F081014B1868D0
:10FC8000704700BF600E00204022002000000240AC
:10FC90000004024000080240000C02402F64657618
:10FCA0002F636F6E736F6C65002F6465762F7474AD
:10FCB000795330002F6465762F747479537800007F
:10FCC0000000002000000000000000000000000014
:10FCD0000000000000000000390700086508000867
:10FCE000BD060008A1060008FD050008030600087F
:10FCF0001F0600084F0600085D060008670600089A
:10FD000093060008930600080000000000000000B1
:10FD10000000000070616E6963000D00C10D0008F5
:10FD2000FD170008000000000000000000000000B7
:10FD3000B51500080000000000000000F1120008E6
:10FD40005D100008A90E0008470E00080025732F5B
:10FD50002573002A666C6F61742A00286E756C6CBE
:10FD600029006E73685F6D61696E00417070427248
:10FD7000696E6755700025733A2025703A2025304A
:10FD800038782025303878202530387820253038CC
:10FD9000782025303878202530387820253038787C
:10FDA00020253038780A0025733A20202020253479
:10FDB00064202535642025336420252D38732025C3
:10FDC0002D377320252D336320252D3138732025C1
:10FDD00030386C782530386C78202570202020252C
:10FDE000377A75202020257325730A003C6E6F6ECC
:10FDF000616D653E0025733A20257320537461635D
:10FE00006B3A0A0025733A202020626173653A201C
:10FE100025700A0025733A20202073697A653A20FC
:10FE20002530387A750A0025733A20202020207367
:10FE3000703A2025700A004B65726E656C00257360
:10FE40003A2043757272656E742056657273696FDD
:10FE50006E3A2025732025732025732025732025D5
:10FE6000730A0025733A20417373657274696F6E6B
:10FE7000206661696C65642025733A206174206690
:10FE8000696C653A2025733A2564207461736B3A76
:10FE90002025732070726F636573733A2025732079
:10FEA00025700A0025733A204552524F523A20538A
:10FEB0007461636B20706F696E7465722025786958
:10FEC00073206E6F742077697468696E207468653A
:10FED00020737461636B0A004952510025733A2004
:10FEE0004552524F523A20537461636B20706F69D0
:10FEF0006E746572202578206973206E6F74207788
:10FF0000697468696E2074686520737461636B0A34
:10FF100000557365720025733A2020202050494413
:10FF20002047524F55502050524920504F4C494382
:10FF30005920202054595045202020204E50582030
:10FF400053544154452020204556454E54202020EE
:10FF50002020205349474D41534B20202020202072
:10FF600020202020535441434B42415345202053ED
:10FF70005441434B53495A45202020434F4D4D4156
:10FF80004E440A0025733A2020202D2D2D2D2020AF
:10FF9000202D2D2D202D2D2D202D2D2D2D2D2D2DB8
:10FFA0002D202D2D2D2D2D2D2D202D2D2D202D2DA8
:10FFB0002D2D2D2D2D202D2D2D2D2D2D2D2D2D2D7E
:10FFC000202D2D2D2D2D2D2D2D2D2D2D2D2D2D2D6E
:10FFD0002D20257020202025377520202069727162
:10FFE0000A005461736B0070746872656164004B41
:10FFF00074687265616400496E76616C696400467C
:020000040801F1
:1000000049464F0052520053504F52414449430019
:1000100064756D705F7461736B0064756D705F748F
:1000200061736B7300737461636B5F64756D7000F3
:1000300064756D705F737461636B696E666F006485
:10004000756D705F737461636B730064756D705F61
:100050006173736572745F696E666F00FFFF0008FD
:10006000040001080700010800000000E2FF00088A
:10007000E7FF0008EFFF0008F7FF00085761697409
:10008000696E672C4D757465783A2564005761690F
:1000900074696E672C556E6C6F636B00526561649A
:1000A000790052756E6E696E6700496E616374699E
:1000B00076650057616974696E672C53656D617070
:1000C000686F72650057616974696E672C53696760
:1000D0006E616C0057616974696E672C4D512065C3
:1000E0006D7074790057616974696E672C4D512089
:1000F00066756C6C00000000F7FF00088D000108B9
:100100009C000108A2000108AA000108B300010830
:10011000C5000108D4000108E50001082025702071
:10012000257000202573003C6E6F6E616D653E008A
:1001300025733D2573004552524F523A206E736825
:100140005F636F6E736F6C656D61696E28292072D5
:10015000657475726E65643A2025640A0025733AE9
:100160002052303A202530386C782052313A202500
:1001700030386C782052323A202530386C78202084
:1001800052333A202530386C780A0025733A2052D1
:10019000343A202530386C782052353A20253038D2
:1001A0006C782052363A202530386C782020465022
:1001B0003A202530386C780A0025733A2052383AB4
:1001C000202530386C782053423A202530386C781E
:1001D00020534C3A202530386C78205231313A2067
:1001E0002530386C780A0025733A2049503A20258A
:1001F00030386C782053503A202530386C78204CB9
:10020000523A202530386C78202050433A2025304F
:10021000386C780A0025733A20785053523A2025DA
:1002200030386C7820424153455052493A202530AD
:10023000386C7820434F4E54524F4C3A202530387A
:100240006C780A0025733A204558435F524554554F
:10025000524E3A202530386C780A0075705F64750C
:100260006D705F7265676973746572002F6465767F
:100270002F6E756C6C000000000000000000000094
:10028000496700084D6700080000000000000000FA
:10029000000000000000000051670008000000009E
:1002A00000000000000000002F6465762F7A657260
:1002B0006F00000000000000000000009D670008C3
:1002C000816700080000000000000000000000003E
:1002D000000000008567000800000000000000002A
:1002E00000000000EC0201080000000001680008A6
:1002F0000168000800000000C56700080000000059
:1003000000000000E4020108257325732F0000009F
:10031000096F0008536D0008776C000800000000AA
:10032000996D0008496C0008000000000000000002
:1003300000000000000000000000000000000000BD
:100340004E757474580031322E31332E3000617284
:100350006D0000001F003B005A0078009700B500B8
:10036000D400F300110130014E016D01556D656D32
:1003700000505331006E73683E20002D68005573A5
:100380006167653A202573205B3C73637269707402
:100390002D706174683E7C2D63203C636F6D6D61D0
:1003A0006E643E5D0A002D6300726561646C696E67
:1003B00065006E73685F73657373696F6E001B5BB6
:1003C0004B24006F70656E007768696C6500756E10
:1003D00074696C00646F00646F6E65006C736565B2
:1003E0006B0069660021007468656E00656C73655A
:1003F000006669006E696365002D640026000000D8
:10040000FFFFFFFFFFFFFFFFFFFFFFFF00000000F8
:1004100000000000000000000000000000000000DC
:10042000000000003F0031006E73683A2025733AE7
:1004300020617267756D656E7420696E76616C6996
:10044000640A006E73683A2025733A2076616C75F1
:1004500065206F7574206F662072616E67650A0093
:100460006E73683A2025733A206D697373696E67FD
:1004700020726571756972656420617267756D655A
:100480006E742873290A006E73683A2025733A2027
:100490002573206661696C65643A2025640A006EE4
:1004A00073683A2025733A20636F6D6D616E642026
:1004B0006E6F7420666F756E640A006E73683A2002
:1004C00025733A206F7574206F66206D656D6F72AD
:1004D000790A006E73683A2025733A206E6F742093
:1004E00076616C696420696E207468697320636F3B
:1004F0006E746578740A006E73683A2025733A202A
:100500006E657374696E6720746F6F2064656570C3
:100510000A006E73683A2025733A20496E7465723A
:100520006E616C206572726F720A006E73683A2099
:1005300025733A206E6F206D61746368696E672061
:1005400025730A006E73683A2025733A206E6F2077
:10055000737563682025733A2025730A006E7368EB
:100560003A2025733A20496E74657272757074650D
:1005700064206279207369676E616C0A006E73682B
:100580003A2025733A2073796E746178206572720F
:100590006F720A006E73683A2025733A20746F6F89
:1005A000206D616E7920617267756D656E74730A76
:1005B0000021002227233B0A000A4E7574745368F9
:1005C000656C6C20284E534829204E757474582D44
:1005D00031322E31332E300A000027226000323EA5
:1005E00000323E3E00323E2631003C003E003E3EA0
:1005F00000300020090A006C6F6F7000557361674E
:10060000653A202573203C6F706572616E64313EDF
:10061000203C6F70657261746F723E203C6F706534
:1006200072616E64323E0A006F706572616E643191
:1006300020696E76616C69640A006F706572616E24
:10064000643220696E76616C69640A00556E6B6E67
:100650006F776E206F70657261746F720A00202070
:1006600025732025730A0025732075736167653A29
:10067000002D76004E534820636F6D6D616E6420CF
:10068000666F726D733A0A0020205B6E69636520A5
:100690005B2D64203C6E6963656E6573733E3E5DE1
:1006A0005D203C636D643E205B3E203C66696C656A
:1006B0003E7C3E3E203C66696C653E5D205B265D6F
:1006C0000A0A004F520A0020206966203C636D64CC
:1006D0003E0A0020207468656E0A00202020205BFE
:1006E00073657175656E6365206F66203C636D642C
:1006F0003E5D0A002020656C73650A002020666953
:100700000A0A0020207768696C65203C636D643EAE
:100710000A002020646F0A002020646F6E650A0AB8
:10072000002020756E74696C203C636D643E0A0085
:100730005768657265203C636D643E206973206F65
:100740006E65206F663A0A000A4275696C74696EBC
:1007500020417070733A0A003C7363726970742DA3
:10076000706174683E005B003C65787072657373FD
:10077000696F6E3E205D003F005B6E616D655B3DA5
:1007800076616C75655D202E2E2E205D00756E6184
:100790006C696173005B2D615D206E616D65205B2E
:1007A0006E616D65202E2E2E205D00626173656E78
:1007B000616D65003C706174683E205B3C737566DA
:1007C0006669783E5D00627265616B00636174000A
:1007D0005B3C706174683E205B3C706174683E20D5
:1007E0005B3C706174683E202E2E2E5D5D5D006363
:1007F00064005B3C6469722D706174683E7C2D7C82
:100800007E7C2E2E5D006370005B2D725D203C733C
:100810006F757263652D706174683E203C6465730A
:10082000742D706174683E00636D70003C7061747B
:1008300068313E203C70617468323E006469726EBB
:10084000616D6500646D657367005B2D632C2D2DF4
:10085000636C656172207C2D432C2D2D7265616463
:100860002D636C6561725D006563686F005B2D6E62
:100870005D205B3C737472696E677C246E616D658C
:100880003E205B3C737472696E677C246E616D659B
:100890003E2E2E2E5D5D0065786563003C686578B0
:1008A0002D616464726573733E00657869740065D8
:1008B000787072003C6F706572616E64313E203CEE
:1008C0006F70657261746F723E203C6F706572610B
:1008D0006E64323E0066616C7365005B2D765D2050
:1008E0005B3C636D643E5D0068657864756D7000A7
:1008F0003C66696C65206F72206465766963653E4D
:10090000006C73005B2D6C5273685D203C646972EF
:100910002D706174683E006D6B646972005B2D70B0
:100920005D203C706174683E006D6B7264005B2DED
:100930006D203C6D696E6F723E5D205B2D73203CB7
:10094000736563746F722D73697A653E5D203C6ECA
:10095000736563746F72733E002D74203C6673740C
:100960007970653E205B2D6F203C6F7074696F6EEF
:10097000733E5D205B3C626C6F636B2D64657669D2
:1009800063653E5D203C6D6F756E742D706F696E92
:10099000743E006D76003C6F6C642D706174683E2F
:1009A000203C6E65772D706174683E007072696ED0
:1009B0007466005B5C784E4E5D205B5C6E5C725CC6
:1009C000745D205B3C737472696E677C246E616D2C
:1009D000653E205B3C737472696E677C246E616D4A
:1009E000653E2E2E2E5D5D00707764005B2D726675
:1009F0005D203C66696C652D706174683E00726DA7
:100A0000646972005B7B2B7C2D7D7B657C787C78B8
:100A1000657C65787D5D205B3C6E616D653E203C4C
:100A200076616C75653E5D006B696C6C005B2D3C9E
:100A30007369676E616C3E5D203C7069643E003C8A
:100A40007365633E0075736C656570003C75736516
:100A5000633E00736F757263650074657374003C68
:100A600065787072657373696F6E3E00223C636FC8
:100A70006D6D616E643E220074727565002D732089
:100A80003C6C656E6774683E203C66696C652D70D1
:100A90006174683E00756E616D65005B2D61207C40
:100AA000202D696D6F707273765D00756D6F756E58
:100AB00074005B2D665D203C6469722D7061746802
:100AC0003E00756E736574003C6E616D653E007529
:100AD0007074696D65005B2D7370685D007761747B
:100AE0006368005B2D6E5D20696E74657276616C63
:100AF000205B2D635D20636F756E74203C636F6DAA
:100B00006D616E643E007864003C6865782D6164B8
:100B100064726573733E203C627974652D636F75F2
:100B20006E743E00170E0108C9AB000802020000F7
:100B30005807010866070108FDC300080407000004
:100B40006807010877070108C19A00080101000041
:100B5000000000008F07010829C5000801070000F8
:100B6000790701088D0701085DC60008010700002C
:100B700095070108AB07010831A400080203000033
:100B8000B4070108C60701084198000801010000E8
:100B900000000000CC07010895A400080107000030
:100BA000D0070108EF070108FDB3000801020000AB
:100BB000F207010806080108D9A50008030400008F
:100BC0000908010828080108D5AB00080303000044
:100BD0002C0801083C08010879A400080202000062
:100BE000220901084408010829A5000801020000A3
:100BF0004A08010868080108E5B400080107000078
:100C00006D0801089708010839AE000802030000CA
:100C10009C080108AA0801089F990008010100002A
:100C200000000000AF080108A999000804040000B2
:100C3000B4080108D50801089999000801010000CD
:100C4000000000007A120108C19A000801030000A8
:100C5000DB080108E808010881BA00080202000068
:100C6000F00801080109010891A60008010500002B
:100C7000040901081709010811A80008020300006F
:100C80001D09010829090108D5A80008020600006D
:100C90002E090108AC0A01080DBE00080407000077
:100CA0005909010893090108DDA9000803030000A0
:100CB00096090108AC09010811C0000801070000ED
:100CC000B3090108E809010889B60008010100001C
:100CD000000000004F03010861AA000802030000A1
:100CE000EC090108FE09010879AB000802020000C6
:100CF000B70A0108C40A0108A9B6000802040000E6
:100D0000040A0108280A010881AE00080203000055
:100D10002D0A0108460A010829AF00080202000056
:100D20003F0A0108450A010865AF000802020000F9
:100D30004C0A0108530A0108C9AB0008020200006E
:100D4000580701085A0A0108F5C300080307000004
:100D50005F0A0108D10A0108CDB1000802020000B3
:100D60006C0A0108780A0108959900080101000041
:100D700000000000BD0E010809AD000804040000D9
:100D80007D0A0108950A0108F5B70008010700006F
:100D90009B0A0108AB0A010865BF000802030000B6
:100DA000B20A0108C20A0108B9B70008020200002D
:100DB000C80A0108CF0A0108A1AF0008010200001B
:100DC000D60A0108DD0A010895B2000802060000F3
:100DD000E30A0108060B010829BA00080303000012
:100DE000090B0108000000000000000001010000E4
:100DF000000000006F70656E5F72646664006F7063
:100E0000656E5F77726664007772697465006F70F3
:100E1000656E646972002E2E007374617400253152
:100E2000306C752E256C752563002531326C64009D
:100E30002F0A002D2D2D2D2D2D2D2D2D2D0025731F
:100E40003A0A0063433A002F6465762F747479532D
:100E50003100696F63746C006C527368003A6D3ACC
:100E6000733A00626F61726463746C28424F41523E
:100E700044494F435F4D4B5244290072656E616D8A
:100E80006500556E6B6E6F776E206F7074696F6E54
:100E900020307825780A00726600756E6C696E6B7A
:100EA0000066696C6573206469666665723A2062E3
:100EB00079746520257A640A002D73006674727552
:100EC0006E636174650043616C6C696E67202570A8
:100ED0000A007461736B00253032753A2530327523
:100EE0003A2530327520002D7000253034752D25BF
:100EF0003032752D2530327520253032753A253047
:100F000032753A253032750A00757074696D653A2C
:100F100020696E76616C6964206F7074696F6E20F1
:100F20002D2D2025730A0055736167653A0A0075F7
:100F30007074696D65205B6F7074696F6E735D0AA4
:100F4000004F7074696F6E733A0A002D702C207315
:100F5000686F7720757074696D6520696E20707296
:100F60006574747920666F726D61740A002D682C47
:100F700020646973706C6179207468697320686596
:100F80006C7020616E6420657869740A002D732C82
:100F90002073797374656D2075702073696E636555
:100FA0000A0075702000256C752064617925732C0A
:100FB0002000256C7520686F757225732C20002524
:100FC0006C75206D696E75746525730025326C75BE
:100FD0003A2530326C75002C206C6F61642061768C
:100FE00065726167653A20256C752E2530326C7507
:100FF0002C20256C752E2530326C752C20256C75B7
:101000002E2530326C7500636C6F636B5F6765749F
:1010100074696D65000A256A642E2530346C64207D
:101020007365630A006E3A633A007E006368646920
:101030007200657800756E736574656E76002F00BA
:101040004F4C44505744005057440073746D333232
:10105000663431312D6D696E696D756D0061736F28
:101060006E72766D706900756E6B6E6F776E0025AF
:101070003034783A200025303278200020202000BB
:101080004865782064756D70006D616C6C6F6300ED
:101090002573206174202530386A7800776169747F
:1010A000706964002573205B25643A25645D0A003D
:1010B0003A6F3A743A002563256325632563000976
:1010C000002D6E002D7A002D62002D65002D66002A
:1010D0002D72002D77003D3D00213D002D657100F2
:1010E0002D6765002D6774002D6C65002D6C7400F4
:1010F0002D6E65002D61002D6F00616C696173209C
:1011000025733D27257327206661696C65640A0095
:1011100025733A202573206E6F7420666F756E6498
:101120000A00616C6961732025733D272573270AC6
:10113000006464006E73680004000000311101084F
:10114000640000000008000071C8000834110108A4
:101150006400000000080000A95F00085A0E0108A2
:10116000640000000008000075CE000800000000C8
:1011700000000000000000000000000075736167BF
:10118000653A0A0020202573205B69663D3C696E44
:1011900066696C653E5D205B6F663D3C6F7574668D
:1011A000696C653E5D205B62733D3C73656374737F
:1011B000697A653E5D205B636F756E743D3C736557
:1011C00063746F72733E5D205B736B69703D3C733B
:1011D0006563746F72733E5D205B7365656B3D3C48
:1011E000736563746F72733E5D205B7665726966CA
:1011F000795D205B636F6E763D3C6E6F63726561F7
:10120000742C6E6F7472756E633E5D0A0025733ABE
:10121000206661696C656420746F20726561643A50
:101220002025730A0069663D006F663D0062733DCC
:1012300000636F756E743D00736B69703D0073657C
:10124000656B3D0076657269667900636F6E763D09
:10125000006E6F7472756E630025733A20756E6B45
:101260006E6F776E20636F6E76657273696F6E2036
:1012700027252E2A73270A002D2D68656C700025FE
:10128000733A20696E76616C696420706172616D79
:1012900065746572733A2025730A0025733A2066D7
:1012A00061696C656420746F206D616C6C6F633A6A
:1012B0002025730A0025733A206661696C656420F5
:1012C000746F206F70656E20272573273A20257371
:1012D0000A0025733A206661696C656420746F208A
:1012E0006C7365656B3A2025730A0025733A206696
:1012F00061696C656420746F206C7365656B206F29
:101300006E206F75747075743A2025730A0025730A
:101310003A206661696C656420746F207772697425
:10132000653A2025730A00256C6C75206279746516
:10133000732028256C7520626C6F636B73292063A2
:101340006F706965642C20257520757365632C208A
:10135000002575204B422F730A0025733A206661E1
:10136000696C656420746F20696E6664206C7365B7
:10137000656B3A2025730A0025733A206661696C13
:10138000656420746F206F75746664206C73656586
:101390006B3A2025730A0025733A206661696C65F3
:1013A0006420746F206F7574666420726561643A9E
:1013B0002025640A00696E66696C65207365637434
:1013C0006F72202564000A6F757466696C652073FE
:1013D0006563746F722025640025733A2066616925
:1013E0006C656420746F2064642076657269667928
:1013F0003A2025640A002573206661696C656420C3
:10140000746F20636C6F7365206F757466643A2522
:10141000730A002573206661696C656420746F200F
:10142000636C6F736520696E66643A25730A006E9B
:101430006F637265617400257320282570293A0A4C
:101440000025303478202025730A003031323334BF
:1014500035363738396162636465666768696A6B17
:101460006C6D6E6F707172737475767778797A00BF
:10147000556E6B6E6F776E206572726F7200556E6F
:101480006B6E6F776E206572726F72202564004FED
:101490004C44505744000D0A002F6465762F72614A
:1014A0006D256400F1F900084DFA000899FA00086A
:1014B000CBFA000869FA0008FDF9000835FA0008BF
:0814C000F84BFF7F0100000062
:1014C8000000010000000000000000000000000013
:1014D8000000000000000000000000000000000004
:1014E80000000000000000000000000000000000F4
:1014F80000000000000000000000000000000000E4
:1015080000000000000000000000000000000000D3
:1015180000000000FC0000007C0400200000000027
:1015280000000000000000000000000000000000B3
:10153800FC00000080030020D8FC00080000002008
:101548000000000000000000000000000000000093
:10155800000000000000080000C201003500000083
:10156800006CDC0200100140097C09000A7C0900BB
:1015780000000000FEFFFF7F0500000000000000E3
:101588000000000000000000000000000000000053
:1015980000000000FFFFFFFF000000000000000047
:1015A80000000000E4000020E4000020000000002B
:1015B800BD660008000000003D680008000000004B
:1015C8000000000000000000000000000000000013
:1015D80001000000000000001003010800000000E6
:1015E8000000000000000000000000006238636492
:1015F8003034333562322D6469727479204A756EDD
:1016080020203420323032362031303A31343A35E5
:10161800340000000300000000000000000000008B
:1016280000000000000000000000000000000000B2
:1016380000000000000000000000000000000000A2
:101648000000000000000000000000000000000092
:101658000000000000000000000000000000000082
:101668000000000000000000000000000000000072
:101678000000000000000000000000000000000062
:101688000000000000000000000000000000000052
:101698000000000000000000000000000000000042
:1016A8000000000000000000000000000000000032
:1016B8000000000000000000000000000000000022
:1016C8000000000000000000000000000000000012
:1016D8000000000000000000000000000000000002
:1016E80000000000000000000000000000000000F2
:1016F80000000000000000000000000000000000E2
:1017080000000000000000000000000000000000D1
:1017180000000000000000000000000000000000C1
:1017280000000000000000000000000000000000B1
:1017380000000000000000000000000000000000A1
:101748000000000000000000000000000000000091
:101758000000000000000000000000000000000081
:101768000000000000000000000000000000000071
:101778000000000000000000000000000000000061
:101788000000000000000000000000000000000051
:101798000000000000000000000000000000000041
:1017A8000000000000000000000000000000000031
:1017B8000000000000000000000000000000000021
:1017C8000000000000000000000000000000000011
:1017D8000000000000000000000000000000000001
:1017E80000000000000000000000000000000000F1
:1017F80000000000000000000000000000000000E1
:1018080000000000000000000000000000000000D0
:101818000000000000000000FF6E73683E2000001A
:1018280000000000000000000000000000000000B0
:0C183800000000000000000000000000A4
:040000050800019559
:00000001FF
