:020000040800F2
:10000000B030002089010008F3090008F309000856
:10001000F3090008F3090008F3090008F3090008D0
:10002000F3090008F3090008F3090008F3090008C0
:10003000F3090008F3090008F3090008490A000859
:10004000490A0008490A0008490A0008490A000844
:10005000490A0008490A0008490A0008490A000834
:10006000490A0008490A0008490A0008490A000824
:10007000490A0008490A0008490A0008490A000814
:10008000490A0008490A0008490A0008490A000804
:10009000490A0008490A0008490A0008490A0008F4
:1000A000490A0008490A0008490A0008490A0008E4
:1000B000490A0008490A0008490A0008490A0008D4
:1000C000490A0008490A0008490A0008490A0008C4
:1000D000490A0008490A0008490A0008490A0008B4
:1000E000490A0008490A0008490A0008490A0008A4
:1000F000490A0008490A0008490A0008490A000894
:10010000490A0008490A0008490A0008490A000883
:10011000490A0008490A0008490A0008490A000873
:10012000490A0008490A0008490A0008490A000863
:10013000490A0008490A0008490A0008490A000853
:10014000490A0008490A0008490A0008490A000843
:10015000490A0008490A0008490A0008490A000833
:10016000490A0008490A0008490A0008490A000823
:10017000490A0008490A0008490A0008490A000813
:10018000490A0008490A00084FF0000E00F002B8C2
:100190007047000008B500F02FF800F0C5F900F036
:1001A000C7F8104B1048DA1C121AC11E22F00302C5
:1001B000994288BF0022002103F062F90B4B0C48E2
:1001C000DA1C121AC11E22F00302994288BF0022D3
:1001D000084903F047F900F095FB06F0E9FA03F04F
:1001E000D5FBFEE7B02C002000060020FC05002017
:1001F000000000204C770108474BD3F8002800216D
:1002000042F00102C3F80028C3F80818D3F8002808
:1002100022F0847222F48032C3F800283F4AC3F8E7
:100220000428D3F8002822F48022C3F80028C3F859
:100230000C18D3F8002842F48032C3F80028384A5A
:1002400082B00192019A002A5FDC019B002B41DD04
:10025000314B3449D3F8402842F08052C3F840284B
:100260000A6842F480420A60D3F8082822F0F002BB
:10027000C3F80828D3F8082822F4604242F4004268
:10028000C3F80828D3F8082822F4E05242F4A05218
:10029000C3F80828244AC3F80428D3F8002842F0F9
:1002A0008072C3F80028D3F800289201FBD540F2F1
:1002B0000362C3F8002CD3F8082822F0030242F0AE
:1002C0000202C3F80828144AD2F8083803F00C03D5
:1002D000082BF9D1104BD3F8302842F00F02C3F8A5
:1002E0003028D3F8342842F08002C3F83428D3F8F9
:1002F00040180E4A0A43C3F84028D3F8442842F075
:100300001002C3F8442802B07047D3F800289103C4
:100310009BD4019A013A94E7003002401030002447
:10032000ECF70C000070004008304004030002109D
:1003300070470000030913F00C0F0BD103F00F03FB
:10034000064A00F00F0052F82320012319B103FAE6
:1003500000F0906170471030F9E700BF984901083C
:100360002DE9F047050915F00C050446C0F3031804
:1003700040F0C680644B53F8287000F44023B3F576
:10038000002F00F00F0600F0A880B3F5402F00F01A
:10039000A680B3F5802F40F0A480C0F30021FFF7C2
:1003A000C9FF0121EFF31182802383F31188022911
:1003B00040F0998014F4704FC4F3033017D0230732
:1003C0004BBF4FF0240C4FF0200CA6F1080333462E
:1003D0005CF807E09B004FF00F0909FA03F92EEAD9
:1003E000090E00FA03F343EA0E034CF80730D7F87E
:1003F00000E04FEA4609032303FA09F32EEA030E4D
:100400006FEA030C01FA09F343EA0E0303293B6088
:100410006BD004F44033B3F5803F68D0B3F5003FB0
:100420000CBF02230023D7F80CE003FA09F30CEA0F
:100430000E0E43EA0E03FB6080B923074BBF242056
:100440002020A6F10803334650F807E09B004FF048
:100450000F0A0AFA03F32EEA0303C35101F1FF3E28
:10046000BEF1010F0DD804F44065B5F5006F40D022
:10047000B5F5406F3FD0A5F5806ADAF1000545EB90
:100480000A05BB6805FA09F50CEA030C45EA0C05F8
:10049000BD600120BEF1010F7B6800FA06F02CD888
:1004A000A5052AD5034301297B6010D0E3050ED5AD
:1004B000164D04F00C04B300615903F00C030F2037
:1004C000984021EA000108FA03F30B436351D2B2CA
:1004D00082F311880020BDE8F087022162E7032142
:1004E00060E729465EE7002081E700239BE70123C0
:1004F00099E70225C5E70325C3E723EA0003D2E70E
:100500006FF01500E7E700BF98490108083801407F
:10051000C0B2FFF725BF4FF04023D3F800245206A6
:10052000FBD5C3F80404704708B54FF4003200212E
:10053000194800F04FFA1948FFF712FF1848FFF763
:100540000FFF4FF04023D3F80C2422F40052C3F8DD
:100550000C24D3F8102422F47D52C3F81024D3F8CD
:100560000C2422F4BB5222F01C02C3F80C24D3F852
:10057000142422F4E06222F00102C3F81424D022F1
:10058000C3F80824D3F80C2442F4005242F00C02C1
:10059000C3F80C2408BD00BF40380240027C0900AB
:1005A000037C090010B5D0F8A440A0F89010E268D0
:1005B00001F4D07322F4D0721343E360D0F8A42086
:1005C000536901F0010123F001031943516110BD8A
:1005D00010B5EFF31184802383F31188FFF7E2FF56
:1005E000E4B284F3118810BD10B5EFF311848023B9
:1005F00083F3118849B1D0F8A420D368526903F479
:10060000D07302F0010213430B800021FFF7CAFFF1
:10061000E4B284F3118810BD6FF018007047C36F07
:10062000D3F8A4205068B3F8922040EA02420A604E
:100630000022A3F89220C0B2704710B50B46C06FDD
:10064000EFF31184802282F31188B0F890103BB14F
:1006500041F02001FFF7BCFFE4B284F3118810BD24
:1006600021F4907121F00101F4E7C36FD3F8A430B5
:100670001868C0F340107047C36FD3F8A4305960B6
:10068000704710B5C06FEFF31184802383F3118896
:10069000B0F8903041B143F0800189B2FFF798FF84
:1006A000E4B284F3118810BD23F08001F5E7C36F35
:1006B000D3F8A4301868C0F3C010704710B5C46FE9
:1006C00094F89C0000F00AFB002294F89C0011466C
:1006D000BDE8104003F06EBA38B5C56F064995F80D
:1006E0009C002A4603F066FA044618B995F89C0067
:1006F00000F006FB204638BDFD06000838B514465C
:100700004FF48075D4F8A42013689BB29906A4F81E
:10071000923019D5B4F89010880615D5204601F00E
:1007200062F90123B4F89220110607D5B4F890209D
:10073000120603D5204601F0ECF80123013D01D05B
:10074000002BDFD1002038BD13F487731CBF536822
:100750000023E7E738B5C46F0546002184F89410FC
:100760002046FFF741FFEB6F134AD3F8A4309342C2
:100770001CD002F54C42934204D1104810210022B3
:1007800000F028F9D4F8A420D36823F4005323F010
:100790000C03D360D4F8A80008B1FFF7B9FED4F871
:1007A000AC0038B1BDE83840FFF7B2BE04484FF4A2
:1007B0000031E4E738BD00BF004400404438024047
:1007C0004038024038B5C46F4B4AD4F8A430934245
:1007D00005467DD002F54C42934204D14748102291
:1007E000002100F0F7F8D4F8A80008B1FFF7B8FD31
:1007F000D4F8AC0008B1FFF7B3FDD4F8A42094F806
:10080000B0101369002967D023F4605394F897104F
:1008100009B143F400531361D4F8A420D36823F43E
:10082000BE73D360D4F8A420536923F4E06323F0AB
:1008300001035361E96FD1F89830D1F8A4005D0845
:10084000D1F8A030B3FBF5F35D09C26847D11D09AB
:1008500003F00F03013342F400425B08C260D1F899
:10086000A40043EA0513836022F4B05391F8952065
:10087000012A3BD143F4C06391F89600092802D0C5
:10088000082802D10AB143F48053D1F8A420D360E0
:10089000D1F8A42091F89700136923F4405308B1CC
:1008A00043F400531361D1F8A420536923F4407337
:1008B0005361D4F8A420D36843F4005343F00C03ED
:1008C000D36000200123A4F8900084F8943038BD50
:1008D0000B484FF4003283E723F47D5396E703F08F
:1008E0001F0301335B0822F40042B7E7022A08BF66
:1008F00043F48063C0E700BF004400404438024036
:100900004038024038B5084D002455F8040B10B1AA
:100910000021FFF769FE0134062CF6D1BDE838400E
:100920000248FFF74FBF00BFCC490108B4000020C8
:100930007FB511491148124D00F020FE0E491148B3
:1009400000F01CFE10491022684602F063FD0024EE
:10095000012355F8041B49B18A783AB95E1C6846F0
:1009600030338DF8093000F009FE33460134062C8F
:10097000EFD104B070BD00BFB4000020A849010849
:10098000CC490108B5490108C049010837B5084DEF
:100990000DF1060104462846FFF726FEE0B2FFF7F8
:1009A000BAFDBDF806102846FFF712FE03B030BDB1
:1009B000B400002010B5EFF31184802383F3118875
:1009C00003889BB223EA01010A430280E3B283F366
:1009D000118810BD10B5EFF31184802383F31188C3
:1009E000036823EA01010A430260E3B283F311883A
:1009F00010BDEFF30580EFF3148C1EF0040F02D04E
:100A0000EFF3098107E0EFF30881A1F1300282F3EF
:100A10000888BFF36F8F0A4602F12002EFF31183BB
:100A200021E9FC5F8B4600F02BF8B0E8FC5F1EF07C
:100A3000040F0CBF80F3088880F3098883F31188C2
:100A40008CF314887047000010B5EFF3058420463E
:100A500000F068F90021204603F0CEF8064B1A6832
:100A6000064B1B689A4205D0BDE8104000210E20BD
:100A700000F040B810BD00BFE0120020D8120020E6
:100A8000F8B51A4E0B28376804460D4602D10B6B99
:100A9000012B01D0C7F8A450042005F0A7FE204682
:100AA00000F040F90E2C1BD1BB6F13B1384600F09B
:100AB00041F8EFF31183802383F311880C4B3068E6
:100AC0001C68214603F07CFC04203460D4F8A44068
:100AD00005F09AFE33680022C3F8A4202046F8BD32
:100AE0002946204603F088F8E8E700BFE01200201E
:100AF000D812002082B00F28019106DD4FF0E023CC
:100B00001038C3F8000F02B070470E280AD00F2823
:100B10000BD00228F7D14FF000420548002102B067
:100B2000FFF758BF4FF08052F7E74FF08062F4E7CD
:100B300004ED00E010B50446EFF305836BB1174BED
:100B40001B68EFF30582A34209D10E2A07D0BDE846
:100B5000104000210E20FFF7CDBF114BF0E7D4F875
:100B6000A410C4F8A010A1F150005022C4F8A400B1
:100B700002F078FCD4F8A43003F150021A60D4F8E3
:100B8000A430084A9A64D4F8A43080225A60D4F879
:100B9000A4304FF08072DA6410BD00BFE012002074
:100BA000D8120020A90B000870B5114B05201C6855
:100BB00005F01CFE0025802685F3118862B6A36F20
:100BC00020469847EFF3118386F31188E36F13B142
:100BD000636C5B06F0D50023A367052005F014FEC7
:100BE000D4F8A030C4F8A430012000DF70BD00BFED
:100BF000D81200200F2810B510DD1038441103EB77
:100C0000840303F1604303F561430B6000F01F00B0
:100C1000012303FA00F01060002010BD0D4B0B60A3
:100C2000042803D14FF480331360F5E7052802D17F
:100C30004FF40033F8E7062802D14FF48023F3E79E
:100C40000F2803D1044B0B600123EDE74FF0FF3079
:100C5000E3E700BF24ED00E010E000E008B54FF04E
:100C6000E0234FF0FF32C3F88021C3F88421C3F89A
:100C70008821164AC3F8082D4FF08032C3F8182D8A
:100C8000C3F81C2DC3F8202D5B6811490133DB002C
:100C9000013B18D20F4900220B2002F08BFF0E49B6
:100CA0000022032002F086FF4FF0E022D2F81C3D24
:100CB00023F07F4343F0E043C2F81C3D002383F35D
:100CC000118862B608BD41F8042BE1E70000000876
:100CD00000E400E0550D0008290D000813B580233D
:100CE00001AA69460446FFF785FF38B9DDE90031FE
:100CF0000F2CD7BF1A6819608A431A6002B010BD62
:100D000013B5002301AA69460446FFF773FF38B9FB
:100D1000DDE900310F2CD7BF1A6819600A431A6049
:100D200002B010BD7047000008B54FF0E0220B463E
:100D3000D2F82C1DD2F8282DEFF31182802282F3F5
:100D4000118800210846024A03F06EF8002008BD11
:100D5000204A010800207047F8B506460C461546A3
:100D600005B9F8BDB36F30469B6A98470028F9D0A3
:100D7000B36F9F6B47B12A4621463046B847031EE2
:100D8000EEDD1C44ED1AEBE71B6A14F8011B30463C
:100D90009847013DE4E72DE9F84304460E4617461F
:100DA0004FF08008B4F85030B4F95420B4F8520031
:100DB0001BB201339A42D8BF002300B298420AD036
:100DC000B4F85020A16D12B21BB28E540020A4F8CA
:100DD0005030BDE8F88317B3EFF3118988F3118819
:100DE000B4F852301BB2834217D1A36F01215B6A62
:100DF0002046984704F1100001F0D2FCA36F05468D
:100E00005B6A0021204698475FFA89F989F31188C7
:100E1000002DC7DA6FF00300DBE70025F4E76FF081
:100E20000A00D6E72DE9F041C3681D6A05F13006D6
:100E3000304601F0B5FC041E1ADB2B78013313F0A9
:100E4000FF072FD0012F2BD1EFF31188802383F3DD
:100E50001188AB785FFA88F86BB9AB6F28461B68CE
:100E60009847041E07DA88F31188304601F0DEFC4B
:100E70002046BDE8F081AB6F28469B689847041E6A
:100E800007DAAB78002BEED1AB6F28465B6898474A
:100E9000E9E7AB6F01219B692846984788F31188E1
:100EA0002F70E2E76FF01704DFE770B5046A04F112
:100EB0003005284601F074FC00281DDB2678E6B9D1
:100EC000284601F0B3FC04F1400003F031FB04F1CB
:100ED0005C0003F02DFB284603F02AFB04F1100010
:100EE00003F026FB04F1200003F022FBA36F1B6B31
:100EF0004BB120469847002070BD0123E37028467F
:100F000001F094FCF7E71846F6E700002DE9F04FF2
:100F1000C36887B01D6A07460E46EFF30583BBB171
:100F2000EFF311830293802383F311884FF00008BD
:100F30007368DFF884B101934446019B434525DC87
:100F40009DF8083083F31188204607B0BDE8F08F84
:100F500003F0D2F980460028E2D105F1400A50465C
:100F6000D6F8089001F01CFC041EEDDBAB6F3F6867
:100F70005B6A41462846984787F04007C7F38017C9
:100F8000C846B8F1000F4BD14C465FE0336803EB25
:100F9000C802576877B3A86853F838A010F001006A
:100FA00019D0002081461AF809200D2A4B460AEB79
:100FB000000109F1010920D1AA68120709D51A1AFE
:100FC0002846FFF7C9FE284601225946FFF7C4FE0E
:100FD00048464F45E7D13A1A0AEB00012846FFF789
:100FE000BBFE002F3B4662DB6FF000431B1BBB4286
:100FF0005BDB3C4408F101089FE70A2AE9D1AA68B3
:1010000012F0240FE5D01A1A28460393FFF7A4FE26
:1010100028462A490122FFF79FFE039B1846D8E77E
:10102000012300210DF11702304601F049F8AB68A9
:10103000D9071CD49DF817103A462846FFF7ABFE97
:10104000041E2BDAC14501D9A9EB0804B5F85020DC
:10105000B5F8523012B21BB29A4204D0AB6F0121E4
:101060005B6A28469847504601F0E0FB6CE79DF824
:1010700017200D2A0FD11A07DCD50A228DF8172068
:1010800013F0240FD6D03A460D212846FFF783FEF1
:10109000041ECFDAD6E70A2ACCD1F1E70121304687
:1010A00000F0C8FF08F1FF386BE76FF04A03002C2F
:1010B00008BF1C4644E700BF896C0108264A0108A6
:1010C0002DE9F04FC3681C6A04F15C0985B007463E
:1010D00048460E4601F064FB051EC0F2C080B368AE
:1010E000DFF834B200934FF000084546009B9D4264
:1010F00080F29F80B4F86E30B4F86C2019B212B24E
:101100008A4200F0B380626F0133525CB4F9701010
:101110008DF80F201BB29942D8BF0023A4F86E307F
:10112000636813F4E07F10D00A2A07D159060CD562
:101130000D228DF80F201A06D8D406E00D2A04D10E
:10114000DA05F8D50A238DF80F30E3689B0713D42E
:10115000294601230DF10F02304600F091FFE368AC
:10116000190705F101055BD59DF80FA0BAF11B0F1A
:101170002AD102236370B9E79DF80F30082B01D004
:101180007F2BE5D1002DB1DD0123294630465A469B
:1011900000F076FFE368180705F1FF35A6D50122B8
:1011A00008212046FFF7F7FD012220212046FFF706
:1011B000F2FD012208212046FFF7EDFDA36F5B6AD7
:1011C00001212046984791E76278022A12D1BAF1AC
:1011D0005B0F11D04FF000036370504601F069FAC5
:1011E00068B1BAF10A0F1BD101220D212046FFF789
:1011F000D2FD07E0002AF0D0013A627076E7BAF13A
:101200000A0FF1D001229DF80F102046FFF7C3FD11
:10121000E3689A0727D5A36F01215B6A20469847A8
:10122000E3689B077FF562AF9DF80F300A2B7FF4D0
:101230005DAFB8F1000F04D0A36F01215B6A2046B7
:101240009847A36F01219B6920469847484601F0C3
:10125000EDFA002D03DB2946304600F0EBFE284670
:1012600005B0BDE8F08F4FF00108D9E7EFF3118A20
:10127000802383F31188A26F002192692046904752
:10128000B4F86C10B4F86E2009B212B291425FFA51
:101290008AFA3BD1A26F0121926920469047B4F8A7
:1012A0006C10B4F86E2009B212B2914202D08AF3E7
:1012B00011881BE7002D05DDE268900702D48AF350
:1012C0001188B6E7FA6822B98AF311886FF04C05E5
:1012D000AFE73A68510604D58AF311886FF00A0522
:1012E000A7E7484601F0A2FA04F1200001F058FAFD
:1012F0000190484601F054FA8AF31188019A002AB5
:10130000BFF6F4AE002D08BF154692E78AF31188A8
:10131000A36F9B6954E700BF584A01082DE9F041CB
:1013200006460C4617469846EFF31185802383F353
:10133000118802F09FFF04F120004246391B06EBA2
:10134000800000F04EFDEDB202F0A2FF85F311889F
:10135000BDE8F0812DE9F041C3680D461C6AEFF34A
:101360001183802181F31188002A4FD06218002751
:1013700052F8041B3E46013700293AD106F12002FB
:10138000DBB244F8225004EB82026A6183F31188D5
:1013900004F14008404601F003FAB4F85030B4F9C3
:1013A0005420B4F852501BB201339A42D8BF0023E4
:1013B00040462DB204F15C089D4214BF042500256F
:1013C00001F034FA404601F0EBF9B4F86C20B4F8BF
:1013D0006E3012B21BB29A4215D1404601F026FA85
:1013E0002B463A4631462046FFF798FF0020BDE8DD
:1013F000F081042FBCD100226A61DBB283F3118833
:101400006FF00F00F3E745F00105E6E76869002893
:10141000EDD00260DBB26A6183F31188E6E7000079
:101420002DE9F041836F1B690646884615462BB3AC
:1014300000F14007384601F0B3F9041E16DBB36F24
:1014400000221B6940F20F1140469847041E0DDB35
:1014500095B14FF47A70684303F02CF8B36F002213
:101460001B694FF48871404698470446384601F09E
:10147000DDF92046BDE8F0810248EDE76FF0180481
:10148000F7E700BF801A060013B501A9044601F072
:101490007AF920B102B010BD204601F0C7F9019BD6
:1014A0005A1C002B0192F7DDF4E72DE9F74F00F10C
:1014B0004009044648461646984601F071F9B0F1D5
:1014C000000B3ADB02F0E7F905460F46EFF3118314
:1014D0000193802383F311884FF0000B04F1100A6D
:1014E000B4F85010B4F8522009B212B291421AD096
:1014F000A36F01215B6A2046984702F0CCF9401B9C
:1015000061EB0701B04271EB08031ADA311A504659
:1015100003F0C2F88346A26F0021526A204690472A
:10152000BBF1000FDCDA9DF804A08AF31188BBF14F
:10153000000F09DA484601F079F9584603B0BDE8D2
:10154000F08F6FF06D0BE6E7A26F2046D26A9047EE
:101550000028EFD14FF47A7002F0ACFF02F09BF953
:10156000401B61EB0701B04271EB0803ECDB48461E
:1015700001F05CF96FF06D0BDFE7000070B58B7860
:1015800005460C465BB1CB6843F00B03CB600523EB
:101590008B604B6843F480734B6000234B7004F105
:1015A000400001F099F804F15C0001F095F804F1B5
:1015B000300001F091F80022114604F1100001F012
:1015C000CDF80022114604F1200001F0C7F82346AF
:1015D00028460349BDE870404FF4DB7200F0AFBA13
:1015E000284A010810B50123044604220021FFF710
:1015F00095FE04F12000BDE81040FFF745BF10B58F
:10160000042304461A460021FFF788FE04F1100067
:10161000BDE81040FFF738BF2DE9F041C3681C6AF0
:10162000D4F87880D8F8103088B007460E461546B2
:101630002BBBB6F58B7F14DAB6F5867F40F3DD80E1
:101640006FF48673F318082B00F2D780DFE813F0ED
:10165000CC00D200D500D500D500D500D500A4001F
:10166000BE0040F207339E425AD0B6F5427F73D097
:1016700040F206339E422FD06FF01800B1E0B1F572
:10168000817F1CD1002A00F0CA80202200216846F8
:1016900001F0F6FED8F810306A4640F201113846E3
:1016A00098470028C0F2B280EB69079A9A4206D1A7
:1016B000AA68029B534033F4486300F0A780A36FED
:1016C0002A461B6931463846984710F1190FB0D0A9
:1016D000002800F0948084E0EFF31181802383F3ED
:1016E0001188B4F86E20B4F86C3012B21BB29A4272
:1016F0000CDCB4F86C30B4F86E201BB212B29B1A3A
:10170000CAB282F311882B6000206AE0B4F86E2020
:10171000B4F86C00B4F9703012B200B2121AEEE7ED
:10172000EFF31181802383F31188B4F85220B4F8C9
:10173000503012B21BB29A4205DCB4F85030B4F803
:1017400052201BB2DAE7B4F85220B4F85000B4F9D2
:10175000543012B200B2E1E7EFF31181802383F33A
:101760001188B4F85020B4F8523012B21BB29A4229
:1017700008DAB4F85230B4F850201BB212B29B1AF7
:10178000013BBDE7B4F85020B4F85200B4F954302E
:1017900012B200B2121AF2E7EFF31186802383F33C
:1017A000118835F0020304BFB4F86C30A4F86E3031
:1017B000013D012D06D8B4F85030A4F8523020462F
:1017C000FFF71DFFF6B286F311889DE74FF47A729A
:1017D00000232046FFF769FE18B110F1190F3FF4FE
:1017E0004BAF08B0BDE8F0812A4639462046FFF7E6
:1017F00017FEF1E764226A43F7E76FF0180040F242
:1018000001139E420AD0B6F5817FEAD13DB12B6823
:1018100063606B68A360EB68E36075E715B96FF010
:101820001500DEE763682B60A3686B60E368EB601C
:101830006AE710B500210446103002F0DDFF0021F8
:1018400004F1200002F0D8FF012104F1400002F071
:10185000D3FF04F15C000121BDE8104002F0CCBFD1
:1018600070B5C3681C6A04F130050646284600F0CE
:1018700097FF2378012B05D9013B2370284600F000
:10188000D5FF44E0A36F002121709B692046984753
:1018900033685B0605D44FF4C87200232046FFF777
:1018A00004FEEFF31186802383F31188A36F204693
:1018B000DB689847A3781BB9A36F20465B689847FD
:1018C000F6B286F311882046FFF78CFE2046FFF71C
:1018D000B0FFE3782846002BD1D000F0A7FF04F139
:1018E000400002F025FE04F15C0002F021FE2846D3
:1018F00002F01EFE04F1100002F01AFE04F12000B6
:1019000002F016FEA36F1B6B0BB120469847002018
:1019100070BDF8B5002504462E46B4F85020B4F842
:10192000523012B21BB29A4220D1B4F85020B4F80F
:10193000523012B21BB29A4204D1A36F00215B6AEB
:1019400020469847002D4DD02046BDE8F840FFF7CF
:1019500056BE1A6AB4F8523018B201331BB2A4F85A
:101960005230095C20469047013530E0A36F204695
:101970009B6A98470028D8D0A36FA16D9F6B002F5A
:10198000E7D0B4F85220B4F8503012B21BB29A42E9
:10199000ADBFB4F85220B4F85020B4F8523013B2AE
:1019A000AEBFB4F954201BB212B2D21AB4F85230FE
:1019B000204601FA83F1B847002809DDB4F8523017
:1019C00013FA80F31BB2A4F8523015FA80F5ADB2C9
:1019D000B4F85230B4F954201BB29A42D8BFA4F8DC
:1019E00052609AE7F8BDF7B504460025A36F20467C
:1019F000DB699847E8B9B4F86C20B4F86E3012B2DD
:101A00001BB29A42BDBFB4F86E20B4F87030B4F87F
:101A10006C10B4F86C30ACBFB4F86E205B189B1A35
:101A20009BB2002B67D0204603B0BDE8F040FFF723
:101A3000D9BDB4F86C30B4F97020A16F1BB201337A
:101A40009342B8BFB4F86C604B6BB4F86E70BABF19
:101A500036B2013600263FB2002B38D0B74230D024
:101A6000B4F86E00B4F86C1000B209B2884205DD1B
:101A7000B4F86E20B4F86C10013A07E0B4F86E10B8
:101A800009B292B20029F5D0B4F86C10B4F86C0029
:101A9000521A616F92B201FA80F1204698470028ED
:101AA000A4DDB4F86C30B4F97020184400B2A4F886
:101AB0006C00B4F86C301BB29A4297DCA4F86C50FE
:101AC00094E701220DF10301204698478EE74B6908
:101AD000002B8BD001A920469847B742C0B28DF8A1
:101AE000030083D0B4F86C30626F1BB236B2D054AE
:101AF000A4F86C607AE703B0F0BDF7B5044617466A
:101B00000E461D4600F024F8204601AA394600F092
:101B10008BF8041E10DB019A089B108A566120F096
:101B20000F0040F0010010821562D36100F01CF834
:101B30000024204603B0F0BD00F016F8F9E713B515
:101B400000240094FFF7D9FF02B010BD00F060B888
:101B5000014802F010BF00BF68010020014802F0F8
:101B6000C1BE00BF68010020014802F02FBF00BFC6
:101B700068010020014802F0DFBE00BF68010020BC
:101B8000038A024613F00F0019D053699BB1CA07AC
:101B900003D55A6A0AB99A6832B111F002000ED020
:101BA000986A58B9DA6852B95B69002B14BF0020F3
:101BB0006FF00C0070476FF0050070470020704711
:101BC00010B503460446184613F8012B2AB9001B2A
:101BD000283001F085FC18B910BD2F2AF3D1F6E7A3
:101BE0000A4A13880383591C01231180013CC360F6
:101BF00000F1240314F8012F12B900221A70EBE748
:101C00002F2AFAD003F8012BF4E700BFF0110020CF
:101C100008B50348FFF7D4FF024B186008BD00BFAA
:101C20007D760108F41100202DE9F04100231360B6
:101C30001646027888B0002A45D0CDE9010301A8F4
:101C4000CDE90333CDE905338DF81C3000F050F8B1
:101C5000002835DADDE90354019F384600F036F8F4
:101C6000037880463846D3B1FFF7AAFF48B96FF032
:101C70000B04069808B101F017FC204608B0BDE837
:101C8000F0813DB16B68C0E9004368604746044697
:101C90000025E2E7A368C0E90043A060F6E7FFF78C
:101CA0008FFF0028E3D035B16B68C0E9004368605E
:101CB00030600024DDE7A368C0E90043A060F7E7D7
:101CC0006FF01004D5E76FF01504D6E703780246ED
:101CD00001300BB12F2BF9D113782F2B104602F1C5
:101CE0000102F9D02E2B02D143782F2BEED0704772
:101CF000F8B503681B782F2B044611D005462C48F5
:101D000001F00AFE55F8143B2A4A2B49002818BF57
:101D10000246284600F0ACFD002842DB63692360E0
:101D2000264B2068196803782F2B3DD100252E46BD
:101D300049B90A466FF00103C4E90001C4E902652C
:101D400022611846F8BD01F12307431E17F801CFA1
:101D500013F8012FBCF1000F0FD10AB12F2A17D1B0
:101D6000FFF7B4FF0378BBB10B8A03F00F03032B1B
:101D700014D08B680D4600210BE022B12F2A02D02F
:101D8000944505D3E2D900216FF001030A46D3E759
:101D90004B680E461946CBE70246CDE702460023C4
:101DA000CAE76FF00B03CCE76FF01503C9E700BF7C
:101DB00016770108E0530108594A0108F411002080
:101DC00013B5C468002301934CB101A9204600F06B
:101DD000DAFC019B002B02DC204600F027FD02B05C
:101DE00010BDF8B506460F4614460025BD4200DA80
:101DF00004B9F8BD56F8250098B14268816842F0F0
:101E0000180323400B4313F0180F18BF23F00403EB
:101E10008360836802F48032134302D0036903B104
:101E200098470135E2E737B5C46801914CB3238A7E
:101E300003F00B05012D03F00F0103D0A1F10905FB
:101E4000012D07D865692DB12D6A1DB10199A847EB
:101E500003B030BD032906D1646924B1246A14B1EA
:101E60000199A047F4E703F00E03022B01D00729E4
:101E700009D15AB1052201A80121FFF7B2FF0020C4
:101E8000E6E71822F7E76FF02500E1E71046DFE705
:101E90002DE9F74300250F46164615600446A9466E
:101EA000BD4202D103B0BDE8F0832068002809DB01
:101EB000002201A900F01BFA00280DDAA36843F004
:101EC0000803A360A36813B1336801333360C4E926
:101ED000039901351834E3E7002221460198FFF702
:101EE000A2FF8046019800F01CFA019800F019FA50
:101EF000B8F1000FE6DAE1E72DE9F04F89B00025EF
:101F00000DF1100806460F46914629462A464046DE
:101F1000DFF8F0B00195344600F020FCAA460295A7
:101F2000AF4233D1029B002B04DD02AA3946304672
:101F3000FFF7AEFF029B0193002B55D101F0A8FAE9
:101F4000B9F1000F4ADD0A2309F109014046B1FB4E
:101F5000F3F102F0A1FB10F16E0F044600D1002452
:101F600001AA39463046FFF793FF01F091FA404647
:101F700002F0DEFA002C39DAEFF305831BB900F02A
:101F8000A1FB644204604FF0FF3030E02068C4F8E9
:101F900008A00028C4E9038BC4F814A02FDB00229A
:101FA00003A900F0A4F9002809DB039801222146C7
:101FB000FFF739FF00281DDA039800F0B2F902AAF2
:101FC00029463046FFF764FFA36843F00803A36087
:101FD0000023C4E90333029B0133ACE7BFD0404682
:101FE00000F0DEFB0446BBE70024C0E7019809B01F
:101FF000BDE8F08FA36813B1029B01330293013552
:1020000018348DE7C11D000870B5D0E90024002305
:10201000184604326FF00045A34200DB70BD52F851
:1020200033102E1A8E4202D308440133F4E76FF0C6
:102030001500F3E770B5D0E90253D0E900426D1AFC
:102040008560002A04DD6568EE1A8E4204D90B44CF
:10205000C0E90042C36070BD5B1B19440834013AFB
:102060000023EEE738B50025C0E900128560C560A1
:102070000446FFF7C9FF0028A4BFA060284638BD6A
:10208000F8B50468C06817461E4608446368834272
:1020900002D308341EB9F8BDC01A0834F6E754F864
:1020A000045C54F8083C2D1AB54228BF3546394621
:1020B0002A46184401F0D6F9761B2F440020E8E7A1
:1020C000F8B51F46C36804681646194463688B4216
:1020D00002D308341FB9F8BDC91A0834F6E754F81A
:1020E000045C54F8083C6D1ABD4228BF3D461944B3
:1020F00030462A4601F0B6F97F1B2E440021E8E75E
:102100002DE9F04790F80180884504460F4602D338
:102110000020BDE8F08708F10103202BC24648DC0F
:10212000880001F0C9F9054660B14646402001F03B
:10213000D7F945F8260068B9013EB04505DD2846C7
:1021400001F0B2F96FF01600E3E755F8260001F050
:10215000ABF9F1E70136B742E8D8EFF311898023F4
:1021600083F31188627842455FFA89F910D0BA4248
:102170000ED389F31188B24503DB284601F094F9A8
:10218000C6E755F82A0001F08FF90AF1010AF2E7D3
:10219000616819B19200284601F064F960686770BF
:1021A000656089F311880028B2D00834A042E5D1D7
:1021B000AEE76FF01700ACE770B5049DEFF3118444
:1021C000802686F31188406850F8211001EBC20088
:1021D00051F832201A605AB1BFF35B8F043252E8D3
:1021E000003F013342E800310029F8D1BFF35B8F93
:1021F000E3B283F3118805B1286070BD00F10803D4
:10220000436000F10C0383604FF4807303807047D8
:1022100013B5144690B100290CDB4278B1EBC20F24
:1022200008DA009301F007022346C910FFF7C4FF44
:10223000236833B96FF0080002B010BD6FF01500CD
:10224000FAE70020F8E7002A2DE9F84315469846FA
:10225000B8BFD51D534203F0070302F0070406463A
:102260000F464FEAE50558BF5C42EFF311824FF08D
:102270008009D2B289F311887378AB420CDC82F307
:102280001188691C3046FFF73BFF002822DBEFF383
:102290001182D2B289F31188736853F8251051F86E
:1022A000343001EBC400BBB908F10403BFF35B8F0A
:1022B00053E8001F013143E80016002EF8D1BFF3A8
:1022C0005B8FC7F38027C0F80080077182F3118805
:1022D00004EBC500BDE8F8830134082CDFD10135DB
:1022E0000024C9E7142001F0FBB801F0DDB870B597
:1022F0000D461646044601F06BFF33462A4621463A
:10230000BDE87040FFF784BF0430BFF35B8F50E837
:10231000003F013340E80032002AF8D1BFF35B8F61
:10232000704738B5044610B90025284638BD031D4E
:10233000BFF35B8F53E8002F511E43E80015002DBB
:10234000F8D1BFF35B8F012AEED100F055F90546B5
:10235000204601F0A9F8E8E72DE9F043836885B04D
:1023600005463BB10024D0F8308093F82D72A14689
:10237000A74202DC05B0BDE8F0830026404601F02C
:1023800031FF0028F6D0D0F808C0BCF1000FF1D022
:102390008542EFD10CF50B70CDF8009003AB3246BF
:1023A0002146FFF709FF039820B100F057F9039881
:1023B000FFF7B7FF0136082EE0D10134D8E7F8B5B2
:1023C00006461C461046EFF31185802383F31188DF
:1023D00000290B46B8BFCB1D7668DB104A4256F881
:1023E000233002F0070201F0070158BF514203EB0E
:1023F000C10753F8316043F83100C4F38024FFF77C
:1024000083FF3C71EBB283F311883046BDE8F8409E
:10241000FFF787BF2DE9F04F87B00746884616467D
:10242000039300247B78A34202DC4FF000091EE0F6
:102430004FEAC40B002505AB0093384604AB2A468F
:102440002146FFF7B9FE049805EB0B0A38B3039B4E
:1024500013B1059B1B79BBB96EB9611C4046FFF7F0
:102460004FFEB0F1000908DA0498FFF75AFF48461A
:1024700007B0BDE8F08F002208E0049A002351461F
:102480004046FFF79CFF07E03EB10122514630462F
:1024900002F059FE0028E0D10498FFF742FF013511
:1024A000082DC8D10134BDE79142F7B505460E4667
:1024B00014461F4621D0002A22DB4378B2EBC30F1B
:1024C00009DA01AB6A4631462846FFF7A1FE00282B
:1024D00008DA03B0F0BDD1100131FFF711FE00287A
:1024E000EFDAF6E7009A3B4621462846FFF767FFFA
:1024F0000098FFF716FF2046EBE76FF01500E8E7BE
:102500006FF00800E5E7914213B50C460CD10022AC
:1025100001A92046FFF7EBFE002803DB0198FFF737
:1025200000FF204602B010BD002302B0BDE81040FD
:10253000FFF7BABF07B501AB6A46FFF769FE00288F
:1025400011DB019AEFF31183802181F31188106868
:1025500008B100211160DBB283F31188FFF7E1FEBF
:102560000098FFF7DEFE03B05DF804FBF8B5457890
:102570000446013D07D260680834A04213D0BDE88C
:10258000F84000F091BFEF000726F1192046FFF751
:10259000D1FF013EF9D2002DEBD0636853F825003E
:1025A00000F082FFE5E7F8BD0148002101F03ABEE6
:1025B0005923000858B1BFF35B8F0C3050E8003F3F
:1025C000013340E80032002AF8D1BFF35B8F704737
:1025D000034680B1BFF35B8F0C3353E8002F511ECD
:1025E00043E8001CBCF1000FF7D1BFF35B8F012A59
:1025F00001DC00F04FB8704770B5C56806466DB194
:102600006C6924B1646814B1A047041E02DB28463B
:10261000FFF7DEFF0023F360204670BD2C46FBE78A
:1026200010B5054B0446186801F0CCFD2146BDE805
:102630001040FFF77FBF00BFD812002010B5FFF792
:10264000EFFF041E08DAEFF305831BB900F03AF838
:10265000644204604FF0FF34204610BD10B5C268DC
:10266000AAB15369128A02F00F02032A05D173B18D
:10267000DB6A63B1BDE81040184743B15B6933B111
:10268000002240F20D51984700EAE07010BD6FF053
:102690001500FBE710B5044650B14068FFF7FAFF9C
:1026A000A068FFF7F7FF2046BDE8104000F0FCBE31
:1026B00010BD1F2804DDA0F17F0358425841704728
:1026C0000120704708B500F0E3FE08B1083008BDEE
:1026D0000048FCE7F811002038B5064A00210546FD
:1026E00000F03CF8041E03DB0421284600F03DF80E
:1026F000204638BDFEFFFF7F10B5074A036823F070
:10270000004432EA030308BF4FF0FF3402F040FDFB
:10271000031B5842584110BDFEFFFF7F10B5044611
:10272000FFF7EAFF28B9204600F03AF8002801DA5E
:1027300010BD0020236901332361F9E710B5036957
:10274000013B044603613BB900F070F8002802DA4F
:1027500023690133236110BD0020FCE703460260BA
:102760000020C3E9020018717047034611F003000E
:1027700007D00138022834BF6FF089006FF01500D0
:10278000704719717047024638B131B1037913F0BF
:10279000040002D113680B6070476FF0150070479A
:1027A000F8B506790F4F044606F0040625681EB9F1
:1027B000002D11DD681E03E0BD420DD102F0E8FCE2
:1027C00054E8003FAB4204D144E80002BFF35B8F02
:1027D000002AEBD10020F8BD2046BDE8F84001F00A
:1027E000C1BE00BFFEFFFF7FF8B506790E4F04465D
:1027F00006F0040625681EB9002D11DD681E03E0F1
:10280000BD420DD102F0C4FC54E8003FAB4204D1FC
:1028100044E80002BFF35B8F002AEBD10020F8BD33
:102820006FF00A00FBE700BFFEFFFF7F30B40279C4
:102830000E4C02F0040203681AB9002B12DB591C7B
:1028400002E0002B0EDB2146BFF35B8F50E8005FF8
:102850009D4204BF40E8001CBCF1000FEBD10020FA
:1028600030BC704730BC01F05FBF00BFFEFFFF7F90
:102870000EB403B503AA52F8041B019200F02FF81E
:1028800002B05DF804EB03B07047F0B58DB01446AC
:102890000D46074602A8019200F062F8224629463A
:1028A00002A800F08DFC029E0136304600F004FEC6
:1028B000044670B10146324606A800F033F8019A8A
:1028C000294606A800F07CFC002805DA204600F026
:1028D000EBFD4FF0FF3000E03C600DB0F0BDFFF7C6
:1028E000D4BF38B5054600686B691C1A944228BFEE
:1028F000144654B12B692246184400F0B3FD2B68EE
:102900002A69234400212B60D154204638BD07B5E5
:1029100001228DF807100DF10701FFF7E2FF03B068
:102920005DF804FB064B4360064B8360064BC360B7
:10293000013A00230360016142610B70704700BFE0
:102940000F290008E32800088129000803680133E3
:1029500003607047034610461A6802441A607047C5
:10296000044B4360044B8360044BC360002303604B
:10297000704700BF4D29000855290008812900082B
:10298000002070472DE9F04F8FB00446DDF860B0AD
:10299000002593F80090B9F1000F00F00284B9F11E
:1029A000250F0ED0013305936368494620469847AA
:1029B00005F1010ACDF80CB0DDF80CB0059B5546C9
:1029C000E7E793F801909A1CB9F1250F0592EBD037
:1029D00000263746B0460A22B8F13F0F4BD8B9F16E
:1029E0002B0F3DD014D8B9F1200F3BD0B9F1230FF4
:1029F0003ED0A9F13003DBB2092B4FD818F4807F09
:102A000012BF02FB063602FB073748F0800807E0DA
:102A1000B9F12D0F29D0B9F1300FEAD148F00108F2
:102A2000059B13F8019B0593B9F1000FD4D1A9F1CF
:102A30004503022B75D809F1200948F400585FFAC4
:102A400089F918F4807F08BF0626B9F1650FF3B243
:102A500040F088800133DBB248F48048002289E0EE
:102A600048F0020848F00408DAE748F00808D7E719
:102A700048F01008D4E7B8F5007FBAD3B9F17A0F5F
:102A80002ED0B9F1740F2BD0B9F16A0F24D128F4EC
:102A900080681FFA88F848F42068C1E7B9F12A0F66
:102AA00010D118F4807F5BF8043B02D023EAE37670
:102AB000B6E7002BA7BF48F080081F465F4248F0EA
:102AC0008808ADE7B9F12E0FD8D118F4807F40F017
:102AD000688348F48078A3E709F0DF034C2B0BD11F
:102AE00018F4007F14BF48F4006848F4007828F414
:102AF00080681FFA88F893E7B9F1680F09D118F4D4
:102B0000806F14BF48F4006848F4806828F40078A7
:102B1000EFE7B9F1700F04BF28F4206848F400789B
:102B200085E7A9F16503022B8BD9B9F1630F00F09A
:102B3000B68109F0DF03532B40F0D6815B4653F892
:102B4000049B03939A4BB9F1000F08BF994618F400
:102B5000807F14BF31464FF0FF31484600F076FCCD
:102B60000646A5E1B9F1660F7FF478AF1A4648F43E
:102B700000480F230BF1070B2BF0070100928C4646
:102B8000FCE802010F2B0DF1200B28BF0F235A4642
:102B9000CDF80CC000F044FB9DF8243013F0010A7E
:102BA0003DD118F0020F3DD118F0040F18BF4FF0BF
:102BB000200A13F00C0F41D0BAF1000F14BF042209
:102BC0000322BA420CDA18F0080FA7EB020708D16B
:102BD0003E466368202120469847013EF9D13D4496
:102BE0000027BAF1000F04D0636851462046013532
:102BF00098479DF824306F4E13F0080F6E4B18BFA6
:102C00001E46AD1B08F4005805EB060A16F8011B1A
:102C100059B93D46002D40F0BE82BA44CCE64FF093
:102C20002D0AC6E74FF02B0AC3E7B8F1000F01D019
:102C30002039C9B2636820469847E5E7C3B20493D8
:102C40005E4BDDF82090049A18EA030F19D1134661
:102C500004335B44049919B113F8011930292AD0BF
:102C600019F1040F2CDB91452ADAB9F1000F48F471
:102C7000004802DB049B994525DA049B09F1010613
:102C80009E1B0FFA88F3002BB8BF29EAE97206935E
:102C9000B4BF01320522BAF1000F00D00132A6B153
:102CA000731C1A44BA42B4BFBF1A002718F0090FA8
:102CB0001BD13A4614E00499481EC1B20491C9E7F9
:102CC000049B5E1EDDE70026DBE718F0100F18BF3F
:102CD0000132E7E72021204607929847079A013AF8
:102CE0006368002AF6D13D441746BAF1000F04D0BC
:102CF0006368514620460135984718F0080F0CD1FB
:102D0000BA4604E03021204698470AF1FF3A63684A
:102D1000BAF1000FF6D13D445746069B002B4FDA1F
:102D200029EAE97BA9EB0B027642049B06929A42C0
:102D30003CBF08ABD3180BF1FF3B38BF5979636830
:102D400028BF3021B34505F1010A10DB2046984722
:102D5000BBF1FF3F069A07D1636806922E212046F9
:102D60009847069A05F1020A01325546DDE7D94532
:102D70000AD19DF82520352A17D805D19DF82420A1
:102D800012F0100F08BF31212046984718F0100F9D
:102D90003FF43FAFBBF1FF3F7FF43BAF63682E21B1
:102DA000204605F1020A984733E73121ECE700BFDE
:102DB000674A01085F4A0108634A010800C0FFFF33
:102DC0009DF8251031291EBF9DF8243023F01003F3
:102DD0008DF82430204663689847002E636844DDF0
:102DE0002E212046984702354FF0010A5645636868
:102DF0002ADA18F4005F14BF452165216368204674
:102E00009847B9F1000F04DB39D19DF82430DB0677
:102E100035D5C9F100092D216368204698470A235A
:102E20005A4648464FEAE97100F0CCF9A0EB0B0690
:102E3000F6B2B9F1090FB24623D9023506F1FF38CF
:102E4000D84426BBAA44E4E6049A524585BF0AF159
:102E500038026A44302112F8131C20460AF1010A94
:102E6000984701355FFA8AFAC0E718F0100F01D1D0
:102E70000135BEE72E21204602359847B9E72B21C0
:102E8000CAE763683021204603359847D6E7636870
:102E900018F801192046013E9847F6B2D1E75A4684
:102EA000012652F8043B03928DF820300DF12009E1
:102EB00018F0080F15D0A3683246494620469847B7
:102EC000BE4205EB060A3FF677ADBF1BA1E663687D
:102ED000202120469847013FB742A8EB0705F6D8C6
:102EE000E9E705EB0708F7E7B9F1640F08F4206399
:102EF00002D0B9F1690F7DD1B3F5206F64D10BF128
:102F0000070B2BF0070B5B46DBF8041053F8080B9C
:102F1000039328F4805B00292BF0100B06DA404263
:102F20004BF4805B61EB41011FFA8BFB1BF4807F4C
:102F300004D01EB950EA010300F0BE800DF1200854
:102F40000A23424600F03EF9A0EB08085FFA88F831
:102F50001BF4807FC24600F0B1802BF00109B04520
:102F60001FFA89F980F2AD8044F210030BEA0303E3
:102F7000102BF2B203D12BF011091FFA89F919F0C5
:102F8000100F00F0A88008F138036B4413F8193CC7
:102F9000302B40F0988029F4C04929F010091FFA1D
:102FA00089F919F0080F40F0A78019F0010F06D039
:102FB000BA4280F2CA80BA1A02EB0806FAB2A2EB51
:102FC000050B5FFA8BFB92E05B4618F4007F53F829
:102FD000040B03934FEAE0719BD118F4806F98D0F3
:102FE00018F4006F0BBF40F3C03140F3C01100B2C2
:102FF00040B28EE7B3F5206F1ED10BF1070B2BF01B
:10300000070B5B46DBF8041053F8080B039328F01A
:10301000060BB9F1580F1FFA8BFB38D0A9F16F03DB
:10302000DAB2092A3BD8092B39D8DFE803F0432765
:1030300038383838183838290BF10403039318F45A
:10304000007FDBF8000001D00021E0E718F4806188
:10305000DDD018F4006F0CBF80B2C0B2F4E728F0E6
:1030600016081FFA88FB0A231BF4807F03D016B9C9
:1030700050EA010220D00DF1200862E74BF0100B5E
:103080001BF0100F01D04BF4804B1023ECE718F02D
:10309000100F01D04BF4C04B4FF40473E4E76368A6
:1030A00020462521984763684946204605F1020AD3
:1030B000984781E40823D7E7B04649E74246D94616
:1030C0005DE742465BE719F4804F01D1013200E031
:1030D0000232D2B265E741F2060319EA030F3FF468
:1030E00060AFF3E7636820212046013598470BEB7A
:1030F0000502D2B2BA42F5DBBA42B4BFBF1A00270A
:1031000019F0100F2ED0636830212046984719F42B
:10311000804F1CD10135B146C14535DCA6EB080313
:103120004645B8BF00231D44B8F1000F3FF48AAEF6
:1031300008F1FF330EAA52FA83F25FFA83F812F80D
:10314000181C636820469847EEE7464637E719F4AF
:10315000005F636805F1020514BF582178212046FD
:103160009847D8E741F2060319EA030FD3D019F0C4
:10317000020F14BF2B21202119F4805F636805F131
:10318000010518BF2D21EAE76368302120469847E2
:1031900009F1FF39C0E76368202120469847013DC7
:1031A00038E528460FB0BDE8F08F00BF07B50092A4
:1031B00000220B461146FFF7E5FB03B05DF804FB68
:1031C000FFF7F4BF2DE9F84313F400791C4618BF4C
:1031D00023F4007406460F46154618BF4FF0010948
:1031E0004FEAE478304639462246434604F056FC1E
:1031F000092AB4463B4606460F4609DC3032A44550
:1032000073EB080305F8012BECD22846BDE8F883E0
:10321000B9F1000F01D03732F1E75732EFE7000084
:103220002DE9F74F1D4600920023002207460E4667
:1032300004F0B2F908B306F100464FF0010B00228A
:1032400000233846314604F09DF90446B8B1009B8E
:1032500025EAE5723021581D00F012F94BF0020BFF
:103260000024009B2B4400225A71009B284683F8BF
:1032700004B01C6003B0BDE8F08F8346DFE73A4638
:1032800033463846314604F0AFF910B14BF0080B25
:10329000E7E726F00044584B4FF0FF32384621460E
:1032A00004F0A2F958B92146534B4FF0FF3238468B
:1032B00004F07CF9044610B94BF0040BD1E74AA3A3
:1032C000D3E900233846314604F066F900286CD073
:1032D000DFF828A14FF008080F243A4633467AE871
:1032E000020103F0E7FE42A3D3E9002301908946DF
:1032F00004F052F928B1012303FA08F3019FE41AFC
:103300004E46B8F10108E8D20C9B3BB10C9A44EA56
:10331000E473013313449D42A8BF1D46384B03EBB1
:10332000C503D3E900233846314603F00DFD30A331
:10333000D3E9002306460F4604F042F940B1304677
:103340003946304B002203F0DFFF013406460F46BA
:103350003046394604F0BAFB009BDFF8AC80DFF85A
:10336000AC9003F1050AC3F1FF2303F57F03FB33A0
:1033700006460F460193019B53449D427FF771AF70
:1033800042464B463046394604F088FB00F1300C8B
:10339000494640460AF801CB16461F460A2200233A
:1033A00004F07CFB80468946E5E7DFF864A04FF037
:1033B00008080F243A4633467AE8020103F07AFE01
:1033C00009A3D3E900230190894604F0F9F828B154
:1033D000012303FA08F3019F1C444E46B8F101088B
:1033E000E8D291E7AFF3008000003426F56B0C4380
:1033F0000080E03779C34143FFFFEF7F784B01083E
:10340000704A0108000024400080C6A47E8D03009D
:10341000304B010810B5034692B10A4408460446F1
:103420000130904203D100221A70204609E010F8C2
:10343000014C03F8014B002CF1D1401A013810BDAA
:10344000084610F8013B002BFBD1F6E710B5024609
:1034500001448A42134603D01C780132002CF8D173
:10346000181A10BD0A44914200F1FF3300D1704791
:1034700010B511F8014B03F8014F9142F9D110BD7D
:1034800002440346934200D1704703F8011BF9E759
:103490001FB5002001A900F03DFF0028ACBF029835
:1034A000002005B05DF804FB024B0146186800F0EF
:1034B000B3B800BFFC11002010B5084B01461868D6
:1034C00000F0CEF8044630B9EFF305831BB9FFF7DF
:1034D000F9F80C230360204610BD00BFFC1100204A
:1034E00010B5084B0146186800F030F9044630B9B1
:1034F000EFF305831BB9FFF7E5F80C2303602046C3
:1035000010BD00BFFC110020F8B504460D4616465C
:1035100000F028F900280DDA204600F045F9D4F82B
:1035200054312B600146C4F854512046BDE8F840A0
:1035300000F041B92946204600F040F91EB120466E
:1035400000F02CF9E8E755F8041C21F0030221F003
:10355000010145F8041CA169A5F10803891A98180E
:10356000A1614168CE074ED4D0E9026C21F003017D
:103570004718CCF808601EB1D0F80CC0C6F80CC0D3
:1035800055F8046C0A4406F00306164345F8046C2B
:10359000425055F8041C890712D555F8081C5B1ACF
:1035A000D3E902055968A86021F0030108B1DD687C
:1035B000C5600A44596801F00301114359603A603B
:1035C000586820F00300B0F5800F3DBF0209B2FA41
:1035D00082F2C2F11F02122204EB021104EB02126A
:1035E0002431D26A2AB155681DB125F00305A842DD
:1035F0000FD88B60C3E9022102B1D3602046BDE839
:10360000F84000F0CBB841F00201416007469A5003
:10361000BFE711469268E5E711B10022FFF774BFDA
:103620007047F8B5044600F0BFF8D4F854510023B1
:103630000146C4F85431204600F0BDF82E1E18BFD4
:1036400001260DB93046F8BD2F68294600222046D4
:10365000FFF75AFF3D46F4E708B1FFF7E2BF7047B6
:1036600070B50C460546FFF7DCFF0C2C214638BF31
:103670000C2101F10B0626F007068E4224D32846C2
:1036800000F070F8B6F5800F3DBF3309B3FA83F34D
:10369000C3F11F03122305EB0313DC6A24B9284688
:1036A00000F07CF8204670BD6368A26823F0030335
:1036B0009E420BD91446F1E719469B682AE05368ED
:1036C00023F00203536031E00024EBE7E1688A60F5
:1036D0000AB1E168D160981B0F2804EB0302EED910
:1036E000A2195060616801F003010E436660E0506A
:1036F000506820F00300B0F5800F3DBF0309B3FA16
:1037000083F3C3F11F03122305EB031105EB03132E
:103710002431DB6A2BB15E681EB126F00306B0428D
:10372000CAD88A60C2E9023103B1DA606368AA6963
:1037300023F0030313446A69AB61934288BF6B6152
:10374000636843F0010363600834A8E738B50D46A9
:10375000FFF786FF044618B12A460021FFF790FEC6
:10376000204638BD38B50546EFF305843CB1026804
:10377000094B934314BF6FF00A00002038BD01F0DD
:1037800007FD002804DB2846FFF70AF82046F5E786
:103790006FF00200F2E700BFFEFFFF7FEFF305834B
:1037A0000BB9FFF743B87047EFF31180802383F321
:1037B0001188C0B2704781F31188704729B151F860
:1037C000041C21F00301081F7047084670470000E1
:1037D0007FB504460D46002942D0012813D100F0E0
:1037E0008DF800236422044604F008F96FF06303A7
:1037F00003FB0044C5E900011B484443AC600024BE
:10380000204604B070BD042803D1084600F046F8F5
:10381000F5E728BB684600F041F8EFF311808023FC
:1038200083F31188114A009ED2E900319B19019E51
:10383000926841EB0601029E32440D4EB24208DD11
:1038400002F1444202F5CA02013302F5585241F135
:103850000001C5E90031AA60C3B283F31188CFE744
:103860006FF01504CCE700BF80969800901F0020F1
:10387000FFC99A3B10B5FFF7ABFF041E09DAEFF35F
:1038800005831BB9FEF71EFF644204604FF0FF3052
:1038900000E0002010BD00F031B8000038B505464A
:1038A00000F02CF800236422044604F0A7F86FF01F
:1038B000630303FB0044C5E9000102484443AC60D4
:1038C00038BD00BF80969800F0B5EFF311848023D7
:1038D00083F31188074A084D136801331360D5E953
:1038E0000023161841EB0307C5E90067E3B283F331
:1038F0001188F0BD001200200812002030B5044BE2
:10390000044D1A68D5E900011C689442F9D130BD14
:10391000001200200812002070B5054638B3EFF3FE
:10392000058323BB184B1B689C684CB304F52776B2
:103930003046FEF7F3FE2946204601F04DFF051EF6
:103940000ADA3046FEF7FAFEEFF30584D4B9FEF743
:10395000B9FE6D42056011E0D4F81C323D2153F8E8
:10396000250007F0BAF928B93046FEF7E7FE6FF0F8
:103970001505E9E7441C3046FEF7E0FE204670BD21
:103980002546E1E70024F9E7D81200202DE9F743A6
:10399000524C534B534DA360052300260822524935
:1039A00023752377514F524BDFF8488123624FF044
:1039B00001090923A262216322643146A02205F194
:1039C000080084F82C3084F83C3084F8443087F8C0
:1039D00000902660267184F80C90C4F81080C4F81A
:1039E000188084F8246084F83460A663FFF748FDEB
:1039F000032385F84030404BA5F84890C5E90E33C5
:103A000002236B64D8F800306E602B60002B54D119
:103A1000C8E90055394B1D6002233B7006F0ACF934
:103A200001A9684604F0EAFADDE9000107F0D8FAD6
:103A30004020FFF755FD324B95F844101860314B8C
:103A4000056010221A6027481B6801F091FF254885
:103A500001F0AFFB234804F075FA224801F0DEFCC8
:103A6000204801F0BFFFAA6803231372264A0021F1
:103A700011603B7000F08EF806F00CFA00F08CF844
:103A800001F070FD01F00EFC00F0B4FF00F05CFBF3
:103A900006F076F804F0CEFD06F06FF904233B70D3
:103AA00002F030F805233B7000F052F806233B701B
:103AB00000F0EEFB04F0D8FAFCE75D6095F84020DA
:103AC00004EBC2031B791B0745BF6B6F54F8322010
:103AD00054F832309B181D609CE700BFE4120020B0
:103AE000CC120020101200202C130020C81200203D
:103AF000B8120020D81200208D390008E0120020F2
:103B0000D4120020C4120020C012002010B588B0CA
:103B10000024029402F053FE03A806F092FE6423F0
:103B20008DF80D304FF40063069302AB0649009305
:103B3000224603AB0194054801F060FB03A806F0A0
:103B4000A2FE204608B010BD496B0008804B01085A
:103B50001FB50C490C48012201F056FE01F0D8FDBA
:103B60000A4B019300244FF40063039000930294E6
:103B70002346F0220221064801F020F8204604B036
:103B800010BD00BFE0530108167701080D3B000887
:103B9000894B010870470000044A0549002342F898
:103BA00033100133622BFAD1FDF758B834130020DB
:103BB000213C0008612870B505460C4614D8EFF387
:103BC0001186802383F3118819B9FDF787F82246FF
:103BD000074C084840F8354000EBC500F6B242609B
:103BE00086F31188002070BD6FF01500FBE700BF61
:103BF000213C000834130020612807D8064A52F8F7
:103C0000303033B102EBC002526818470022034B38
:103C1000FBE71A46FBE700BF34130020213C0008F5
:103C200008B5EFF31183802383F311880021024A42
:103C3000084606F0CFFC00BF204A01082DE9F043FA
:103C4000DFF89C80DFF89C9089B004460D46AC42BA
:103C500002D909B0BDE8F08304F1040234BF23683F
:103C60000023AA4204F1080234BF60680020AA427F
:103C700004F10C0234BFA6680026AA4204F1100227
:103C800038BFE76804F1140128BF0027AA4238BFF3
:103C9000226904F1180C28BF0022A94238BF6169CB
:103CA00004F11C0E28BF0021AC4534BFD4F818C065
:103CB0004FF0000CAE4534BFD4F81CE04FF0000EBE
:103CC000CDE90421CDE90030CDE906CE2346CDE98A
:103CD000026742464946012007F038F82034B6E72B
:103CE000434E0108944B0108F0B5A5B004460021ED
:103CF0003C2215A814AE14910CADFFF7C1FB402275
:103D00003146204600F01EFF29462046202200F0C2
:103D100025FB2C21284606F0E0FF08B12023037084
:103D2000A268236B7AB31168626C184F94F8340060
:103D3000009102F0030E12F4807FC2F3C10C144A0A
:103D40000A92A26E57F82C700992DFF848C0226FD1
:103D50000892D4F88C205CF82EC00792D4F89020FA
:103D60000D490B9614BF4FF0500E4FF02D0ECDE9BC
:103D70000552CDE90107CDE903CE084A012006F03E
:103D8000E5FF25B0F0BD4FF0FF31CDE77C4E0108D7
:103D90000A4C01088C4E0108C54B01082E4E010843
:103DA00008B5072002F022FDFA2001F0A9FC072047
:103DB00002F02AFDFA2001F0A3FCF2E7F8B50D4667
:103DC000144614491E46D7180346134A012006F02C
:103DD000BDFF114A11492346012006F0B7FF0E4AE4
:103DE0000F493346012006F0B1FF7DB10D490A4A63
:103DF00001202B4606F0AAFFA5F120003946844297
:103E000088BF2846BDE8F840FFF718BF394620466E
:103E1000F8E700BF134C01084E4E0108224C010880
:103E2000324C0108454C01082DE9F04F834F1E46E6
:103E30003B78B3B005468A4690465FFA83FBEFF3C2
:103E4000058333B17E4B1C683B78072B03D9FFF702
:103E5000A7FF7C4BF7E7BBF1040F40F2A680EFF31E
:103E6000118980235FFA89F983F3118800F002FA3F
:103E7000EFF3058323B9636C03F00303022B01D135
:103E800008233B70002E40F093806F4804F042F806
:103E900038786D4B099307288CBF0020012008A9B2
:103EA000CDE90B5A0894CDF8288000F0EDF80620F3
:103EB00002F09CFC05F096FEA66846B1636C03F028
:103EC0000303022B7AD0306800F08CF906460DA867
:103ED00006F0ACFB0DF1B10303930DF17E030293E9
:103EE0000DF1690301930DF14903584A58490093B4
:103EF00001200DAB06F02AFF5649574B574AE06B9D
:103F0000002E18BF0A46002D08BF1D46CDE903202C
:103F1000B8F1000F18BF43464C4A0095CDE901A106
:103F200001204F4906F012FF474804F0A1FB464B21
:103F300000201968079104F079FB0799266FA46E99
:103F40008142054606EB040803D300F5006399425D
:103F50006FD3B14201D3414568D30B46414A424930
:103F6000012006F0F3FE4FF0010A00213F484FF414
:103F700000632A46FFF722FFEFF3058121B1304BA2
:103F80001B68D3F8A43019688E4201D8884517D829
:103F90000B46344A3649012006F0D8FE0021354848
:103FA00023463246FFF70AFF0FE04FF000095FE7B4
:103FB000502231462448FFF755FA69E7002686E784
:103FC0000029ECD1BAF1000FE9D105F00BFE3B78E6
:103FD000072B21D9284A2949012006F0B7FE0020E5
:103FE00004F024FB4FF40062034600922449224A65
:103FF000012006F0ABFE0021224800F013F905F085
:10400000F1FD05F0EFFD08A9022000F03DF80021C8
:10401000022000F079F81AE7BBF1040F03D989F305
:10402000118800F035F933B0BDE8F08F0029B6D122
:10403000CBE70029C9D04FF0000A97E7C81200204B
:10404000E0120020D812002050160020694E01080E
:104050005C4C01080A4C01087D760108554C0108AA
:10406000814C01085D4E0108C24C0108F64C010864
:10407000FA4C01082F4D0108384E0108344D010853
:10408000A24D0108E93C0008F8B50E4F3B68054613
:104090000E46B3B1EFF31184802383F3118800F04F
:1040A000E9F8386830B9E4B284F31188BDE8F84023
:1040B00000F0EEB8D0E90037324629469847384636
:1040C000F0E7F8BDA016002038B50446EFF31185DF
:1040D000802383F3118800F0CDF80A4A136843B9AE
:1040E00063601460EDB285F31188BDE8384000F0DC
:1040F000CFB8A342F6D0A06899688842F0DC1A1DB8
:104100005B68ECE7A8160020F8B50E4F3B68054643
:104110000E46B3B1EFF31184802383F3118800F0CE
:10412000A9F8386830B9E4B284F31188BDE8F840E2
:1041300000F0AEB8D0E900373246294698473846F5
:10414000F0E7F8BDA81600201A4A1B4B70B5C2E96B
:1041500000220821002450681C720139C3E90020A4
:104160000360536003F12C03F5D1144B124AC3E9E9
:1041700000331146082002265D6881F8686101F568
:10418000B0740138C1E958352C6001F12C015C6034
:10419000F2D10B4BC3E9003308215C6802F53070A3
:1041A0000139C2E9B034206002F130025860F4D124
:1041B00070BD00BFB0160020C0160020B816002049
:1041C000001B0020806808B100F50B7070470000EC
:1041D000034B1B68986808B100F50B70704700BF6F
:1041E000D81200200346EFF31181802282F3118858
:1041F0000A4A106860B1002B0EDB094A1268013AC6
:104200001A4050F8220018B1026B9A4218BF0020E1
:10421000CBB283F3118870470020F9E7D412002055
:10422000C41200202DE9F84306460F46EFF311852E
:10423000802383F3118800F01DF8DFF83080DFF869
:1042400030900024D8F80030A34206DC00F020F8BB
:10425000EDB285F31188BDE8F883D9F8003053F842
:10426000240008B13946B0470134EBE7C4120020FE
:10427000D4120020EFF3058333B9044B1A68B2F867
:1042800048300133A2F84830704700BFD8120020F0
:1042900070B5EFF3058232BB154E3468B4F948307F
:1042A000012B21D1EFF31185802383F31188114B6A
:1042B000A4F848201B683BB100F006F920B1EFF3E9
:1042C00005830BB9022000DF636C03F01803082B91
:1042D00006D1E36C23B933689C421CBF1423E3640A
:1042E000EDB285F3118870BD013BA4F84830FAE7C0
:1042F000D8120020CC120020054B1B682BB1186B84
:104300000028CCBF0020012070470120704700BF6B
:10431000D812002038B5104A15680C4615B96FF050
:10432000010038BD78B1FFF75DFF0028F7D06B6C56
:1043300003F00303022B07D0AA6883689A4203D0D4
:104340006FF00C00EDE72846836E2360C36E636058
:10435000036FA3600020E4E7D8120020034630B4C6
:1043600008461146EFF31182802484F3118893F8F4
:104370004040052CD2B212D15C6F25796D070ED565
:1043800024680C4D24F0004335EA040408BF4FF0C4
:10439000FF3382F31188084A30BC06F088BA82F3F2
:1043A000118893F84040054B0A4653F8241030BC5E
:1043B000FFF730B8FEFFFF7F9C4E0108184F010841
:1043C0007047000073B502460B46EFF3118580215C
:1043D00081F3118813490C681349009104F15006C8
:1043E0000194304601F032F8204601F04FFD0623DB
:1043F00084F84030002323600C4B19685A686260CF
:1044000071B91C605C60EFF305830BB9022000DF1B
:10441000304601F077F8EDB285F3118802B070BD37
:104420001460EFE7D8120020B14400082C130020DC
:1044300010B5044618B9BDE8104001F0D7BEFFF72B
:104440002AFA201841F100010130BDE8104041F185
:104450000001FFF7B7BF000038B50446EFF3118540
:10446000802383F3118890F84030062B17D1D0E9D0
:104470000032C2B90D490B6003B90C4B5A600023DE
:10448000C4E9003304F1500001F03CF8204601F08B
:1044900073FC20B1EFF305830BB9022000DFEDB20E
:1044A00085F3118838BD1360E6E700BF2C130020A8
:1044B000FFF7D2BF00F51C500F3042F21073B0FB73
:1044C000F3F0FFF7B5BF0000F0B5174D2A68B2F959
:1044D0004830002B25DC154C2368002002260327DA
:1044E00013B9C4E90033F0BDD3F800C093F8341019
:1044F00092F834E08E450DD25168C3E9002159B9D4
:10450000536082F840602B6083F8407001201A46A7
:104510006346E5E71268EBE70B60536083F84060A1
:10452000F5E70020DFE700BFD8120020CC12002002
:1045300003790B4A13F0040F036808BF0122002B14
:104540000BDBBFF35B8F50E8001F994204BF40E8CC
:10455000002CBCF1000F0B46F1D10020704700BFCA
:10456000FEFFFF7F2DE9F043494B90F804801C6863
:1045700085B0054608F00408EFF31186802383F325
:104580001188E9462146484600F0B0FA99E8030050
:1045900002AF87E8030004F18C023946384606F082
:1045A0003AF9384606F044F938B9F6B286F311887C
:1045B0006FF0030005B0BDE8F083BFF35B8FB8F187
:1045C000000F2AD055E8000F40F0004345E80032C4
:1045D000002AF7D1BFF35B8F2E4B834338D020F0F6
:1045E0000040FFF7FFFD98B30023A4F84A30656749
:1045F000204601F04BFC052384F8403094F8342029
:10460000AB687BB393F83410914213D25A68BAB9AD
:10461000C4E900325C60AC602BE055E8003F5A1EF4
:1046200045E800210029F8D1BFF35B8F002BDBDDCB
:10463000002028E01B68E4E7C4E90032146017E0BA
:10464000C4E9003214605C6013E0B8F1000FEFD0F1
:10465000AB68226B002B0CBF00234FF000431343C9
:104660002B60E5E7EA68002AE6D1C4E90033AC60D4
:10467000EC60EFF305830BB9022000DFB4F94A00C8
:104680000028E2D04042F6B286F3118892E700BFDC
:10469000D8120020FEFFFF7F2DE9F34107460C46AC
:1046A000EFF31186802383F31188FEF79DF805460A
:1046B000C8B1FCB1114B1D68FFF7EDF8241805F1E6
:1046C000500841F100030E490195621C009143F12D
:1046D0000003404600F0BAFE3846FEF761F8054692
:1046E000404600F00FFFF6B286F31188284602B06C
:1046F000BDE8F0816FF06D05F5E700BFD81200202E
:104700000547000810B5EFF31184802282F3118869
:1047100090F84030052B02D16E2100F0A6F8E4B2EB
:1047200084F3118810BD000070B5027902F0040214
:10473000EFF31185802383F31188D2B1BFF35B8F30
:1047400050E8003F43F0004140E80014002CF7D14E
:10475000BFF35B8F002B20DB26496FF000429342B2
:104760000CBF13460B4603600020EDB285F31188A1
:1047700070BD03686FF000418B4237D0BFF35B8F91
:104780005E1C50E8004F9C4204BF40E8006CBCF146
:10479000000F2346F0D1002CE6DA8468002CE3D029
:1047A00021680023F9B9C0E90233C4E9003342B1FA
:1047B0008368226B002B0CBF00234FF00043134390
:1047C000036004F1500000F09DFE00236367204663
:1047D00001F0D2FA0028C7D0EFF30583002BC3D134
:1047E000022000DFC0E781604B60DEE76FF04A0027
:1047F000BBE700BFFEFFFF7F70B504460D46FFF725
:1048000039FDEFF31186802383F3118823795B0749
:1048100017D54FF0FF332360A3684BB12046FEF756
:1048200005F8F6B286F31188FFF732FD002070BD5F
:104830006FF000432360F4E72046FDF7F7FF013DEA
:104840002DB22368002B01DA002DF5DC2368002B44
:10485000E7DBBFF35B8F54E8002F9A4204BF44E8C4
:10486000005100291346DCD0F1E738B5436F1A79BF
:1048700012F0040203D0042921D07D291FD0D0E9F1
:104880000045EDB99C60ECB9DD600024C0E900444E
:1048900052B9BFF35B8F53E8002F013243E8002584
:1048A000002DF8D1BFF35B8F4467A0F84A1001F0E8
:1048B00063FA20B1EFF305830BB9022000DF38BDA6
:1048C0002C60E0E76560E0E770B50446002500F184
:1048D0001006636AAB4200DC70BD3046FDF7A6FFF0
:1048E0000135F6E738B50446FDF75AFF256A00F0B2
:1048F0004FFC854208D004F11005A36A002B0BDCA5
:10490000E36A0133E36202E0A36A0133A362204653
:10491000BDE83840FDF78ABF636A01336362204611
:10492000FDF784FF2846FDF73BFF2046FDF738FFE3
:10493000636A013B6362E0E738B50446FDF730FF88
:10494000256A00F025FC85420BD1A36A013B002BB0
:10495000A3620BDC4FF0FF3323622046FFF7B4FF66
:1049600004E0E36A013B002BE362F6DD2046BDE88C
:104970003840FDF75BBF70B5044600F009FC054602
:104980002046FDF70DFF04F11006E36A002B0DDC55
:10499000A36A002B07DC0133A36225622046BDE831
:1049A0007040FDF743BF226AAA42F4D0636A013324
:1049B00063622046FDF73AFF3046FDF7F1FE2046E0
:1049C000FDF7EEFE636A013B6362DEE710B5044665
:1049D000FDF7E6FEA36A013B002BA36205DC4FF066
:1049E000FF3323622046FFF76FFF2046BDE81040EB
:1049F000FDF71CBFF0B53348334E344C3449354ACB
:104A0000354F0023C6E90033C4E90033C0E9003361
:104A1000C1E90033C2E900334FF0040E3568BC46EB
:104A200047F81C3B002D3DD1C6F800C0BEF1010E79
:104A3000C6F804C0F2D1294B0426F446256883F851
:104A40001CC01F4643F820CB85BB2760013E676032
:104A5000F4D1234C08234FF0020C076884F81CC0E3
:104A6000254644F8206B27BB0560013B4560F4D127
:104A70001C4C04200E682375254644F8183BDEB90B
:104A80000D6001384D60F5D1174B082402251668DA
:104A90001D75194643F8180B8EB91160013C516021
:104AA000F5D1F0BD7568C5F800C0BFE765682F6037
:104AB000CCE747683D60D8E74E683560E1E7566867
:104AC0003160EBE7881B0020781B0020801B002052
:104AD000981B0020901B0020081B0020A01B00201A
:104AE000201C0020201D0020801D00202DE9F34106
:104AF00005460C4609B9124B1C68A6686F46384635
:104B000005F07EFEEFF31188802383F31188D6F839
:104B100014625EB95FFA88F888F3118897E8030099
:104B200085E80300284602B0BDE8F08173680BB148
:104B3000A34203D1317A384605F041FE3668E8E7F2
:104B4000D81200202DE9F3410E46154618B112B1D6
:104B5000026B002A04DC0020307002B0BDE8F08156
:104B6000426C02F00302012A0AD1D0F8AC20009274
:104B7000C36B104A2946304605F099FE04460CE006
:104B800001F042FB0028F9D0DFF82C800746002412
:104B900057F8043F0BB1AC4204D3681EA04228BFB3
:104BA0002046DAE7291B3019424605F080FE04440E
:104BB000EEE700BF3C4F0108434F01082DE9F041EB
:104BC000064686B0A8200D4617469846FEF788FC94
:104BD0000446F8B145F400450023456404930F9B57
:104BE00003930E9B02930D9B01930C9B00933A46FB
:104BF0004346314600F04AF8051E06DA2046FEF725
:104C000053FC284606B0BDE8F0812046256B00F035
:104C1000ECF9F6E76FF00B05F3E7F0B585B0044665
:104C20000C980D4616461F4608B900F071FD0B9B07
:104C300002930A9B0390CDE900732A463346002174
:104C40002046FFF7BBFF05B0F0BD1FB5002402945E
:104C5000079C0194069C0094FFF7DFFF041E08DA0E
:104C6000EFF305831BB9FDF72DFD644204604FF09F
:104C7000FF34204604B010BD13B5049CCDE90034C8
:104C800013460022FFF7E1FF02B010BD2DE9F34704
:104C900090F84460DDF828A08846314605469146E4
:104CA0001F4600F065FE041E48DB284600F081FA2E
:104CB0000D99A86800F034FD041E06F0030617DB0A
:104CC0000E990122284600F035FF041E10DBBFB10B
:104CD00052463946284603F042FD041E09DB0B9B71
:104CE000184A00964946284600F078F9041E16DA5C
:104CF0006FB1284600F05AFA284600F09FFE1DE0EA
:104D000032465146284603F055FC041EE7DAEB6EA6
:104D1000002BEED03146284603F098FCE9E7284600
:104D200000F07CFB041EE3DB0C9A4146284600F0B1
:104D3000DFF8041EDCDB284600F054FE204602B0FB
:104D4000BDE8F08719500008D0E9003262B9074980
:104D50000B6003B9054B5A60416C0023C0E9003376
:104D600001F0030101F0CCB81360F2E7B8120020A3
:104D70002DE9F74F1E46594BDFF864811F68594DE6
:104D8000CDE900120446EFF31182802383F31188EA
:104D9000D8F80030D5F80090DFF84CB1013300218D
:104DA000DBF8000081421ADBD2B282F31188DBF813
:104DB0000000C000FEF794FB0146002800F08B8045
:104DC000EFF31182802383F31188D5F800A0D14539
:104DD00058D0D2B282F31188FEF766FBD3E7DBF836
:104DE0000000012B00F1FF3CB8BF01230CEA030CCB
:104DF00009EB8C0059F82CA0BAF1000F3FD10460E8
:104E0000D2B22363C8F8003082F31188019B9DF869
:104E100030209DF8001084F83410C4E90E36636C1D
:104E200084F8351002F0030223F01B03134343F010
:104E3000080363641423E364D7E9230104F18C03BA
:104E400083E8030084F840A0204603F07BF8EFF3EA
:104E50001182802383F31188244BC4F804A01968BD
:104E600021601968A1BBC3E90044042384F84030E1
:104E7000D3B283F31188002003B0BDE8F08F013373
:104E800001318DE7DBF800305B00CBF80030DFF854
:104E900058B04FF0000CDBF8003003EBD373BCEBE1
:104EA000630F05DB2960D2B282F31188484693E78D
:104EB0005AF82CE0BEF1000F07D0DBF80000DEF856
:104EC00030300138034041F823E00CF1010CE2E7F7
:104ED0004C601C60C9E76FF00B00CDE7D8120020D2
:104EE000C0120020D4120020C4120020B8120020EA
:104EF000394B2DE9F74F002914BF8B469B4681465D
:104F00005846154605F0FEFE00F1010A002D46D177
:104F10002F46B91C4FEA810848460AEB810103F08D
:104F200003FC0646002853D08044C0F80080584651
:104F300005F0E8FE5246431C594640460093FEF7F2
:104F400069FA009B043D08EB0304AAEB030A4FF047
:104F5000000B3346BB4525D1002448F8044C484695
:104F600001F050F9066113E005F0CCFED9F8683085
:104F70000130824453450FD90137B7F5807FC8BF50
:104F80006FF0060455F827000028EDD1002CC0D0A2
:104F9000204603B0BDE8F08F6FF02304F2E7002451
:104FA0002746EFE743F8044F55F8040F019305F047
:104FB000A9FE5246431C296800932046FEF72AFAB0
:104FC000009B0BF1010B1C44AAEB030A019BC1E7F8
:104FD0006FF00B04DCE700BF474F010810B49DF8E9
:104FE0000440019410BCFFF7C3BE38B50546EFF38B
:104FF0001184802383F3118800F056FF284600F0C7
:10500000BBFE20B1EFF305830BB9022000DFE4B251
:1050100084F3118838BD000038B50E4B1D686B6CE9
:10502000284603F0030401F0EFF80246002012B115
:1050300052F8203033B9022CEB6B05D1114698475A
:1050400000F0BEF80130F2E70146184605F0ACFB6F
:105050000120F5E7D812002037B50B789A060546EF
:105060000C4608D5FFF7BEF828B100F18C03D4E94F
:10507000010183E80300207800F0080310F0040029
:1050800014D0627801923BB1A17801AA284601F0C0
:1050900071F8002003B030BD01A9284600F062FF7E
:1050A0000028F7D123781B07F3D5EDE7002BF0D0CC
:1050B00001A901F029F8F3E72DE9F04106460D4674
:1050C00000240DB1002C02DA2046BDE8F0812B79D6
:1050D000022B0BD0032B12D0012B2FD13046FFF720
:1050E00071F8A968FDF726FA2D68EAE73046FFF760
:1050F00069F8D5E90212FDF706FA0446F4E73046EE
:10510000FFF760F8A9680746FDF714FAD5E903230D
:1051100005F11401384605F06FF8041EE4DBAA68B7
:1051200094420ED021463846FDF7EDF9214600EABB
:10513000E0783846FDF7FEF94446D5E76FF01504F0
:10514000D2E70024D0E710B54FF0FF33D8B15C1C94
:1051500004D0002BD4BF0020012010BD0479022C04
:1051600005D0032C01D0012C09D1836803E08368AA
:105170008B4206D0C3685B1A18BF4FF0FF3300683C
:10518000E4E70123FBE7591C08BF82F00103E0E7D5
:10519000054B186838B190F84030032B01D1006BF3
:1051A00070476FF002007047D81200201C30FFF7E4
:1051B000BFB90022C0E9042211461C30FDF7CEBA67
:1051C00008B50D4B1C68636C03F00303022BC5B2DA
:1051D00002D0204600F0F2FCEFF31183802383F32A
:1051E0001188636C43F4807320466364294601F0A0
:1051F00005F9284603F006FAD81200202DE9F04FF1
:10520000814689B08A461D46174602B1176835B3F4
:10521000D5E903B86C78139B13B900F079FA1390B1
:10522000A820FEF75DF90646002838D04FF400426A
:105230004264129A139B0393CDE901A2049722467C
:10524000CDF800B043464946FFF720FD041E11DAB1
:105250003046FEF729F9204609B0BDE8F08F07A9CE
:10526000284600F051FF041EF5DB079CA8464FF4CA
:10527000006BD0E7376B4DB129463846FFF7ECFE9F
:10528000041E03DA3046FFF75FFDE4E73046FFF720
:10529000ACFE002F14BF3C464FF0FF34DBE76FF04D
:1052A0000B04D8E70C4A0D4B002030B504211060E8
:1052B0000124506015681C7218604DB913600139E3
:1052C000536003F15003F5D1054B1960596030BDAF
:1052D00055682B60F3E700BF481E0020501E0020D9
:1052E000401E0020F8B58446EFF31186802383F337
:1052F00011881F4900250B6828462C462BB9F2B2AD
:1053000082F311881C4650BBF8BDDA68D3F800E080
:10531000624520D10A683AB19A420BD1C1F800E047
:105320004A689A4200D14C601C60B0B12B601D46A7
:105330007346E3E717689F4209D10F683FB14F6892
:10534000BB4215BF1F684A60176014601C6012687A
:10535000002AEFD1E8E72B46E9E71846E7E70668B9
:10536000854214BF0460002500F004F83046CAE707
:10537000401E002070B50446002847D0437A012B18
:1053800003D9013B4372012070BD283000F0BAF808
:10539000EFF31181802383F311881E4A1368E3B170
:1053A0009C4211D000201D68AC4209D116683EB164
:1053B0005668B44215BF266853601E6018602860A6
:1053C0001B68002BEFD108E02368136053689C42F0
:1053D0004FF000030CBF53602360207A10F00105EA
:1053E000CAB20DD0002323600B4B196829B91C6089
:1053F0005C6082F311880020C6E759680C60F7E70B
:1054000082F311882046FEF74FF8F4E76FF015009D
:10541000BAE700BF401E0020481E002010B518212A
:10542000044603F081F968B1D4E91B239B1AC380B9
:10543000A368D3F808320360236BC36000230361C1
:10544000184610BD6FF00B00FBE70000F0B5059F9C
:1054500058B357B3EFF31184802181F31188C168E9
:1054600021B1D0E90051696005680D60DFF840C0E6
:10547000DCF8001061450FD14D68C0E900154D689A
:10548000286048600699C760C0E904238160E3B2E0
:1054900083F311880020F0BDD1E90465961B63EB0E
:1054A0000505002DE8DB0968E4E76FF01500F2E779
:1054B000980100202DE9F04104460E46EFF31185D6
:1054C000802383F311880E4F4FF000083B68BB42E6
:1054D00004D1EDB285F31188BDE8F081D3E904125F
:1054E000611A66EB0202002AF3DBD3E900124A607C
:1054F00019681160DA689868C3F80C809047E5E78E
:1055000098010020A8B1EFF31182802383F3118862
:10551000C3685BB1D0E900134B60016819600023D8
:10552000C3601846D3B283F3118870476FF015003B
:10553000F8E76FF01500704738B5062204460521DC
:1055400040F2E47005F00FFC054D0346A3FB053265
:10555000002005FB0122C4E90032A06038BD00BF75
:1055600080510100F0B585B002F060FD6846FEF79D
:1055700095F9EFF31185802383F31188154C2046AC
:10558000FFF7DAFFD4E9003200990298DFF848C04B
:105590005B1A019962EB0102A168C4E90032091AA1
:1055A000A16000261846013B174662F1000200295F
:1055B0000CDB16B1C4E90007A160EDB285F31188D8
:1055C0000449002000F00AF805B0F0BD614401264E
:1055D000E8E700BF901F002000CA9A3BF8B50E4FC5
:1055E0003B6805460E46B3B1EFF31184802383F385
:1055F0001188FEF73FFE386830B9E4B284F31188B1
:10560000BDE8F840FEF744BED0E9003732462946EF
:1056100098473846F0E7F8BDA01F002070B5174D39
:10562000D0E90036D5E900249B1A8268A86866EBA9
:105630000404121A08D502F16E5202F5D612013B8B
:1056400002F5206264F10004002CB8BF00220C486F
:10565000B8BF13464FF06405B8BF14461044094A5A
:1056600090FBF2F2A3FB053005FB0404D31844EBD6
:10567000E272C1E90032002070BD00BF901F00201F
:105680007F9698008096980082B0002242F23211F4
:10569000B0F57A7F0BD8002240F25131642811D83E
:1056A00000220A2818D8002200BB02B070470192DD
:1056B000019B8B4202DDA0F57A70E9E7019B013383
:1056C0000193F5E70192019B8B4201DD6438E5E728
:1056D000019B01330193F6E70192019B542B01DDFD
:1056E0000A38DEE7019B01330193F6E70192019B43
:1056F000072B01DD0138D7E7019B01330193F6E762
:1057000008B54FF47A735843FFF7BEFF08BD000099
:10571000024B1B689B68D3F81C027047D81200200C
:105720002DE9F04707460D4649B3D0F81C42002C3E
:1057300050D100F527794846FCF7F0FF55F8246072
:105740004FEA840AF6B9631DC7F82442C7F820322D
:105750007CB14FEA83084046FDF7AEFE064658B3DB
:105760000023A8F1140840F80A30454404F1FF3A38
:1057700054B90025C7F81C624846FCF7DFFF2846ED
:10578000BDE8F0870134D9E755F8040C05F0BAFA02
:1057900000F101084046FDF78FFE46F82A0090B957
:1057A00004F18044013C06EB840454F8045F35B9ED
:1057B0003046FDF779FE2E466FF00B05DAE72846F6
:1057C000FDF772FEF1E755F8041D4246FDF722FE93
:1057D0005446CBE70025D2E770B5D0F81C4284B11F
:1057E000002054F8203063B14A1E013B12F8016FCB
:1057F00013F8015FAE42F9D00EB93D2D03D0013050
:10580000EFE76FF0010070BD2DE9F74F89461546AF
:105810000646002875D009B10B7833B9D5B13046AA
:1058200003B0BDE8F04F00F073B8374B1B689C68BD
:1058300004F5277A5046FCF771FFD4F81C3283B187
:1058400031462046FFF7C8FF011E0ADB35B9504636
:10585000FCF774FF284603B0BDE8F08F204600F047
:10586000E0FE304605F04EFA8346484605F04AFA17
:1058700083440BF1020B5846FDF71EFE804698B399
:10588000D4F81C02D4F82472F0B91820FDF714FEE5
:1058900038B30623C4F81C02C4F82032D4F81C32F2
:1058A0001A4A43F82780D4F81C3203EB87030025FB
:1058B00001375D605946C4F824723346CDF8009034
:1058C000404604F0F4FFC2E7D4F82032013BBB426B
:1058D000E4DCBD1DA90005F09BFB10B1C4E9870500
:1058E000DCE74046FDF7E0FD5046FCF727FF0C24BF
:1058F000EFF3058313B9FCF7E5FE04604FF0FF35C5
:10590000A8E71624F4E700BFD8120020504F010882
:1059100070B5164B1B6804469D6828B9EFF30583E4
:10592000F3B14FF0FF3070BD0378002BF6D03D216E
:1059300005F0D3F90028F1D105F527763046FCF7BC
:10594000EDFE45B121462846FFF746FF011E02DB6A
:10595000284600F066FE3046FCF7F0FE0020E2E745
:10596000FCF7B0FE16230360DBE700BFD81200206F
:1059700001F00301022970B5064616D1184C846067
:10598000D4F808324BBB0025C4E9035504F50B706D
:10599000B460FCF733FC204600F0BAFD061E0EDAB8
:1059A0002046FDF781FD304670BD4FF42C70FDF7A9
:1059B00097FD04460028E6D16FF00B06F3E7C4F824
:1059C000AC5204F52770FCF787FEC4E90B552A4654
:1059D000294604F11800FCF7C1FE0026E3E700BFEA
:1059E000A81F002070B58468002684F89862416C76
:1059F0000546C1F3400104F51E7005F0C6FAEE60DD
:105A0000E26805F10C0362B9E3602361064B9C4236
:105A10001CBF2B6B2360D4F808322268C3F8D02156
:105A200070BD22691360F0E7A81F0020027D22B933
:105A3000037A5B0701D5FDF737BD7047F8B5846879
:105A40000546002C54D0426C02F00202EFF31181A3
:105A5000802383F31188E368002B4FD00C308342FE
:105A600011D000261F68874209D1E7683FB1276936
:105A7000B84215BFEF6823611F601E60EE601B68AF
:105A8000002BEFD108E0E868E060206998424FF011
:105A900000030CBF2361EB605AB30023C9B281F34A
:105AA00011881BB304F52770FEF742FD0028A4BF40
:105AB0000023C4F8AC32204600F065FD204600F01B
:105AC000E7FB204600F04DF904F50B70FCF74EFDA6
:105AD000204600F08DFD04F51E7005F061FA237A72
:105AE00043F0040323722046FFF7A0FF0023AB60BE
:105AF000F8BDE368002BD0D10123CFE7002AFBD00B
:105B0000CBE7000010B50A48032104F083FB041E14
:105B100008D1012104F0C8F90221204604F0C4F99B
:105B2000204610BD01DDFCF77BFD6FF01604F7E7A2
:105B3000A849010838B51346134A126804460D46B1
:105B40008168906888420ED0626C02F00302022ADB
:105B500017D02A4601F50B7100F50B70FCF75AFCC3
:105B6000002801DA38BD0020002DFBD0636C03F063
:105B70000303022BF6D029462046BDE83840FFF744
:105B80009BBA0020EEE700BFD8120020814210B57A
:105B900004460DD0FEF726FB50B1436C43F400528F
:105BA00003F00303012B4264204603D100F022F8E6
:105BB000002010BD00F0F6FBFAE7000010B5836886
:105BC0001B7A1B0712D4EFF31184802383F311880F
:105BD00082680749137A43F008031372026B8068E6
:105BE00000F05AFDE4B284F3118810BD0020FCE7F8
:105BF0008D5B000870B5054608B9032070BDFEF73F
:105C0000F1FA06460028F8D0436C13F48074F4D1FE
:105C100000F038FC88B90A4B1B68B34203D14FF03F
:105C2000FF3004F077FD28464FF0FF3100F00AF80E
:105C30002846BDE8704000F040BC2046DEE700BFCB
:105C4000D81200202DE9F3410F460546FEF7CAFAA7
:105C50008668044606F527763046FCF75FFD206926
:105C600000282BD005684FF00008226952B182420B
:105C700011D102682261626982420CBFC4F81480AB
:105C8000C0F8008047610430FCF7D0FD002D31D012
:105C900028462D68E9E7116881420BD1216949B195
:105CA0006169814215BF016862611160C2F80080BC
:105CB000C0F800801268002AEDD1E3E7A068C3684D
:105CC0000BB11B68B3B1636CDB0413D42946012309
:105CD00001AA00F011F8054608B9019B9F60636CAA
:105CE00043F4804363643046FCF728FD284602B045
:105CF000BDE8F0810025F2E72DE9F843054600F5FF
:105D0000277630460F4690469946FCF707FDEC6A29
:105D10003CB121686368BB4217D011B10C460968D9
:105D2000F8E73046FCF70AFDB9F1000F15D00C205A
:105D3000FDF7D6FB044690B147603046FCF7EEFC19
:105D4000EB6A236003B92C63EC623046FCF7F6FC87
:105D5000C8F800400020BDE8F8831620FBE70C20BF
:105D6000F9E710B5C06A30B10468FDF79DFB14B1C6
:105D700020462468F9E710BD10B52C4A90F834107D
:105D80001368B3F94840002C1EDD93F834408C4270
:105D90001AD2274A13686BB393F834408C4206D268
:105DA000596851B9C0E900315860106029E01B689A
:105DB000F1E7C0E90031086022E0C0E90031086085
:105DC00058601EE01B680BB393F834408C42F9D244
:105DD000596851B9C0E90031586010601DE0C0E950
:105DE00000310860506002230CE0C0E90031086017
:105DF0005860F8E751680029DBD1C0E90033106032
:105E00005060012380F8403000200EE051680029E6
:105E1000E5D1C0E90033C2E90000032380F8403037
:105E20000368022283F84020012010BDD812002010
:105E3000CC12002010B5144A90F84010034602EB33
:105E4000C10052F831400079020744BF5A6FA418CC
:105E50005A689AB910F0040004D01A68032182F835
:105E600040100120D3E9002151B9226052B961608C
:105E70000022C3E9002283F8402010BD0020F1E792
:105E80000A60F3E75160F3E7E412002008B5FFF77A
:105E9000D1FF044B1B681BB1BDE80840FEF714BBE3
:105EA00008BD00BFCC120020D0E9003230B50ABBDB
:105EB00090F84050114951F8354001EBC50109797E
:105EC000090744BF416F64182360ABB990F84040A4
:105ED0000A4B53F8341003EBC4031B791B0744BF70
:105EE000436FC9184A600023C0E90033436780F854
:105EF000403030BD1360E8E75A60F4E7E412002058
:105F000038B50D46044638B3006BFFF7EBF9216B4B
:105F100081B1EFF31182802383F311880F4B1B684B
:105F2000013B0B400E490968002041F82300D3B221
:105F300083F31188E36E1BB12946204602F086FBED
:105F40002046FFF77BFD2046FFF730F9636C1B040A
:105F500002D52046FDF7A8FA002038BDC412002063
:105F6000D412002038B504460D46B1B1FEF782F9CF
:105F70000B4B186834B1036BA34203D02046FEF7E5
:105F800031F938B1296800F01DF80446FEF780F9B0
:105F9000204638BD6FF00204F8E76FF01504F7E70C
:105FA000D812002010B5FFF7DDFF041E08DAEFF36A
:105FB00005831BB9FCF786FB644204604FF0FF3495
:105FC000204610BD2DE9F8434B1EFE2B04460E461D
:105FD0007AD8EFF31188802383F3118890F840502A
:105FE000022D30D0032D3DD10568002D00F08380B7
:105FF00095F8343099427EDC404B1B68B3F9483049
:10600000002B20DD3E4F4FF001092846FFF712FF1D
:1060100095F834203B68002B5FD093F83410914200
:1060200006D25A6852B9C5E900325D603D605BE056
:106030001B68F0E7C5E90032156054E0C5E900329D
:1060400015605D6050E000F0E3F820B1EFF30583E8
:106050000BB9022000DF5FFA88F888F3118800206E
:10606000BDE8F883274B03EBC50253F835301279AE
:10607000110744BF416F5B18D207F6B23BD5D0E998
:10608000002098B91A609AB958600022C4E9002229
:1060900084F834601A68D2B192F83410B14209D24F
:1060A000516861B9226054601C60D4E70260EAE77D
:1060B0005060EAE71268EEE7626014600BE0C4E942
:1060C00000210C605460C6E76FF01500C8E75A68FD
:1060D000002AF1D11C605C60BDE77A68002AA9D172
:1060E000C5E900333D607D6085F84090256895F8EE
:1060F00034309E4289DB84F83460ACE7D81200204B
:10610000CC120020E412002038B50C46E9B1104A48
:10611000126810B1116B814204D192F834302360BF
:10612000002038BDEFF31185802383F31188FEF73B
:1061300059F838B190F8343023600020EDB285F37F
:106140001188EEE76FF00200F8E76FF01500E8E75E
:10615000D812002010B5FFF7D7FF041E08DAEFF3BE
:1061600005831BB9FCF7AEFA644204604FF0FF34BC
:10617000204610BD70B50D461646E0B91A4B1C6896
:10618000FEF778F84CB3022D2AD83368013BFE2B7A
:1061900026D8EFF31182802383F31188636C012DDD
:1061A00023F0180363640AD0E9070AD443F0080314
:1061B0006364142304E0FEF715F80446E0E70023C7
:1061C000E364D3B283F3118820463168FFF7FAFE07
:1061D0000446FEF75DF8204670BD6FF00204F8E754
:1061E0006FF01504F5E700BFD812002008B5044B86
:1061F000186890F83410FFF7E5FEC01708BD00BF1F
:10620000D8120020C06E7047C36E18697047000036
:1062100070B505460E46FFF70DFE85F8346004465E
:106220002846FFF7A9FD84EA00058442EDB204D0B8
:10623000034B1B680BB1FEF747F9284670BD00BF42
:10624000CC12002070B504460026E56F4DB12B68D6
:10625000E3670BB9C4F880302E60284600F04EF892
:10626000F3E7D4F8840048B10368C4F884300BB96C
:10627000C4F88830056000F041F8F2E704F18C00C2
:1062800004F0C3FA04F19400BDE8704004F0B8BA19
:10629000F8B50446EFF311838026DBB286F311884C
:1062A0000027D4F80C52A5B98026D4F8140210B3F4
:1062B0000268C4F814220AB9C4F81822056083F3EE
:1062C000118800F045F8EFF31183DBB286F31188F3
:1062D000EBE72A68C4F80C220AB9C4F810222F6030
:1062E00083F31188284600F031FAEFF31183DBB213
:1062F00086F31188D5E783F31188F8BD027F034642
:1063000072B9EFF31181802080F311881A600E4A70
:10631000106880B913605360CBB283F31188704763
:10632000022A0BD1EFF31181802282F3118800221F
:106330000260064AECE750680360ECE7012A01D1ED
:10634000FDF7B2B8704700BF801B0020881B0020FB
:10635000027D034672B9EFF31181802080F311882A
:106360001A600E4A106880B913605360CBB283F391
:1063700011887047022A0BD1EFF31181802282F33A
:10638000118800220260064AECE750680360ECE7DF
:10639000012A01D1FDF788B8704700BF981B002083
:1063A000901B002038B5144B04461D6800B92C6BB7
:1063B0002046FDF717FFB8B16B6C03F00303022B07
:1063C00004D0436C03F00303022B10D02B6BA342C9
:1063D00002D10020FEF7F4FE00F054F850B9204638
:1063E000BDE8384000F069B86FF0020038BD6FF0CA
:1063F0000C00FBE70020F9E7D812002037B505466E
:106400000C4600F02DF8FDF735FFAB6853B9FDF7EA
:106410003FFF2846FFF712FB284603B0BDE8304097
:10642000FFF710BF6A6C02F00302012A03D09A6AD8
:106430000AB124021460DA68002AE8D01268002A3F
:10644000E5D19A625A7503F1180401A92046FCF7B8
:106450009AF9019B002BDADA2046FCF7E7F9F4E71A
:1064600010B50446FFF7CEFE04F05FF904F15000CA
:10647000FFF748F8204600F031F92046BDE810400B
:1064800000F01CB910B50446FFF7BCFE0246EFF35E
:106490001181802383F31188636C9B040BD40379EF
:1064A00013F0010003D043F0040313710120CBB2B9
:1064B00083F3118810BD0020F9E7F8B5EFF31185DB
:1064C000802383F31188FDF78DFEEDB20446D0B131
:1064D000436C13F4807616D143F4807390F84070C7
:1064E0004364FFF7A7FC84F8407031462046FFF76D
:1064F00085FF85F31188616C204601F00301BDE83A
:10650000F840FFF7FDBC85F311886FF00200F8BD7D
:106510002DE9F041044600F134052846FCF7DCF88B
:10652000C4F8085204F160000025FCF7D5F8C4E96E
:106530007F55A8460C272E46C4F8848004F17400C9
:10654000FCF7CAF804F1AC03002D04F1EC02C4F826
:10655000985005F10105C4E92823C4F89C30C4F81B
:10656000A83014BF02230123032DC4E92266C4E925
:10657000246684F8EE70A4F8EC3004F18404DBD1D6
:106580000020BDE8F08170B5D0F8084204F12C007D
:10659000FDF7CEFF04F14000FDF7CAFF0028A4BFBD
:1065A0000023236504F1C400FDF7C2FF0028A4BF47
:1065B0000023C4F8D43004F5A470FDF7B9FFD4F873
:1065C000C8510028A4BF0023C4F8583125B920467B
:1065D000BDE87040FDF7ACBF2E68281DFDF7A8FF91
:1065E0002846FCF761FF002EF1D035463668F4E707
:1065F00038B5D0F81C3204468BB90023C4E9873380
:10660000C4F8243238BDFCF74FFFD4F81C32585977
:1066100004350028F7D11846FCF746FFEDE70025C2
:10662000F3E738B5D0F81C32044653F821000D4684
:10663000FCF73AFFD4F82432D4F81C22013BAB42D9
:10664000C4F824321FBF52F8233042F82530D4F862
:106650002422D4F81C320BBF0021002142F8231061
:1066600043F82210D4F8245235B9D4F81C02FCF7B0
:106670001BFFC4E9875538BDD4F82032073B9D4243
:10668000F9DA691DC4F82012D4F81C02890004F05C
:10669000BFFCC4F81C02EEE770B5C3680D46164691
:1066A0000BB9002070BD1C68586A3146A847002805
:1066B000F8D1002CF5D023462468F5E790F8402067
:1066C000436F072A03D15A8A013A5A827047082A2F
:1066D00002BF1A8A02F1FF321A82704710B5EFF337
:1066E0001184802383F3118890F84030052B1AD150
:1066F000D0E90021436FD1B99A60D2B9D9600022A4
:10670000C0E900221A79520715D59A685AB9BFF321
:106710005B8F53E8002F22F0004243E8002100295C
:10672000F7D1BFF35B8FE3B283F3118810BD0A602A
:10673000E3E75160E3E7BFF35B8F53E8002F0132DB
:1067400043E800210029ECD0F7E700000D4B984208
:1067500015D37033984212D2EFF31182802383F362
:10676000118800230360084B196829B91860586024
:10677000D2B282F31188704759680860F7E7FCF7D6
:1067800093BE00BF081B0020781B002068B1EFF308
:106790001183802282F31188D0F80C0210B1027E9E
:1067A0008A4203D1DBB283F3118870470068F5E7B2
:1067B00008B500F015F8BDE8084000F055B800F045
:1067C00001B8000010B500F029F8041E04DA0349EE
:1067D0002246032004F0BAFA204610BD564F0108A5
:1067E0000148F9F7BDBD00BF2D090500012805DCF2
:1067F000002805DB03480021F9F79CBD0728F9D0E4
:10680000704700BF2D090500072803D10248012168
:10681000F9F790BD704700BF2D09050038B50F4D41
:106820002C78CCB9022001F0B7FE014610B96FF008
:10683000120038BD0A4803F085FA0028F9DB03206E
:1068400001F0AAFE01460028F1D0064803F07AFACA
:106850000028EEDB01232B700020EAE758220020FD
:106860007B4F0108854F010870477047014806F0CB
:10687000D1BC00BF5C22002030B51146D27885B073
:10688000092A28BF092200240C31054601A8CDE9B8
:1068900001448DF80C40FCF7E5FD01990A0EC1F3A7
:1068A0000741042908D1101F434243416B77034835
:1068B00003F0EBFF05B030BD2346F7E78F4F01082B
:1068C000F0B5C76887B004460D46002F5DD0286834
:1068D000002101F069F8003818BF012020776D68A9
:1068E0000021284601F060F8064620B3284D686A6A
:1068F00001F064F80090E86C01F060F80190686FB6
:1069000001F05CF80290D5F89C0001F057F8039074
:10691000D5F8C40001F052F80490D5F8EC0001F06D
:106920004DF8062205906946384607F093F8002096
:10693000207707B0F0BD0021284601F017F80028A5
:10694000F7D0134D286901F039F80090A86B01F0D9
:1069500035F80190286E01F031F80290D5F88800E2
:1069600001F02CF80390D5F8B00001F027F804905E
:10697000D5F8D80001F022F806220590694638467D
:1069800007F068F826773046D3E70420D1E700BF48
:106990009C0400200000000070B5437F90B00446C6
:1069A000154613BB644D286901F008F80990A86BDF
:1069B00001F004F80A90286E01F000F80B90D5F869
:1069C000880000F0FBFF0C90D5F8B00000F0F6FF57
:1069D0000D90D5F8D80000F0F1FF06220E9009A91D
:1069E000E06807F037F810B070BDD6781C2E28BFCD
:1069F0001C261C22002109A8FCF742FD324605F1A5
:106A00000C0109A8FCF72EFD0D99084607F0FCFBC8
:106A10000E990546084607F0F7FB0146284600F0A8
:106A20004FFE01F0FBF9054600F0ECFA0B46217F22
:106A300000910246414803F028FF4FF07C51284660
:106A400000F094FF237F00B3002BCCD03A4D28698F
:106A500000F0B4FF0390A86B00F0B0FF0490286E24
:106A600000F0ACFF0590D5F8880000F0A7FF069075
:106A7000D5F8B00000F0A2FF0790D5F8D80000F0DC
:106A80009DFF0622089003A9AAE7002BABD06169FD
:106A9000284607F0B9FBA16907F0B6FB284907F0C3
:106AA000B3FB4FF07E5100F009FE00F0ABFA1EA3DD
:106AB000D3E9002300F0FEFA1DA3D3E9002300F080
:106AC00043F900F0A7FD1F49064600F06DFF0028BE
:106AD00089D0194D686A00F071FF01210246E06813
:106AE00006F0A0FFE86C00F069FF02210246E068B2
:106AF00006F098FF686F00F061FF03210246E0682E
:106B000006F090FFD5F89C0000F058FF04210246E3
:106B1000E06806F087FF304600F050FF052102468E
:106B2000E06806F07FFF5EE7CDCCCCCCCCCC394022
:106B300000000000003091409C040020C54F010877
:106B4000A69BC43B0080894473B5614D614803F046
:106B5000C6FE06F063FED5F8140100F02FFF0146D3
:106B60005D4806F0E9FE041E08DA5C48214603F0A1
:106B70008CFE2146594803F088FE80E0286900F029
:106B80001DFF574903460122534806F0FDFE041E2F
:106B900078DB544803F079FEA86B00F00FFF5049F2
:106BA000034602224C4806F0EFFE041E6ADB4E4804
:106BB00003F06BFE286E00F001FF4C4903460122F2
:106BC000454806F0E1FE041E5CDB494803F05DFE2B
:106BD000D5F8880000F0F2FE4449034602223E4800
:106BE00006F0D2FE041E4DDB424803F078FED5F8D5
:106BF000B00000F0E3FE3D4903460322364806F0AC
:106C0000C3FE041E3EDB3C4803F069FED5F8D80005
:106C100000F0D4FE3549034604222F4806F0B4FEA6
:106C2000041E2FDB3548364C364D03F058FE012646
:106C30003548267003F053FE344B354900933548F0
:106C4000254B4FF4614206F0E5FB011E2FDA324876
:106C500003F01BFE2B7823B12E4806F073FC0023B3
:106C60002B7023783BB11C4806F011FF1A4806F040
:106C700028FF00232370294803F031FE002420461A
:106C800002B070BD2146264803F0FFFD124806F011
:106C9000FEFE114806F015FF6BE7224803F01FFEC9
:106CA000214803F01CFE012004F0A8F8FBE71F4870
:106CB0002E7003F014FE0023009364211C4B1D482A
:106CC0004FF48052FDF7D8FF011EE6DA1A48BFE7FD
:106CD0009C040020E44F010880220020015001089C
:106CE0007B4F01081D50010834500108854F0108F1
:106CF0004B50010862500108795001089150010879
:106D0000EC2200207C220020A8500108A0010020D5
:106D1000B45001085C220020DE5001087F510108B8
:106D2000BF500108255101083E5101089151010849
:106D30006D680008A1510108FE50010881F0004172
:106D400002E000BF83F0004330B54FEA41044FEA50
:106D5000430594EA050F08BF90EA020F1FBF54EAEB
:106D6000000C55EA020C7FEA645C7FEA655C00F087
:106D7000E2804FEA5454D4EB5555B8BF6D420CDD58
:106D80002C4480EA020281EA030382EA000083EADB
:106D9000010180EA020281EA0303362D88BF30BD7B
:106DA00011F0004F4FEA01314FF4801C4CEA1131D1
:106DB00002D0404261EB410113F0004F4FEA033330
:106DC0004CEA133302D0524263EB430394EA050FBB
:106DD00000F0A780A4F10104D5F1200E0DDB02FA2A
:106DE0000EFC22FA05F2801841F1000103FA0EF2BE
:106DF000801843FA05F359410EE0A5F120050EF184
:106E0000200E012A03FA0EFC28BF4CF0020C43FAB4
:106E100005F3C01851EBE37101F0004507D54FF0C1
:106E2000000EDCF1000C7EEB00006EEB0101B1F511
:106E3000801F1BD3B1F5001F0CD349085FEA300057
:106E40004FEA3C0C04F101044FEA445212F5800F62
:106E500080F09A80BCF1004F08BF5FEA500C50F1FF
:106E6000000041EB045141EA050130BD5FEA4C0CE2
:106E7000404141EB0101013C28BFB1F5801FE9D23F
:106E800091F0000F04BF01460020B1FA81F308BF62
:106E90002033A3F10B03B3F120020CDA0C3208DD2E
:106EA00002F1140CC2F10C0201FA0CF021FA02F109
:106EB0000CE002F11402D8BFC2F1200C01FA02F179
:106EC00020FA0CFCDCBF41EA0C019040E41AA2BF9E
:106ED00001EB0451294330BD6FEA04041F3C1CDA66
:106EE0000C340EDC04F11404C4F1200220FA04F086
:106EF00001FA02F340EA030021FA04F345EA030130
:106F000030BDC4F10C04C4F1200220FA02F001FAF1
:106F100004F340EA0300294630BD21FA04F0294673
:106F200030BD94F0000F83F4801306BF81F480110C
:106F30000134013D4EE77FEA645C18BF7FEA655C7F
:106F400029D094EA050F08BF90EA020F05D054EA51
:106F5000000C04BF1946104630BD91EA030F1EBF56
:106F60000021002030BD5FEA545C05D1400049415A
:106F700028BF41F0004130BD14F580043CBF01F54D
:106F8000801130BD01F0004545F0FE4141F4700133
:106F90004FF0000030BD7FEA645C1ABF194610460E
:106FA0007FEA655C1CBF0B46024650EA013406BF0F
:106FB00052EA033591EA030F41F4002130BD00BFCE
:106FC00090F0000F04BF0021704730B54FF480648B
:106FD00004F132044FF000054FF0000150E700BF0C
:106FE00090F0000F04BF0021704730B54FF480646B
:106FF00004F1320410F0004548BF40424FF0000158
:107000003EE700BF42004FEAE2014FEA31014FEA9A
:1070100002701FBF12F07F4393F07F4F81F06051E9
:10702000704732F07F4208BF704793F07F4F04BF34
:1070300041F40021704730B54FF4607401F0004511
:1070400021F000411CE700BF50EA010208BF704771
:1070500030B54FF000050AE050EA010208BF704762
:1070600030B511F0004502D5404261EB41014FF4CB
:10707000806404F132045FEA915C3FF4D8AE4FF0D3
:1070800003025FEADC0C18BF03325FEADC0C18BFB6
:10709000033202EBDC02C2F1200300FA03FC20FA07
:1070A00002F001FA03FE40EA0E0021FA02F1144454
:1070B000BDE600BF70B54FF0FF0C4CF4E06C1CEA6D
:1070C00011541DBF1CEA135594EA0C0F95EA0C0FDE
:1070D00000F0DEF82C4481EA030621EA4C5123EA51
:1070E0004C5350EA013518BF52EA033541F4801180
:1070F00043F4801338D0A0FB02CE4FF00005E1FB33
:1071000002E506F00042E0FB03E54FF00006E1FB7C
:1071100003569CF0000F18BF4EF0010EA4F1FF04BF
:10712000B6F5007F64F5407404D25FEA4E0E6D41FF
:1071300046EB060642EAC62141EA55514FEAC52010
:1071400040EA5E504FEACE2EB4F1FD0C88BFBCF58C
:10715000E06F1ED8BEF1004F08BF5FEA500E50F13D
:10716000000041EB045170BD06F0004646EA010103
:1071700040EA020081EA0301B4EB5C04C2BFD4EB35
:107180000C0541EA045170BD41F480114FF0000E2E
:10719000013C00F3AB8014F1360FDEBF002001F09C
:1071A000004170BDC4F10004203C35DA0C341BDC16
:1071B00004F11404C4F1200500FA05F320FA04F0E8
:1071C00001FA05F240EA020001F0004221F000411C
:1071D00010EBD37021FA04F642EB06015EEA430E8F
:1071E00008BF20EAD37070BDC4F10C04C4F12005BF
:1071F00000FA04F320FA05F001FA04F240EA020072
:1072000001F0004110EBD37041F100015EEA430E42
:1072100008BF20EAD37070BDC4F1200500FA05F262
:107220004EEA020E20FA04F301FA05F243EA0203E1
:1072300021FA04F001F0004121FA04F220EA0200F0
:1072400000EBD3705EEA430E08BF20EAD37070BD36
:1072500094F0000F0FD101F00046400041EB010116
:1072600011F4801F08BF013CF7D041EA060195F0F8
:10727000000F18BF704703F00046520043EB0303B2
:1072800013F4801F08BF013DF7D043EA060370479F
:1072900094EA0C0F0CEA135518BF95EA0C0F0CD0AA
:1072A00050EA410618BF52EA4306D1D181EA0301F0
:1072B00001F000414FF0000070BD50EA410606BFEA
:1072C0001046194652EA430619D094EA0C0F02D12F
:1072D00050EA013613D195EA0C0F05D152EA033674
:1072E0001CBF104619460AD181EA030101F0004192
:1072F00041F0FE4141F470014FF0000070BD41F0DB
:10730000FE4141F4780170BD70B54FF0FF0C4CF4B4
:10731000E06C1CEA11541DBF1CEA135594EA0C0FD3
:1073200095EA0C0F00F0A7F8A4EB050481EA030E20
:1073300052EA03354FEA013100F088804FEA033307
:107340004FF0805545EA131343EA12634FEA0222D5
:1073500045EA111545EA10654FEA00260EF0004196
:107360009D4208BF964244F1FD0404F5407402D2E8
:107370005B084FEA3202B61A65EB03055B084FEA79
:1073800032024FF480104FF4002CB6EB020E75EB76
:10739000030E22BFB61A754640EA0C005B084FEA9E
:1073A0003202B6EB020E75EB030E22BFB61A75461B
:1073B00040EA5C005B084FEA3202B6EB020E75EB66
:1073C000030E22BFB61A754640EA9C005B084FEADE
:1073D0003202B6EB020E75EB030E22BFB61A7546EB
:1073E00040EADC0055EA060E18D04FEA051545EADA
:1073F00016754FEA06164FEAC30343EA52734FEA83
:10740000C2025FEA1C1CC0D111F4801F0BD141EAFB
:1074100000014FF000004FF0004CB6E711F4801F60
:1074200004BF01430020B4F1FD0C88BFBCF5E06F40
:107430003FF6AFAEB5EB030C04BFB6EB020C5FEA50
:10744000500C50F1000041EB045170BD0EF0004EA5
:107450004EEA113114EB5C04C2BFD4EB0C0541EAD7
:10746000045170BD41F480114FF0000E013C90E6D4
:1074700045EA060E8DE60CEA135594EA0C0F08BF98
:1074800095EA0C0F3FF43BAF94EA0C0F0AD150EA97
:1074900001347FF434AF95EA0C0F7FF425AF10462A
:1074A00019462CE795EA0C0F06D152EA03353FF452
:1074B000FDAE1046194622E750EA410618BF52EACF
:1074C00043067FF4C5AE50EA41047FF40DAF52EAA3
:1074D00043057FF4EBAE12E74FF0FF3C06E000BF40
:1074E0004FF0010C02E000BF4FF0010C4DF804CD4D
:1074F0004FEA410C7FEA6C5C4FEA430C18BF7FEA0D
:107500006C5C1BD001B050EA410C0CBF52EA430C3A
:1075100091EA030F02BF90EA020F0020704710F1BA
:10752000000F91EA030F58BF994208BF90422CBF49
:10753000D8176FEAE37040F0010070474FEA410C42
:107540007FEA6C5C02D150EA013C07D14FEA430C60
:107550007FEA6C5CD6D152EA033CD3D05DF8040BD1
:10756000704700BF8446104662468C461946634603
:1075700000E000BF01B5FFF7B7FF002848BF10F1DA
:10758000000F01BD4DF808EDFFF7F4FF0CBF01201F
:1075900000205DF808FB00BF4DF808EDFFF7EAFF9B
:1075A00034BF012000205DF808FB00BF4DF808ED56
:1075B000FFF7E0FF94BF012000205DF808FB00BF4B
:1075C0004DF808EDFFF7CEFF94BF012000205DF8D5
:1075D00008FB00BF4DF808EDFFF7C4FF34BF0120E2
:1075E00000205DF808FB00BF4FEA410C7FEA6C5CAD
:1075F00002D150EA013C0AD14FEA430C7FEA6C5CAD
:1076000002D152EA033C02D14FF0000070474FF024
:10761000010070474FEA4102B2F1E04324BFB3F5E5
:10762000001CDCF1FE5C0DD901F0004C4FEAC002F9
:107630004CEA5070B2F1004F40EB830008BF20F0DD
:107640000100704711F0804F21D113F13872BCBF97
:1076500001F00040704741F480114FEA5252C2F1EC
:107660001802C2F1200C10FA0CF320FA02F018BF35
:1076700040F001004FEAC1234FEAD32303FA0CFC88
:1076800040EA0C0023FA02F34FEA4303CCE77FEA17
:10769000625307D150EA01331EBF4FF0FE4040F461
:1076A0004000704701F0004040F0FE4040F4000010
:1076B000704700BF80F0004002E000BF81F0004151
:1076C00042001FBF5FEA410392EA030F7FEA226C88
:1076D0007FEA236C6AD04FEA1262D2EB1363C1BF18
:1076E000D218414048404140B8BF5B42192B88BF87
:1076F000704710F0004F40F4000020F07F4018BFAA
:10770000404211F0004F41F4000121F07F4118BFC9
:10771000494292EA030F3FD0A2F1010241FA03FC71
:1077200010EB0C00C3F1200301FA03F100F0004359
:1077300002D5494260EB4000B0F5000F13D3B0F121
:10774000807F06D340084FEA310102F10102FE2A90
:1077500051D2B1F1004F40EBC25008BF20F0010000
:1077600040EA03007047490040EB0000013A28BF9F
:10777000B0F5000FEDD2B0FA80FCACF1080CB2EB22
:107780000C0200FA0CF0AABF00EBC25052421843A0
:10779000BCBFD0401843704792F0000F81F4000145
:1077A00006BF80F400000132013BB5E74FEA410318
:1077B0007FEA226C18BF7FEA236C21D092EA030F84
:1077C00004D092F0000F08BF0846704790EA010FFE
:1077D0001CBF0020704712F07F4F04D1400028BF2B
:1077E00040F00040704712F100723CBF00F500000D
:1077F000704700F0004343F0FE4040F40000704743
:107800007FEA226216BF08467FEA236301464202EE
:1078100006BF5FEA412390EA010F40F48000704701
:107820004FF0000304E000BF10F0004348BF4042A7
:107830005FEA000C08BF704743F0964301464FF0E3
:1078400000001CE050EA010208BF70474FF000033F
:107850000AE000BF50EA010208BF704711F0004380
:1078600002D5404261EB41015FEA010C02BF844650
:107870000146002043F0B64308BFA3F18053A3F5AF
:107880000003BCFA8CF2083AA3EBC25310DB01FAF6
:1078900002FC634400FA02FCC2F12002BCF1004F7A
:1078A00020FA02F243EB020008BF20F0010070470B
:1078B00002F1200201FA02FCC2F1200250EA4C005F
:1078C00021FA02F243EB020008BF20EADC707047A5
:1078D0004FF0FF3C06E000BF4FF0010C02E000BF9C
:1078E0004FF0010C4DF804CD4FEA40024FEA41033E
:1078F0007FEA226C18BF7FEA236C11D001B052EAF4
:10790000530C18BF90EA010F58BFB2EB030088BFB9
:10791000C81738BF6FEAE17018BF40F00100704728
:107920007FEA226C02D15FEA402C05D17FEA236C0A
:10793000E4D15FEA412CE1D05DF8040B704700BF51
:10794000844608466146FFE70FB5FFF7C9FF0028E8
:1079500048BF10F1000F0FBD4DF808EDFFF7F4FF21
:107960000CBF012000205DF808FB00BF4DF808EDBA
:10797000FFF7EAFF34BF012000205DF808FB00BFDD
:107980004DF808EDFFF7E0FF94BF012000205DF8FF
:1079900008FB00BF4DF808EDFFF7D2FF94BF0120B0
:1079A00000205DF808FB00BF4DF808EDFFF7C8FFA9
:1079B00034BF012000205DF808FB00BF42000ED25A
:1079C000B2F1FE4F0BD34FF09E03B3EB126209D41A
:1079D0004FEA002343F0004323FA02F070474FF0D0
:1079E0000000704712F1610F01D1420202D14FF045
:1079F000FF3070474FF00000704700BF7BB972B98D
:107A00000029BEBF00204FF0004106E008BF00285B
:107A10001CBF6FF000414FF0FF3000F0DDB9ADF159
:107A2000080C6DE904CE002909DB002B1ADB00F0FD
:107A30006BF8DDF804E0DDE9022304B07047404252
:107A400061EB4101002B1BDB00F05EF8DDF804E088
:107A5000DDE9022304B0404261EB4101524263EB95
:107A600043037047524263EB430300F04DF8DDF8E7
:107A700004E0DDE9022304B0404261EB41017047BC
:107A8000524263EB430300F03FF8DDF804E0DDE928
:107A9000022304B0524263EB4303704753B94AB91F
:107AA000002908BF00281CBF4FF0FF314FF0FF3006
:107AB00000F092B9ADF1080C6DE904CE00F024F8A5
:107AC000DDF804E0DDE9022304B07047D0B50C4BCB
:107AD000002206460F46FFF7EDFA00F07FF9044654
:107AE000FFF76EFA074B0022FFF7E4FA02460B4657
:107AF00030463946FFF726F900F070F92146D0BD2F
:107B00000000F03D0000F0412DE9F047089E0D46D1
:107B100004468846002B4DD18A42944668D9B2FA71
:107B200082F252B101FA02F3C2F1200120FA01F10E
:107B30000CFA02FC41EA030894404FEA1C45210C70
:107B4000B8FBF5FE1FFA8CF705FB1E8341EA0343E1
:107B50000EFB07F199420BD91CEB03030EF1FF302A
:107B600080F01E81994240F21B81AEF1020E634407
:107B70005B1AA4B2B3FBF5F005FB103344EA0344EF
:107B800000FB07F7A7420AD91CEB040400F1FF33FE
:107B900080F00881A74240F2058164440238E41B6A
:107BA00040EA0E4000211EB1D4400023C6E9004344
:107BB000BDE8F0878B4208D9002E00F0EE8000214E
:107BC000C6E900050846BDE8F087B3FA83F100294D
:107BD0004AD1AB4202D3824200F2F980841A65EBAB
:107BE000030301209846002EE2D0C6E90048DFE7F3
:107BF00002B9FFDEB2FA82F2002A40F09180A1EBD6
:107C00000C054FEA1C471FFA8CFE0121B5FBF7F368
:107C100007FB1350250C45EA00450EFB03F0A84274
:107C200008D91CEB050503F1FF3802D2A84200F287
:107C3000CB8043462D1AA4B2B5FBF7F007FB1055D5
:107C400044EA05440EFB00FEA64508D91CEB0404DB
:107C500000F1FF3502D2A64500F2BB802846A4EB16
:107C60000E0440EA03409EE7C1F120078B4022FA50
:107C700007FC4CEA030C20FA07F405FA01F31C4355
:107C8000FD404FEA1C4900FA01F3B5FBF9F8200C5E
:107C90001FFA8CFE09FB185540EA054508FB0EF05B
:107CA000A84202FA01F20BD91CEB050508F1FF3AD4
:107CB00080F08880A84240F28580A8F102086544DF
:107CC0002D1AA4B2B5FBF9F009FB105544EA05459D
:107CD00000FB0EFEAE4508D91CEB050500F1FF3494
:107CE0006CD2AE456AD90238654440EA0840A0FB30
:107CF0000294A5EB0E05A542C846A64656D353D01E
:107D00005EB1B3EB080265EB0E0505FA07F722FA40
:107D100001F3CD401F43C6E900750021BDE8F0879F
:107D2000C2F1200320FA03F10CFA02FC25FA03F356
:107D300095400D434FEA1C471FFA8CFEB3FBF7F149
:107D400007FB11302B0C43EA004301FB0EF0984275
:107D500004FA02F408D91CEB030301F1FF382FD217
:107D600098422DD9023963441B1AADB2B3FBF7F028
:107D700007FB103345EA034500FB0EF3AB4208D97D
:107D80001CEB050500F1FF3816D2AB4214D90238BE
:107D90006544ED1A40EA014138E73146304607E7CD
:107DA0008646E5E61846FAE64B45A9D2B9EB020845
:107DB00064EB0C0E0138A3E74046EAE7204694E75F
:107DC0004146D1E7D0467BE7023B654432E70846AF
:107DD00009E76444023842E7704700BF4A0011D205
:107DE00012F5001211D20DD56FF47873B3EB625215
:107DF0000ED44FEAC12343F0004343EA505323FA21
:107E000002F070474FF00000704750EA013002D195
:107E10004FF0FF3070474FF00000704738B5044610
:107E200000F020F80E4B93F900300133054609D0DD
:107E30002146204606F038FB20B900212046FFF7F6
:107E400095FD08B9284638BDFAF73CFC00212123EE
:107E50000360084606F08CFA0546284638BD00BF88
:107E6000B001002020F00042B2F1FF4F10B50446EF
:107E700033D28AB30028034641DB10F0FF4F4FEAAC
:107E8000E05431D0C3F31603E20743F40003A4F136
:107E90007F0058BF5B00002144105B004FF0190CBD
:107EA00008464FF0807200EB020E9E4504DC0EEB9C
:107EB0000200A3EB0E031144BCF1010C4FEA430393
:107EC0004FEA5202EFD113B1013121F00101481004
:107ED00000F17C5000EBC45010BD014606F094F94F
:107EE0002146FFF7EDFB10BD10F400020ED15B0040
:107EF0001802114602F10102F9D5641AC2E70146DF
:107F0000FFF7DCFB014606F033FA10BD4FF0FF31FE
:107F1000F3E700BF006341638263C363C0F840C0FE
:107F2000C0F844E0C0F848E0EFF30381C1646A465A
:107F3000EFF31183A0E8FC0F4FF0FF3102C04FF0C8
:107F40000000704738B5036B00250446C0F8A05008
:107F5000C0F8A4504BB91B4B1B68A3F58063C0E964
:107F60001B334FF48063836638BD806EA0F15003ED
:107F7000206F18442946C4F8A4005022FBF780FA69
:107F8000236FA16ED4F8A4200B441360A36BD4F824
:107F9000A42023F001039364D4F8A4304FF080723E
:107FA000DA64D4F8A4306FF00202DA62EFF31483DB
:107FB000D4F8A42023F001039362D4F8A4305D60C8
:107FC000D2E700BF9449010808B5002000F02EFB5D
:107FD000002300F500606B4683F30988BFF36F8FC1
:107FE000EFF3148343F0020383F31488BFF36F8F1E
:107FF00080F30888BFF36F8F08BD000038B50546D1
:1080000001200C46FEF7F2FB044B1B682B60C3F10A
:10801000005303F50033236038BD00BF94490108C5
:1080200008B503F08DFA002008BD000010B54FF030
:10803000E0240B49D4F8203D23F07F4343F0004374
:10804000C4F8203D074B636100220F20FBF7B2FD0F
:1080500007232361BDE810400F20F8F751BE00BF91
:1080600021800008FFA50E0030BF7047F0B5057AEB
:10807000002201466D0910460C260127D3B29D420D
:1080800000D8F0BD4B6806FB02F403EB040C1B5D4B
:1080900013F00F0309D09CF80440E40705D5013B19
:1080A0005B0007FA03F3034398B20132E6E76FF08F
:1080B0001800704704280CD124391C299FBF06489A
:1080C000C840C04300F0010088BF012080F00100DB
:1080D00070470020704700BF0101111108B502462A
:1080E000407A00F007000B46FFF7E4FF126908B181
:1080F000985808BD985A80B2FBE710B50446407AFC
:1081000000F007000B46FFF7D5FF216908B15A5070
:1081100010BD92B25A52FBE770B50C4620211646AC
:108120000546FFF7DBFF6300A20002F0100203F038
:108130000403134304F001021343E20002F040027F
:108140001343220102F480721343620102F480623D
:10815000A4011A4304F4805414433EB140EA0402DB
:1081600028462021FFF7C9FF002070BD20EA040245
:10817000F6E770B50646407A00F007000C46FFF7B8
:1081800099FF15461A4603463069204423B1294613
:10819000BDE87040F8F71EBCA9B292B2BDE87040CD
:1081A000F8F708BC70B50D462C2114460646FFF7BB
:1081B00095FF6B1E00FB04F202F50042032B4FEA11
:1081C000124205D8302101EB85013046FFF795FFBB
:1081D000002070BD2DE9F0410F46C3680D4657F8E9
:1081E000201B9942044615D195F90A10481C03D169
:1081F00000263046BDE8F08119B90835BD42F3D1FB
:10820000F6E76A68C9B22046FFF7CCFF06460028A9
:10821000F3D0EEE74FF6FE724369B3FBF1F6164476
:1082200096423AD9721C3AD04FF6FF72B6FBF2F67C
:10823000B3FBF6F2B2FBF1F2012A33D9B2F5803F7B
:1082400032D2013A2C212046FFF757FF721E92B21C
:1082500028212046FFF751FF2E464FF00C0896F9D3
:108260000A104B1C23D1012214212046FFF745FFA1
:108270002046FFF7FBFE012201462046FFF74CFF98
:10828000061EB6DB0022012311462046FFF771FFD0
:10829000002EAED12B68E360ABE70126C8E74FF4B0
:1082A0008036C5E70122CDE74FF6FF72CAE711F02D
:1082B000FF0115D0207A002340098342D3DA626897
:1082C00008FB03FC12F80C2002F00F028A4201D0D6
:1082D0000133F2E772682046FFF764FF0028C2DB33
:1082E0000836B742BBD1BEE7F8B50446EFF31187B5
:1082F000802383F311880025C5602A460C21FFF7EF
:10830000FCFE2A4620461021FFF7F7FE2B462946A1
:1083100001222046FFF72DFF2046FFF7A7FE2A4641
:1083200001462046FFF7F8FE2A460646342120463D
:10833000FFF7E3FE2A4620463821FFF7DEFE2A46F5
:1083400020463C21FFF7D9FE2A4640212046FFF770
:10835000D4FEFFB287F311883046F8BD70B50446ED
:10836000FFF7C2FF237A03F01F03022B0ED0032B6B
:1083700018D102210D480022F8F72CFB00250C260D
:10838000237AB5EB531F03DB002070BD0121F1E719
:10839000636806FB0533986810B1C0B2F7F7E0FFD9
:1083A0000135EDE76FF01500EFE700BF4038024000
:1083B0002DE9F047037A03F01F03022B044634D063
:1083C000032B40F0E480022272480021F8F702FB00
:1083D00000250C26237AB5EB531F28DB2046FFF738
:1083E00045FE002201462046FFF796FE0028C0F217
:1083F000CA800023194601222046FFF7BAFE002159
:108400002046FFF76BFE637A13F0050F82B21CD093
:1084100022F07002C3F3C20392B2042B00F2B180C7
:10842000DFE803F01311303336000122CCE7636834
:1084300006FB05331A79D10703D5986808B1F7F719
:108440008FFF0135C6E742F0100242F080020021A2
:108450002046FFF752FE00260C27227AF3B2B3EB38
:10846000521F18D3637A03F00703052B01D0032BA7
:1084700006D14FF40043002244212046FFF779FE45
:10848000002080E042F02002DFE742F04002DCE71B
:1084900042F06002D9E7636807FB06F813F808307A
:1084A0001A0764D07F2B03F00F0A4FEA131568D820
:1084B000BAF1020F05D8BAF1000F62D04FF01809D7
:1084C00007E00AF10D0303F00F03012B59D84FF019
:1084D0001C09494620460AF1FF3AFFF7FFFDBAF1B1
:1084E000030F4CD8DFE80AF0024502452B0120F0CB
:1084F0007B0043F0080343EA000249462046FFF7A9
:10850000FCFD63680421204613F8085003EB0809BA
:10851000FFF7E4FD202180462046FFF7DFFD99F8B4
:10852000043005F00F0513F0020F4FF0020205F1C1
:10853000FF3515BF05FA02F3AB009A409A404FEAA7
:1085400085054FF0080314BF024320EA020203FA34
:1085500005F522EA05054346002204212046FFF7DF
:1085600008FE2B46002220212046FFF702FE01369E
:1085700073E72B0320F4F64043F40063BBE70023CA
:10858000B9E76FF0150040EAE070BDE8F0876FF0E2
:108590001500FAE740380240022804D003280348B7
:1085A00018BF002070470248704700BF1402002027
:1085B000CC01002038B5C36E0D4604461146A3B960
:1085C0002846FAF779FFE066E36EBBB11D4425F05B
:1085D00007052367ED1A636CA56643F40073032057
:1085E0006364FEF703F9002038BD836EAB42EBD025
:1085F00000F02CF8E36E002BE6D1E1E74FF0FF30FE
:10860000F2E7000008B503F03DF9054B1A68054B89
:1086100001201A6000DF0021034A084601F0DAFF5A
:10862000D8120020E0120020204A010800487047BC
:10863000F009002008B5FFF7C7FCF8F779F901F059
:108640008BF9BDE808400220FEF7D0B810B504460B
:10865000C06E20B1636C9B0501D5FAF725FF636CF2
:1086600023F4007363640023C4E91B33A36610BDC5
:108670001FB5044618B9244B1B68D3F8A440236BDC
:10868000626BA16BE06B0092CDE901101F4A20499B
:10869000012002F05BFBA368E26821696069009237
:1086A000CDE90110194A1B49012002F04FFBA369D3
:1086B000E269216A606A0092CDE90110134A164905
:1086C000012002F043FB236C2268616CA06C0092D5
:1086D000CDE901100D4A1149012002F037FBE36C8E
:1086E0006268EFF314810120CDE90021074A0C49AB
:1086F00002F02CFBE36A054A0A49012004B0BDE8F8
:10870000104002F023BB00BFE0120020C25201085B
:10871000C4510108F2510108205201084E520108CB
:108720007C520108AB52010838B5C36ECD1D04461A
:1087300025F007057BB1836EAB420ED9036F2A4645
:1087400018460021FAF79CFE226F2A442267A26E87
:10875000521B0346A266184638BD0023FBE770B5DE
:10876000C36E05460C46164623B1416C01F0030169
:10877000FFF76CFFEC66E31D344423F0070324F09D
:108780000704E41A2B67AC66002070BD38B50A46B2
:108790004169044629B1CB69436103B98361002370
:1087A000CB61637F207FC3F3C00520B92069007CC3
:1087B00060F3C30363774B690A8220469847637F5F
:1087C00065F3C303637738BD37B50446C0680A460E
:1087D00080B10368B4F85E1000919D68214604F1F1
:1087E0001D03A847002803DA237C43F00103237408
:1087F00003B030BD6FF00400F6E7000070B5047FF1
:108800006CB9202A38D006D8082A37D0102A37D099
:108810006FF0150070BD402AFAD1234600E01346E0
:10882000640104F1A044D4F8006B350416D4B503F8
:10883000144D48BF46F08066354045EA81452B43DC
:1088400043F0805343F40043C4F8003B437FC280AD
:1088500023F04F0301F04F0119434177037F4FF09D
:10886000A04103F11002D1F81C4801239340234397
:10887000C1F81C380020CDE70123D1E70323CFE75F
:108880000223CDE700F8F3FFF0B5077F6FB9202A88
:1088900038D006D8082A37D0102A37D06FF0150004
:1088A000F0BD402AFAD13B4600E013467E0106F1B6
:1088B000A046D6F800592C0418D4AC03144C48BF79
:1088C00045F080652C4044EA814444EA87542343C0
:1088D00043F0805343F40043C6F80039437FC2801D
:1088E00023F04F0301F04F01194341774FF0A042AD
:1088F000007FD2F81C18012383400B43C2F81C38B8
:108900000020CDE70123D1E70323CFE70223CDE702
:1089100000F833FC437F8A88C978DB0601F0030145
:1089200001D5FFF7B1BFFFF769BF037F417F5B014F
:1089300003F1A04311F0100F14BF03F5106303F50A
:10894000306389071A6822F4001248BF42F080524F
:108950001A60437F6FF3C303437700207047F0B57D
:1089600001F07F07EFF31185802383F311888618C8
:10897000F47CCFB111F07C0F22D10123BB40234006
:10898000E9B2DBB19F0711D45D0712D41B0715D5DF
:108990000323082524EA0504F47481F311885AB1ED
:1089A000033300EB4310F0BD2346E9E70123022522
:1089B000F0E702230425EDE70733F2E781F311889E
:1089C0000020F0E74FF0A043D3F80808C0F30D20D3
:1089D0007047037C61F34103037400207047EFF399
:1089E0001182802383F311884FF0A040D0F804381F
:1089F00041B123F00203C0F80438D3B283F31188E5
:108A00000020704743F00203F5E70846FAF74CBD33
:108A100070B5EFF31186802383F31188037CDA06A7
:108A200012D54FF0A044D4F80838DB070CD5D4F8A1
:108A3000045845F00103C4F80438052025F0010569
:108A4000FCF75EFEC4F80458F6B286F311880020E5
:108A500070BD10B52020FAF72FFD044618B1202272
:108A60000021FAF70DFD204610BD38B54B7F5B079E
:108A700005460C460FD4626972B9237F5B0103F18E
:108A8000A043D3F8001B41F00061C3F8001B637FD3
:108A900062F38203637738BD916819B92046FFF706
:108AA00075FEE8E7E3885A1E1144227FB1FBF3F11B
:108AB000520102F1A0424B43D2F8100B43EAC143EA
:108AC00000F060400343C2F8103B237F5B0103F1D9
:108AD000A043D3F8002B42F00442C3F8002B637F7D
:108AE00043F004036377237F002BD4D16B7C0622F1
:108AF00062F307136B74CEE790B189B1EFF3118283
:108B0000802383F311884B7F097FC3F3001318443C
:108B100001238B40C17C0B43C374D3B283F3118810
:108B200070470000002882B006DD044900230433AA
:108B30000A6801929842FADC02B0704700100050B7
:108B400030B50C4C03461A1D1B1A994200DC30BD8F
:108B5000236802F8043CC3F3072502F8035CC3F35F
:108B60000745C3F3076302F8013C02F8025C1346B1
:108B7000E9E700BF001000504FF0A043044AC3F8DB
:108B8000102BD3F8002B42F00442C3F8002B70479F
:108B9000180008604FF0A04210231361044B1169C4
:108BA000C90601D5013BFAD10320FCF76DBD00BF1A
:108BB000400D03004FF0A04240F02000044B106134
:108BC0001169890601D5013BFAD10320FCF75CBD90
:108BD000400D030038B5436904460D4643B1437F59
:108BE000DB0606D5007F8001FFF7E4FF63691BB950
:108BF00038BDFFF7CFFFF9E729462046FFF7C6FD4E
:108C0000F4E710B5EFF31184802383F311886FF03C
:108C10006B01FFF7DFFFE4B284F31188002010BD81
:108C200070B5437F0446D8063ED5237F5B0103F130
:108C3000A043D3F80039190434D5EFF3118580230C
:108C400083F31188237F5B0103F1A043D3F800294C
:108C500022F4004242F09042C3F80029237F5B01D6
:108C600003F1A04303F608110A689207FCD5D3F874
:108C7000083902221A60207F8001FFF79BFF4FF026
:108C8000A041207FD1F81C380122824023EA020350
:108C9000C1F81C3820466FF06B01FFF79BFFEDB267
:108CA00085F31188002070BDEFF31186802383F3D4
:108CB00011884FF0A045D5F8043843F40073C5F887
:108CC0000438D5F804381B07FBD5237F5B0103F17B
:108CD000A0430A20D3F8002B22F4004242F0904235
:108CE000C3F8002BFCF7D0FC237F5B0103F1A0430A
:108CF0000222C3F8082BD5F8043843F48063C5F882
:108D00000438227FD5F81C3802F1100101228A4074
:108D100023EA0203C5F81C386FF06B012046FFF709
:108D200059FFF6B286F31188BCE770B5057F6D0177
:108D300005F1A045D5F8103903F00043BAB3C68851
:108D4000541E3444B4FBF6F4467F134306F0030686
:108D500043EAC443012E08BF43EA4473C5F81039FF
:108D6000047F457F640104F1A04405F00305012D53
:108D7000D4F8003909D14FF0A045D5F80858ED05D1
:108D800054BF43F0805343F0005323F0804343F03B
:108D90000443C4F80039037F1B03033203F1A043EB
:108DA000921003F580530020824202DC70BD012442
:108DB000CAE751F820401C600130F5E710B50446C1
:108DC0006030FFF7B2FF637C042262F30713637421
:108DD000BDE81040FFF7D0BE00221146FFF7EEBFFE
:108DE000F8B54D6907460C4675B90B7F5B0103F179
:108DF000A043D3F8002942F00062C3F800294B7F5A
:108E000065F382034B77F8BDAB681BB94B7F43F02A
:108E100040034B77D5E902329A4208D3617F490675
:108E200005D420460021BDE8F840FFF7AFBC9B1AEF
:108E3000627F002B6FF3861262771FDDE6889E4209
:108E40001CDC06D12B79DB0703D5D3B243F04003FA
:108E50006377217F4A0102F1A042F31CD2F818295E
:108E600092B2B2EBA30F0BDA4FF0A0420123D2F87B
:108E700034088B400343C2F83438C4E71E46E8E7A1
:108E8000EB682968324619442046FFF74EFF637F9E
:108E900043F004036377237F23B97B7C052262F3CD
:108EA00007137B74EA68AB6816449E42EE60AAD34F
:108EB000637F5A06A7D4B4E770B54FF68D730246A8
:108EC00000690B820023CB60EFF31185802383F3CD
:108ED0001188537F13F008031DD15469CB613CB94D
:108EE000537F13F00406C2E9051109D0204603E0C0
:108EF0009069C16191611846EDB285F3118870BD2A
:108F000013F01004114603D0FFF76AFF3046F3E771
:108F1000FFF7ABFDEAE76FF00F00EDE72DE9F8434F
:108F20004FF0A042334CD2F8043823F00103002064
:108F3000C2F80438FFF73EFEE06818B10368214626
:108F4000DB6898470E232C4E2C4FE37423750025C5
:108F50004FF0FF0904EB4518C7F800903046C7F8FA
:108F600000926FF06B01FFF735FE98F87D3023F02B
:108F70004C0388F87D3006F180006FF06B01FFF73D
:108F800029FE98F8FD30013523F04C03042D88F8B4
:108F9000FD3007F1200706F12006DBD14FF0A0439A
:108FA0004FF0FF32C3F818284FF00112C3F81C2805
:108FB0000B22C3F81428C3F81028D3F800280E4851
:108FC00022F4FE62C3F80028238A23F4706323F09E
:108FD000040323824022022300212372FFF754FC62
:108FE000074840220021FFF709FCBDE8F843FFF7DE
:108FF000C3BD00BFF022002050230020080900500C
:10900000D023002038B54FF0A0450446D5F80438E9
:1090100043F40073C5F80438D5F804381B07FBD5B2
:10902000237F5B0103F1A0430A20D3F8002B42F019
:10903000804242F40012C3F8002BFCF725FBD5F860
:10904000043843F48063C5F80438637F43F00803B1
:109050006377002038BD427FD20601D4FFF7D2BF2C
:10906000027F520102F1A042D2F8001941F400112E
:10907000C2F80019427F42F0080242770020704790
:1090800010B5EFF31184802383F3118829B1FFF722
:109090004CFCE4B284F3118810BDFFF7DCFFF8E765
:1090A0002DE9F041437C03F0F003202B044640F00F
:1090B000858000F1E0056FF046012846FFF78AFD44
:1090C0006FF0460104F16000FFF784FD94F8FD3075
:1090D0006FF3C30384F8FD3094F87D306FF3C3035E
:1090E00084F87D30238A23F001031B051B0D43F414
:1090F00040532382637D13F0600F05D004F1150106
:109100002046FFF761FB39E0B4F81770B4F8196036
:10911000B4F81B2094F816C00FFA87FE31B210B2D3
:10912000BCF10C0F26D80FF2080858F82CF000BF3D
:10913000659100081D920008759100086F92000863
:1091400075910008079300084D9300084D9300089F
:109150005593000873930008FD900008FD900008E7
:109160007D910008217C480704D5022A02D1180607
:1091700000D52FB3237C43F001032374237CDB074A
:1091800019D594F87C305B0103F1A0432846D3F84D
:10919000002942F40012C3F8002994F87D3043F00E
:1091A000080384F87D30FFF72DFF237C43F0010393
:1091B0002374FFF7E1FC0023A4F85E30BDE8F081E2
:1091C00003F01F03012B26D0022B0CD0002BD1D192
:1091D000002ECFD1C1F30013C1F3400141EA430196
:1091E0006177A67711E016F07C0F06F07F03C1D1FE
:1091F00036064CBF0333073304EB431302225B7F75
:10920000C3F3C00363770023A37704F11D01204655
:10921000FFF7D4FDB2E76777A777F6E7217C480729
:10922000A8D5002AA6D103F01F03022B14D1002FCA
:109230007FF464AF16F07C0F06F07F007FF45EAF22
:1092400036064CBF0330073004EB4010FFF76DFBD0
:109250002046FFF7C1FD91E7002B7FF44FAF012FB0
:109260007FF44CAF0B4662F304132374F0E7217CC8
:1092700048077FF57FAF002A7FF47CAF03F01F0320
:10928000022B0FD1002F3AD116F07C0F06F07F0091
:1092900035D131064CBF0330073004EB4010FFF7E7
:1092A000DAFED5E75BBB012F03D141F01001217439
:1092B000CEE7022F23D1F3B20BBB320A013AA37CD3
:1092C000042A14D8DFE802F0030B0D0F110001226D
:1092D00062F30303A374237C43F02003C5E7022257
:1092E000F6E70322F4E70422F2E70522F0E76FF342
:1092F0000303A374237C43F001032374EBE70A0701
:109300007FF538AFFAE6DB067FF434AF51EA0003AD
:109310007FF430AF7F2F3FF62DAF637C03F00F0358
:10932000022B3FF427AF4FF0A042E17DD2F8003886
:1093300023F4FE6343EA0113C2F80038228A1C4B6F
:10934000134009B143F48273238281E7DE067FF480
:1093500011AFD3E6207C40077FF50CAFDF067FF42A
:1093600009AF5EEA01037FF405AF012A7FF402AF83
:10937000C4E6227C56077FF5FDAEDA067FF4FAAE2E
:1093800051EA00037FF4F6AE04F115012046FFF721
:109390001BFA00287FF4F2AE218A064AFFB20A4087
:1093A0001FB142F402722282E8E642F48072FAE7C8
:1093B000FBF0FFFFF7F0FFFF2DE9F04F7B4C85B08E
:1093C0004FF0A04B7A49DBF81430DBF8182002EAA2
:1093D000030001401340CBF8141001934CD01A0342
:1093E0004ED4019B5B0312D54FF0A048D8F8185813
:1093F000D8F81C180D40ADB2002D40F0E180D8F82F
:1094000018286C4992B2FF20002A40F0C980019BC5
:10941000002B12DA4FF0A0412046D1F8042822F0A8
:109420000102C1F804280121FDF71FFAE06820B10C
:10943000026852690AB121469047019B1D050AD571
:10944000E06820B1026812690AB121469047002104
:109450002046FDF70AFA019BD80607D54FF0A04633
:1094600004F115077269D20600F12F81019BD9041E
:1094700040F1E881FFF752FD002005B0BDE8F08F14
:10948000DBF81858DBF81C2815402D0C0DD1DBF843
:1094900018284949120CFF20002AA2D0D70744BF40
:1094A0000D68086052082031F6E7DFF810A14FF090
:1094B0000008EE073FD54FEA481707F1A047D7F855
:1094C000081BDBF8142801EA020919F0010F1ED06D
:1094D0000122C7F8082B18F0FF06627C3FD102F08A
:1094E000F002602A13D1D4F8F41049BB94F8FD209F
:1094F00061F3820284F8FD2094F8FD2012F004014B
:1095000005D1FFF739FB627C61F30712627419F031
:10951000020F1CBF0222C7F8082B19F0080F0AD04F
:10952000627C02F0F002202A02D12046FFF7B8FD4B
:109530000822C7F8082B6D0808F10108B9D150E7D7
:1095400031465046FFF722F994F8FD20174866F39C
:109550008202514684F8FD20FFF787FACCE702F03B
:109560000F02022AD3D104EB4612F83252F8040C4F
:1095700020B9517960F382015171C8E7073604EBD5
:109580004616304600210292FFF700F9029A5179FF
:109590006FF38201517120463146FFF766FAB6E754
:1095A000D50748BF0860520820312DE7F02200207F
:1095B0000AFC30F008090050080B0050D0230020AE
:1095C000DFF8B4B24FF00009EA076FD54FEA491649
:1095D000D8F81018D8F834784FF0010A06F1A046F0
:1095E0000AFA09F33B42D6F80809029318BF41F082
:1095F000800100EA010A1AF00103039335D0029BAF
:10960000012127EA03075FFA89F3C8F83478C6F81E
:109610000819D91C607C04EB4111002B4DD100F0DE
:10962000F00050280DD12046FFF7DAFB94F87D10AA
:1096300011F0040105D1FFF79FFA607C61F3071078
:109640006074207C830610D5D8F8041801F0700CE3
:10965000A17C01F00F0E4CEA0E136FF345106FF36F
:109660000301C8F804382074A1741AF0080F1CBF55
:109670000821C6F808191AF0100F06D059462046DE
:10968000FFF7AEFB1021C6F808191AF0800F0DD0B5
:10969000039B43B9029B27EA0307C8F8347859466D
:1096A0002046FFF79DFB8021C6F808196D0809F1D7
:1096B00001090BF1200B87D1A9E600F00F00022869
:1096C000D3D12046FFF78CFBCFE7326A12F00C05AE
:1096D0007FF4C8AE02F4F011B1F5002F00F08C80D9
:1096E000B1F5402F00F09580B1F5802F7FF4BAAE30
:1096F000C2F30A19B9F1000F3FF4B4AE02F00F0241
:109700004FEA421804EB4212D2F8F4A0BAF1000F6B
:109710005CD192F8FC10002954D1D2F8F0506A7C48
:1097200002F0F002102A4DD1B5F85EA0BAF13F0F59
:1097300014D8CAF1400ACA45A8BFCA461FFA8AF11E
:1097400005F11D00FFF7FCF9B5F85E20A9EB0A0949
:109750001144B9F1000FA5F85E1007DD4846FFF788
:10976000E1F9B5F85E209144A5F85E90B5F85E1079
:10977000B5F81B2091421ED304EB0802284692F84C
:10978000FD106FF3820182F8FD106A7C022161F303
:1097900007126A74B5F85E20402A28BF4022A5F857
:1097A0005E20FFF77DFCA04498F8FD206FF3820255
:1097B00088F8FD2056E6D6F8002B42F08062C6F805
:1097C000002BF0E74846FFF7ADF9ECE7DAE9025085
:1097D0002D1ADAF800204D45A8BF4D461044A9B215
:1097E000FFF7AEF9A9EB0500FFF79CF9DAF80C20BA
:1097F0002A44CAF80C2035E6627C02F0F002102AF6
:109800007FF430AED6F8002B42F08062C6F8002B11
:1098100028E608213846FFF793F994F91520002A25
:109820000ADBB4F81B203AB1627CA4F85E50012137
:1098300061F30712627415E6627C022161F307127C
:1098400062740FE6019B9B047FF5BAAD4FF0A04216
:10985000D2F8001921F00301C2F80019D2F8041857
:1098600041F48071C2F80418D16821F4705141F4B8
:10987000C051D160A4E500BF5023002070B504465C
:10988000EFF31185802686F31188FFF747FBEDB2D1
:1098900085F311880B4D236829465B68204698475D
:1098A000EFF3118486F311885320F7F717FA00219C
:1098B0002846FFF794F8E4B20846E96084F311887B
:1098C00070BD00BFF022002070B5224DE86808B1DD
:1098D000FFF7D4FFEFF31186802383F31188002173
:1098E0001C480C46FFF77BF853202972F7F7F6F96E
:1098F000214622465320FAF75DF94FF0A043FF229C
:10990000C3F80829C3F8082BC3F82829C3F8282B63
:10991000C3F84829C3F8482BC3F86829C3F8682B53
:109920004FF0FF32C3F810484FF48060C3F814487A
:10993000C3F83448C3F81C48C3F81828FFF73AF9AD
:10994000FFF728F96B7C64F303036B74F6B286F3BC
:10995000118870BDF0220020F8B57A487A4EF6F7EB
:10996000FFFC7A48F6F7FCFC7948F6F7F9FCFFF7BC
:10997000ABFF784B4FF4B07200211846F9F780FD29
:109980000246754942F8601B42600E22C27402759D
:10999000034600220146402701EB42141E66196768
:1099A00004F1780594F87D4044F010046C71D4B251
:1099B00083F87C4064F07F0483F864406C79013262
:1099C0006FF30104042A6C7103F12003A3F84670BD
:1099D000E2D100234025DAB280F8FC2080F8E420B0
:1099E00001EB4312C0F8E060C0F8F01092F8FD40BF
:1099F00001336FF30104042B82F8FD4000F12000D5
:109A0000A0F8C650E7D1554900225320FAF7D2F802
:109A1000002803DABDE8F840FFF756BF4FF0A04436
:109A200080234F4DA3600320FBF72EFE2369002BFC
:109A300001DB013DF7D101232361494B4FF0A042E7
:109A40001169C90701D5013BFAD14FF0A0440320A9
:109A5000FBF71AFE4FF43413A3631420FBF750FEF8
:109A6000E36823F0005343F080430025E360322095
:109A7000FBF746FEC4F8005ED4F8003823F4C05368
:109A8000C4F80038D4F8003843F00303C4F80038B1
:109A90008023636203F54013A3623033C4F80431BA
:109AA0003033C4F808313033C4F80C314FF48060DF
:109AB000FFF780F8FFF76EF84FF0FF33C4F8105847
:109AC000284AC4F81458C4F83458C4F81838264B37
:109AD000C4F81C58FF2118680028B4BF4FF0084094
:109AE000002018601D61996020339342F3D11F4B11
:109AF0001F490022FF201C68002CB4BF4FF008440F
:109B000000241C601A61986020338B42F3D14FF01F
:109B1000A04318499A614FF0FF325A605A690D48C4
:109B20001140154A0A435A61144A9A6181229A6087
:109B30000021FEF754FFFFF7F1F9BDE8F84053208C
:109B4000F7F7DEB80BAC0800F05201080CAC0800C7
:109B50000AAE0900F0220020D4520108B99300088F
:109B6000400D03008009005000090050000B005018
:109B7000800B00500003C3080AFC30F010380C00C2
:109B800000F01EB838B50D4604462F21284601F0D6
:109B9000C1F800B1451C284600F022FD031E09DB78
:109BA00000F030FD40B1C3682360836823614368DF
:109BB00023730023184638BD6FF00103FAE7000055
:109BC000014800F003B800BF2C02002028B1044B6C
:109BD0001A6802601860002070476FF01500704727
:109BE0005024002008B5044B186818B103689B681E
:109BF00003B19847002008BDD853010800207047E2
:109C0000F8B5C3681E6A371D3846F8F7C9FD041E4B
:109C10000BDB3578013515F0FF050FD0012D06D08F
:109C2000357000243846F8F701FE2046F8BDF06B89
:109C300003681B689847041EF2DAF3E76FF0170415
:109C4000F0E738B5C3681C6A251D2846F8F7A8FD5B
:109C5000002808DB2378012B06D9013B2370284616
:109C6000F8F7E4FD002038BDE06B002323700368A3
:109C70005B689847F3E72DE9F843C3681D6A05F16F
:109C800004084046D5F83C900E461746F8F788FD84
:109C9000041E2DDB6FF44063F318032B45D8DFE877
:109CA00003F002182A3905F114016B783A460B4685
:109CB00007F1280052F8046B43F8046B8242F9D193
:109CC0006B7893B1D9F8003048469B6898470446B2
:109CD0000BE005F114033A4605F13C0153F8040B7F
:109CE00042F8040B8B42F9D16B784046F8F79EFDA1
:109CF0002046BDE8F8836B786B78F3B9E86B0368AE
:109D000005F114019B68984704460028EDD1012312
:109D10006B70EAE76B78002BE7D0D9F80030484643
:109D2000DB68984700230446F2E7D9F800303A464A
:109D30001B69314648469847C9E70024D5E700200B
:109D40007047000070B5054640200E46F9F7C8FB85
:109D5000044660B10430F8F7BFFCE66323462846AA
:109D60000449BDE870404FF4DB72F7F7E8BE6FF0CE
:109D70000B0070BD10530108704708B500F07EF865
:109D800000F014F8BDE8084000F032B80020704739
:109D90001046704707B5019122B10522012101A8A3
:109DA000F8F71FF8002003B05DF804FB03490448EE
:109DB00000234FF4DB72F7F7C2BE00BF4C5301081B
:109DC000405301081046704707B5019122B10522A2
:109DD000012101A8F8F705F8002003B05DF804FBA5
:109DE00010B5084614460021F9F74AFB204610BD7D
:109DF0000349044800234FF4DB72F7F7A0BE00BF0D
:109E0000885301087C53010838B50D4B14461A7865
:109E1000012A08460FD91B78082B0CD0EFF31185C7
:109E2000802383F31188214604F054FBEDB285F3BF
:109E30001188204638BD214604F04CFBF9E700BFED
:109E4000C812002038B50C4B1A78012A0C460FD9DD
:109E50001B78082B0CD0EFF31185802383F3118836
:109E60000846F6F793FDEDB285F31188204638BD1C
:109E70002046F6F78BFDF9E7C81200200020704756
:109E800021F00201012908B501D1F8F78DFB00206E
:109E900008BD000008B5F7F759FEBDE808400148C5
:109EA000FAF712B93802002038B5064B0D460446C1
:109EB0001868FAF787F92A462146BDE83840F8F7CE
:109EC00022BB00BFD8120020F0B5C76816688DB05D
:109ED00005460C46002F00F08B807B69002B00F0BC
:109EE0008D805B69002B00F0898032469847B4F57D
:109EF000457F27DC40F209339C4205DC40F2033306
:109F00009C4247D00DB0F0BDA4F20A340A2CF9D817
:109F100001A353F824F000BF759F0008059F0008B7
:109F2000059F0008059F0008059F0008059F000881
:109F3000059F0008059F0008BD9F0008BD9F000801
:109F4000BD9F000840F20F539C423DD0B4F5A26F74
:109F5000D8D110F1190FD5D17B691BB35B690BB355
:109F600001AA40F20C51284698470028CADB029B00
:109F70003360C7E710B110F1190FC3D12B6836B1A8
:109F8000326822B143F040032B600020BAE723F08F
:109F90004003F9E710F1190FB4D13B8A03F00F0326
:109FA000032B02D16FF01800ACE74FF480723146FA
:109FB00038460DB0BDE8F04000F0E6BA10F1190FD8
:109FC00008BF6FF025009DE710F1190F9AD17B694A
:109FD000002BE7D05B69002BE4D001AA40F20C51C2
:109FE0002846984700288DDBBDF90C30338089E77F
:109FF0006FF0080086E76FF0250083E7B4F5457F32
:10A000000CDC40F211339C42F5DC40F203339C42FD
:10A01000C3D040F20A339C42B0D0C3E740F20F53A2
:10A020009C42D4D0B4F5A26F96D0BBE70EB470B505
:10A0300085B009AD03AA55F8046B019502A9F8F79C
:10A0400056F9041E11DBB6F5437F1DD0B6F5467FE9
:10A050001DD040F20B339E421ED1039B01221A7188
:10A060000298F8F75EF9002C08DAEFF305831BB9C4
:10A07000F8F728FB644204604FF0FF34204605B037
:10A08000BDE8704003B07047039B0022E7E7039AE6
:10A090002B6812791A60E3E702982A463146FFF7E7
:10A0A00013FF0446DCE72DE9F043054689B0164668
:10A0B000984600296ED0500748BF109B019148BFB9
:10A0C000D3F800904FF00003CDE90233CDE904331B
:10A0D000069301A8C2F3003358BF4FF4DB798DF823
:10A0E0001C3000F037FA041E28DB9DF81C30029F5C
:10A0F00023B13B8A03F00F03082B4ED0314638467C
:10A10000F7F73EFD041E14DB32052E60EF601AD512
:10A110000599284600F0C2F910F1150F044606D142
:10A12000B30706D40599284600F0B8F90446002C78
:10A1300011DA0023EB603846F8F74AFA069868B15E
:10A14000F9F7B2F90AE03B8A03F00F03032B10D1B1
:10A150007B691C6834B90698B0B90024204609B060
:10A16000BDE8F083059929EA080332462846A0474E
:10A17000D2E7012B01D00A2B09D17B691B68002B88
:10A18000E9D028469847C7E7F9F78EF9E5E76FF079
:10A190000504CEE76FF01504E0E76FF02704DDE774
:10A1A0002DE9F34107460C4616469846F8F79AF80B
:10A1B0000546F0B100F034FA21460346CDF80080A0
:10A1C00032462846FFF76FFF041E06DA2846F8F7E6
:10A1D0008CF8204602B0BDE8F0812B4600223146C3
:10A1E0003846F8F730F8041EF3DA2846F8F704FA90
:10A1F000ECE76FF00B04ECE70CB407B504AB53F8D5
:10A20000042B0193FFF7CCFF03B05DF804EB02B021
:10A21000704700000EB433B505AB044653F8045B39
:10A220000193074B1868F9F7CDFF019B2A46214699
:10A23000FFF7B6FF02B0BDE8304003B0704700BF83
:10A24000D81200200EB433B505AB044653F8045BB6
:10A2500001930D4B1868F9F7B5FF2146019B2A467B
:10A26000FFF79EFF041E08DAEFF305831BB9F8F72A
:10A2700029FA644204604FF0FF34204602B0BDE882
:10A28000304003B0704700BFD812002008B5034625
:10A29000104640F20332914207D11B694FF480729D
:10A2A0005968F9F7B7F8002008BD40F20D539942FC
:10A2B0000CBF00206FF01800F6E770B50569064680
:10A2C0000C462868002963D0212A61D9038A03F04B
:10A2D0000F03032B0BD143690A465B6C2946984751
:10A2E000002851DBB3680133B36022204FE0A96836
:10A2F00000294BD021222431601CF9F78BF8002370
:10A300002370AB685A6932B11B8A03F00F03022B2A
:10A3100020D106232370AB689A680AB95B690BB930
:10A3200004232370F7F714FCAC686368AB605BB17F
:10A33000BFF35B8F0C3353E8002F013243E8002159
:10A340000029F8D1BFF35B8FF7F70EFC2046F8F732
:10A350003FF9C7E7072B01D10923DBE7032B01D125
:10A360000423D7E7012B01D10223D3E7042B01D12A
:10A370000323CFE7052BCDD0062B01D10723C9E757
:10A380000A2BC8D10123C5E7831C00D1002070BD72
:10A390006FF01500FBE770B50469D4E900562B8A0D
:10A3A00003F00F03032B0ED16B691B6CA3B1214685
:10A3B0002846984704462846F8F70AF93046F9F740
:10A3C00073F8204670BDA06808B1F8F701F920467F
:10A3D000F9F76AF80024EEE71C46ECE72DE9F043B4
:10A3E00006468BB089461746002A51D1D0F8108016
:10A3F0008468D8F800502B8A03F00F03032B20D178
:10A40000A1420CDA6B699B6C2BB96FF08904204672
:10A410000BB0BDE8F0834146284698473C462746A6
:10A42000B94504DC3C46002CF1DBB460EFE76B6916
:10A4300001AA5B6C414628469847041EE7DB0137BA
:10A44000EEE7A142B6BFAD68D8F808501446F7F75A
:10A450007FFB0DB1A14518D1D8F80870C8F8085095
:10A460005DB1BFF35B8F0C3555E8003F013345E824
:10A470000032002AF8D1BFF35B8FF7F775FB002F8E
:10A48000D1D03846F8F7A4F8CDE76D680134E0E79D
:10A49000012A0CBF84686FF01504B8E72DE9F34179
:10A4A0000746C6684FF48070884600F0EBF8054612
:10A4B00000283DD0338A03F00F03032B29D17369A1
:10A4C000F3B1DC6BE4B15B6CD3B101AA4146304619
:10A4D000A047041E16DB019B1E604FF480722946C4
:10A4E000304600F051F80198164943462A46043098
:10A4F000F8F7BEF9041E019B1DDA00225A6001E044
:10A500006FF02504284600F0E9F8204602B0BDE8C7
:10A51000F0810C20F8F7E4FF024630B106600190AC
:10A52000B0689060F8F746F8D7E7284600F0D6F80C
:10A530006FF00B04E9E70448C7E90303F8F73AF8BA
:10A54000E0E700BFDC5301084402002003695968BA
:10A55000FFF7A4BF38B50546F7F700FB2846F7F725
:10A56000C7FB041E0CDB6B68BFF35B8F0C3353E837
:10A57000002F013243E800210029F8D1BFF35B8F9F
:10A58000F7F7F8FA204638BD70B5044616460D4672
:10A59000D9B110B90870002070BD0068FFF7F4FF52
:10A5A0000028F9DB324604F12401284600F072FB52
:10A5B000A06820B9238A03F00F03032BECD10449D0
:10A5C0003246284600F066FBE5E76FF01500E3E74A
:10A5D000E053010808B50023F9F726FC00F0FDFA66
:10A5E00038B505460024204600F038FC18B96FF055
:10A5F0000104204638BD294600F07AFB0028F8D037
:10A600000134F0E7044B1B688342C6BF034B03EBE6
:10A6100000100020704700BFD8640108DC64010806
:10A6200008B500F0E5FB806A08BD000038B51522CA
:10A6300004461049F8F7EEFE202104F1150000F061
:10A64000FBFB002384F8343005460B49152204F146
:10A650003500F8F7DFFE0949332204F14A00F8F724
:10A66000D9FE0749152204F17D00F8F7D3FE2846EC
:10A6700038BD00BF145401081A5401086C020020B0
:10A6800022540108B0F5807FF0B421D8124B012686
:10A690001D461A6892FAA2F1B1FA81F1C2B10129FC
:10A6A00016D8BFF35B8F06FA01F422EA040455E8DA
:10A6B000007F974206D145E8004CBCF1000FF6D16F
:10A6C000BFF35B8FE5D103EB01200430F0BC704792
:10A6D000F0BCF8F7F1BE00BF940200200B4BC31A88
:10A6E00048BFFF33B3F5007F4FEA23210CD201238B
:10A6F000074A8B4052E8001F194342E80010002827
:10A70000F8D1BFF35B8F7047F8F7CEBE98020020F8
:10A710009402002008B504460021012000F017F83B
:10A72000F8F7B6FE204600F0C1FE38B50446002515
:10A73000606900B938BD026862610279056042F063
:10A740000202027101210830FAF756F8F0E738B535
:10A750000D460446F8F79CFE2DB1037913F0010372
:10A7600018BF01232B6064B9037923F00102027141
:10A770005A070DD523F0050303714FF0FF30FFF7A3
:10A78000C9FF012C06D1037943F0010303710024B2
:10A79000204638BDEFF305831BB9F7F793FF162367
:10A7A00003604FF0FF34F3E70D46164608B5044644
:10A7B00000F05AFB31462846A04700F012FA3F2924
:10A7C0000CD84A11012301F01F0103FA01F150F8DE
:10A7D00022300B4340F82230002070476FF0150004
:10A7E000704708B5FFF7EBFF002808DAEFF30583A1
:10A7F0001BB9F7F767FF162303604FF0FF3008BD62
:10A8000003460020C3E9000070474FF0FF33C0E962
:10A8100000330020704710B50B68146823EA040366
:10A82000036052684B6823EA02034360002010BDB6
:10A83000036823B94068B0FA80F0400970470020EF
:10A84000704713B5142200210446F8F719FE01A938
:10A850000020FBF77FFC002804DAF7F733FF0068DD
:10A8600002B010BD019B6370002000F059FE00286B
:10A87000F3DBA070201DFFF7C3FF4FF4006300203F
:10A88000C4E90330ECE7002070470FB413B504AB04
:10A89000012053F8044B019300F096F9019A2146E8
:10A8A00000F06FF902B0BDE8104004B070470CB47E
:10A8B00000B50A4689B071B1014602A8F8F732F82E
:10A8C0000BAA0A99019202A8F8F77AFC09B05DF880
:10A8D00004EB02B0704702A8F8F742F8F0E737B58A
:10A8E0000446012000F070F9054600F062F92046A8
:10A8F000294600F009F9041E15DB0A232A46012126
:10A900000DF107008DF8073000F017F800280ADD78
:10A9100095F87E305B0704F1010406D5284600F067
:10A9200084F8002801DA4FF0FF34012000F04CF9E0
:10A9300000F042F9204603B030BD2DE9F041074652
:10A940000E4615464AB9EFF305831BB9F7F7BAFE71
:10A95000092303604FF0FF301EE0B2F87C309B0704
:10A9600010D4EFF3058343B14FF0FF3095F87E30FC
:10A9700043F0020385F87E300EE0F7F7A3FE0923CB
:10A980000360F1E7D36A63B9D369906A0A4639462E
:10A9900023B198470028E7DBBDE8F08103F024FFEE
:10A9A000F8E7104600F082F80028DDDBD5E90C401E
:10A9B000241A402C01D13F2E1AD8B44228BF344665
:10A9C00022463946F8F74EFD6B6B2A6B23449342BF
:10A9D000A6EB04086B633C4404D2B8F13F0F17D9CF
:10A9E000464606E0284600F020F80028F5DABBE7E6
:10A9F0003C46EB69A86A3246214633B198470028A5
:10AA0000B2DB0444E01BB1D4C6E703F0EDFEF6E789
:10AA1000B8F1000FF6D02146686B4246F8F722FDE8
:10AA20006B6B43446B63BC19ECE770B5B0F87C30DA
:10AA30009B07054628D5C46A4CB3466BB4421FD069
:10AA4000836B9C4223D1361BEB69A86A32462146B0
:10AA50006BB1984700280DDA95F87E3043F0020379
:10AA600085F87E30F7F72EFE0068404270BD03F097
:10AA7000BBFEEFE7361A002E0444E5DCEB6A6B639D
:10AA80006C6BE86A201AF1E76FF00800EEE700202F
:10AA9000ECE738B5044600F08CF82046FFF7C5FF18
:10AAA0000546204600F088F8284638BD13B548B959
:10AAB000EFF305831BB9F7F705FE092303604FF099
:10AAC000FF301AE0C36AEBB1816B8B421AD0426B44
:10AAD00090F87F40C0E90D330023511A80F87F3091
:10AAE000036A806A091B0191012243B101A99847B9
:10AAF0000028ACBF00204FF0FF3002B010BD03F0C3
:10AB000042FDF5E70020F8E770B591F87E305B076D
:10AB100005460C4619D506463046711B03780136AA
:10AB20003BB122460121FFF708FF002803DC4FF06C
:10AB3000FF31084670BD16F8013C0A2BECD12046C7
:10AB4000FFF773FF0028E7DAF1E700F0DBF80146D2
:10AB50000028EED022462846FFF7EFFE40EAE071DB
:10AB6000E7E738B50C460546084600F022F82146CE
:10AB70002846FFF7C9FF0546204600F01DF8284685
:10AB800038BD70B586B004460D46014601A816468C
:10AB900000F062F8204600F00CF82946324601A881
:10ABA000F8F70EFB0546204600F006F8284606B0EA
:10ABB00070BD0430F7F7B2BD0430F7F7BFBD08B57C
:10ABC00000F016F92C3008BD10B5044600F010F95D
:10ABD000842303FB04003C3010BD08B50120FAF7C4
:10ABE000EFFA08B5002104460120FFF7B0FDF8F7A1
:10ABF0004FFC002000F05AF92046FAF7E1FA00690C
:10AC0000FFF747BF70B504460D4616462369324626
:10AC10000121284600F036F9002803DB23680344AD
:10AC2000236070BDF7F74EFD00680428EED0404267
:10AC3000F7E738B504460D462169284600F095F936
:10AC4000013003D023680133236038BDF7F73AFDA4
:10AC50000368042BF0D0F8E70A4B43600A4B83608B
:10AC6000CB6A63B1B1F87C30084A13F4807F084B9B
:10AC700018BF1346C3600023036001617047044B93
:10AC8000F8E700BF33AC000805AC0008FFAB0008D4
:10AC90008129000870B50446161908462146B142BC
:10ACA0000B4607D11C1B121B561E42B900F02AF896
:10ACB000204470BD1D780131002DF0D1F2E705462A
:10ACC000294615F8012B12B91A70081AF0E7002E60
:10ACD000F6D003F8012B013EF2E703461A788A42C8
:10ACE000184603F1010302D0002AF7D1104670473D
:10ACF000431E13F8012F11F8010B101A01D1002A7D
:10AD0000F7D1704703461A46013311780029FAD16A
:10AD1000101A704710B5034600201C4613F8012B8B
:10AD20008A4208BF2046002AF7D110BD13B5064B52
:10AD30001B7800F007042341DB0703D5019201AA29
:10AD400003F0D4FB02B010BD980400200EB403B58C
:10AD500003AA52F8041B0192FFF7E8FF02B05DF866
:10AD600004EB03B07047F8B5164603466FF4F6627D
:10AD700013440F46A0F2B27440F26D114C439D1083
:10AD80002D194FEAE37343EBE47400F01BF8011E46
:10AD900018BF0121384600F009F8711E451944EB2F
:10ADA000E074481944EBE171F8BD00000346044A21
:10ADB000012B32F8100001DD01B10130704700BFF6
:10ADC000265401084FF4C87190FBF1F201FB120206
:10ADD00003465AB1642290FBF2F002FB103030B10E
:10ADE00013F0030F0CBF01200020704701207047B3
:10ADF00008B5F8F74DFB00B1006808BD10B5044672
:10AE000088B010B9002008B010BD0021CDE90001C4
:10AE100004AB6A460846029100F0B6FB0028F1DA5E
:10AE200004988442EFD9034B069A9A42C8BF013076
:10AE3000E9E700BFFF64CD1D10B50A46EFF31184AA
:10AE4000802383F311880449F8F7E4FAE4B284F329
:10AE50001188002010BD00BF5424002008B5FFF762
:10AE6000D1FB00B1006808BD704710B50C46114613
:10AE700061431A46FFF761FD0028D4BF0020B0FBF4
:10AE8000F4F010BDF8B51C4605460E4617461846A8
:10AE9000FFF78FFE23463A4631462846FFF7E5FF87
:10AEA00005462046FFF788FE2846F8BD10B580B954
:10AEB000FFF785FE00F012F8002804460CDAEFF3E5
:10AEC00005831BB9F7F7FEFB644204604FF0FF30C7
:10AED00003E0FFF7DEFDEFE7002010BD70B504468C
:10AEE00018B3F7F75DFC04F11000FFF7D2FD04F191
:10AEF0009400FFF7CEFD04F58C70FFF7CAFDD4F87F
:10AF00009C51002625B92046F7F790FC304670BDCD
:10AF1000B5F87C309B0706D52846FFF7BAFD36EA20
:10AF2000200628BF06462D68ECE70646EEE737B553
:10AF30000A468DF8070004460D460DF10700012171
:10AF4000FFF7FBFC002804DC4FF0FF34204603B081
:10AF500030BD0A2CFAD195F87E305B07F6D528462D
:10AF6000FFF763FD0028F1DAEEE738B50C46054639
:10AF70000846FFF71EFE21462846FFF7D8FF054684
:10AF80002046FFF719FE284638BD38B5002504468F
:10AF9000C0E90055C5610C30F7F79EFBA56038BDD0
:10AFA000F8B504460027256895B12B68236003B9DE
:10AFB00063602E6A2F6026B1D5E90123294600205F
:10AFC000B047A368013BA3602846F8F76DFAEAE7AB
:10AFD00004F10C00F9F7ACFA002800DBE561F8BDDC
:10AFE00030B587B005460C461422002101A8F8F7B9
:10AFF00047FA054B029301A8CDE9035400F065F828
:10B00000024B186007B030BD40540108FC1100200D
:10B0100010B5084B0A460146186800F08FF8044640
:10B0200030B9EFF305831BB9F7F74CFB0C23036032
:10B03000204610BDFC11002070B50D460446164692
:10B04000F8F790FB05F1170323F007033544216956
:10B05000A3F1100025F007052A1A114421610921E6
:10B06000E061083B43F8041C103A083D5A600B228B
:10B0700025626A60226A5968116021F00301B1F506
:10B08000800F3DBF0A09B2FA82F2C2F11F021222FA
:10B0900004EB021004EB02122430D26A2AB1556884
:10B0A0001DB125F00305A9420CD88360C3E9022035
:10B0B00002B1D360A3691033A3612046BDE870409C
:10B0C000F8F76CBB10469268E8E7F8B506460068EA
:10B0D000D6E9027548BBFC1DA5F5AE753D4424F0CC
:10B0E00007042D1B04F5AE774FF4AE720021204605
:10B0F000F8F7C6F9337C84F8583104F5AA7204F1E4
:10B100003403A3F11001D96043F8083C1033934293
:10B11000F7D12046F7F7E0FA4FF4AE73A3612A4661
:10B1200039462046FFF788FF06E04FF4AE71F8F786
:10B1300097FA04460028D7D12046F8BD2DE9F84FEC
:10B14000044690460E4621B9BDE8F84F1146F8F77F
:10B1500087BA0C2A38BF4FF00C0808F10B0323F014
:10B16000070AC245C0F02E81A1F10807F8F7FAFAE4
:10B1700056F8041C21F00309CA4511D809D2A36965
:10B180005344A3EB0903A36152463946204600F01D
:10B1900020F92046F8F702FBB0464046BDE8F88F9C
:10B1A00007EB090CDCF80400C30754BF20F00300D0
:10B1B000002011F002011CBF56F8081CA7EB010E7D
:10B1C00000EB09031CBFDEF8045025F003010B441B
:10B1D00008BF8E465345C0F0E0808142AAEB0903C8
:10B1E00049D2994280F0F1805D1A002940F0B58083
:10B1F0004946B046DCE9022A0CEB000ECAF80820EA
:10B200001AB1DCF80CC0C2F80CC005F11002824281
:10B2100004D9A2690244551BA56105467A682944F0
:10B2200002F003020A43A8427A6040F2AF80401B5A
:10B23000B0F5800F3CBF0209B2FA82F20F4434BF6E
:10B24000C2F11F02122204EB021104EB0212786019
:10B25000CEF80000D26A243132B1556825B125F00C
:10B260000305A84200F28F808F60C7E90221002AFF
:10B270005FD0D7605DE0984280F08180A3EB00084A
:10B280000546DEE9022ACAF808201AB1DEF80CA049
:10B29000C2F80CA008F110028A4205D9A2690A443A
:10B2A000A2EB0802A26188464145A7EB08075DD9D9
:10B2B000DEF80420A1EB080A02F0030208EB090102
:10B2C00042EA0A02CEF8042041F00302C7E900A2D4
:10B2D000DEF8042022F00302B2F5800F3DBF4FEAF2
:10B2E0001218B8FA88F8C8F11F084FF0120804EBDA
:10B2F000081A04EB08180AF1240AD8F82C80B8F1CF
:10B30000000F08D0D8F804B0BBF1000F03D02BF029
:10B31000030B5A4526D8CAF808E0CEE9028AB8F1EC
:10B32000000F01D0C8F80CE007F10808002D7FF4E9
:10B3300061AFA26913446269A361934288BF6361EC
:10B340002046F8F72BFA46453FF427AFA9F104024F
:10B3500031464046F8F786F81FE7884691E7984659
:10B3600000258EE7C246D8F80880C8E77A684944C5
:10B3700002F003020A4342F001027A60D4E71D465C
:10B380004946B046D2E71146926865E7DEF80420E8
:10B3900022F00202CEF80420CBE72046F8F7FEF9AF
:10B3A00041462046F8F75CF9804600283FF4F5AEA8
:10B3B0003146A9F10402F8F755F831462046F8F76E
:10B3C0002BF9EAE64FF00008E7E6002BC7D1B046BC
:10B3D000AFE7F0B54B6823F00303CC186768FD07AF
:10B3E00034D4D4E9025627F00307B5600DB1E668FE
:10B3F000EE608D189B1A3B446B604B6803F00303AF
:10B4000013434B606B68E351696821F00301B1F5A8
:10B41000800F3DBF0A09B2FA82F2C2F11F03122364
:10B4200000EB031200EB03132432DB6A2BB15868E4
:10B4300018B120F00300814205D89560EA60AB6046
:10B4400003B1DD60F0BD1A469B68EFE702F110051D
:10B450009D42F7D88D189E1A6E604E6806F003065E
:10B4600016434E60626842F0020262606A68CA5027
:10B4700022F00302B2F5800F3DBF1309B3FA83F344
:10B48000C3F11F03122300EB031100EB031324315C
:10B49000DB6A2BB1586818B120F00300824202D851
:10B4A0008D60E960CBE719469B68F2E737B5124B30
:10B4B000044668461D68FFF7A8F900226946032084
:10B4C00000F062F9F9F764FE2146FAF7BBFB044687
:10B4D00010B10120F9F774FEEFF31183802383F399
:10B4E00011886B6C43F4807301466B642846FAF74D
:10B4F00085FF2046FDF786F8D812002008B538B938
:10B50000064B186838B1406CC0F3C100013008BD6B
:10B51000F8F768FEF6E76FF00200F8E7D8120020AF
:10B5200010B5FFF7EBFF041E08DAEFF305831BB934
:10B53000F7F7C8F8644204604FF0FF34204610BDAE
:10B5400013B501200021F8F7BFF9EFF31184802330
:10B5500083F311880B4B1868436C03F01803082B16
:10B5600005D1002300930122002300F0B3F9E4B2D7
:10B5700084F31188F8F78FF902B0BDE81040F9F7AD
:10B5800099BF00BFD8120020042808B508D800F0E1
:10B5900047F810F10B0F05D00028B8BF404208BD96
:10B5A0001620FCE70020FAE710B5D0F89C4054B113
:10B5B0002170D0F89C104A70D0F89C209370D0F87D
:10B5C0009C3000225A60D0E9003282B909490B60F0
:10B5D00003B9084B5A600023C0E90033FAF7CCFBEB
:10B5E00020B1EFF305830BB9022000DF10BD13601B
:10B5F000EEE700BF2C13002010B5EFF3118480227A
:10B6000082F3118890F84030062B04D16E23022279
:10B61000FF21FFF7C9FFE4B284F3118810BD0000D9
:10B620002DE9F0434FF0000885B04FF00009CDE957
:10B6300002891E46144682B193684D4A934200F235
:10B640009480D4E900522A4307D133B9FAF7CEFDEA
:10B650006FF00A0005B0BDE8F083EFF31188802396
:10B6600083F31188434B1F6834B3CB075FD4F8F7DB
:10B6700012F9256862684FF0640CA5FB0C530CFBB3
:10B680000233A268DFF8F0C094443C4A9CFBF2F21B
:10B69000AD1843EBE2732D1843EB0101013541F185
:10B6A0000001CDE90251364B00930197DDE90223F9
:10B6B00007F15000F9F7CAFE3846FAF7E7FB062310
:10B6C00087F8403000233B602E4B19685A687A6037
:10B6D000002945D11F605F60EFF305830BB902209D
:10B6E00000DF002C3ED0F8F7D6F85FFA88F888F330
:10B6F0001188D4B1CEB1DDE9024354EA030214D07B
:10B70000241A63EB01010029BCBF00242146002359
:10B7100020466422FCF772F96FF0630303FB0044D8
:10B72000C6E9000115484443B460002092E720B9FF
:10B7300002A92046F9F772FFB5E723686168642023
:10B74000A3FB003200FB0121A0680B4A02440B4816
:10B7500092FBF0F29B1841EBE272CDE90232A2E7D4
:10B760001760B8E720462146BFE76FF0150071E784
:10B77000FFC99A3BD81200207F96980080969800C7
:10B78000F9B500082C13002070B50B461949054681
:10B790000C681AB1D4E9230182E8030043B3EFF344
:10B7A0001186802282F31188022D11D0032D16D02C
:10B7B000012D1AD104F18C011A46084603F0D0F885
:10B7C0000024F6B286F3118800F016F8204670BD0A
:10B7D00004F18C011A460846FFF71DF8F0E793E8DC
:10B7E00003008C3484E80300EAE76FF01504E8E70F
:10B7F0001C46EBE7D81200207FB5214B1E686D4632
:10B80000F8F738FD31462846F9F770F995E8030056
:10B8100002AC84E8030006F18C0221462046FEF7C4
:10B82000FAFF2046FFF704F820B1F8F731FD0020B9
:10B8300004B070BD204600F083F8431C054615D0C7
:10B840000146204603F06EF82946304600F03AFBE8
:10B85000054658B14268B2FA82F200F10801520975
:10B86000304600F07DF82846FAF772FD2046FEF7D4
:10B87000DFFF0028DED0F8F70BFD0120D8E700BF7E
:10B88000D812002038B5124C25682846FAF7FEFA7F
:10B890002468B4F848300133A4F84830022384F80F
:10B8A0004030042385F8403021462846F8F788FDCB
:10B8B000696C284601F00301FAF722FB032384F8A0
:10B8C0004030B4F84830013BA4F8483038BD00BFE0
:10B8D000D812002070B5C46C9DF81050E617A24233
:10B8E000B3412146B8BF1146641A002CC4641DDC64
:10B8F000B0F94830002B18DCDDB903681424C464A7
:10B9000013B91420002170BD90F8341093F834302E
:10B910008B42F6D3FAF77CFC0028F2D0EFF30583D4
:10B92000002BEED1022000DFEBE724B12046E11727
:10B93000E9E70020E6E74FF0FF306FF00041E2E773
:10B9400038B5054601242146284603F01FF8012892
:10B9500004D00134402CF6D14FF0FF34204638BDDE
:10B960002DE9F74F436C01920F46D905044600F1CB
:10B9700095813D78002D00F0AD81EFF31188802393
:10B980005FFA88F883F31188DFF8FCA1DFF8FC91F7
:10B99000DAF80050D9F800B015B1BBF1000F45D16D
:10B9A000EFF30582002A40F09181F8F7A5FC0646E6
:10B9B000002840F08B8188F311881DB91820F7F713
:10B9C0007BFD0646BBF1000F1CD12020F7F774FD6C
:10B9D000EFF3118880225FFA88F882F3118865B945
:10B9E000002E00F06F8101223275DAF800203260FB
:10B9F0000AB9CAF80460CAF80060BBF1000F15D19B
:10BA00005D4603E00020E3E76FF00A05002800F040
:10BA10005D8101230377D9F8003003600BB9C9F8C1
:10BA20000400C9F80000002D40F05281397804F17B
:10BA30008C0002F0ABFF01283978814640F09C80F1
:10BA400094F84030062B31D104F19405284602F0D9
:10BA50009DFF01282AD1D4F89C202AB13B681360AD
:10BA60007B685360BB6893602846FEF7C9FE04F10B
:10BA70005000F9F747FDD4E9003272B944490B6030
:10BA800003B9434B5A600023C4E900332046FAF758
:10BA900073F920B90025002624E01360F0E7EFF3E6
:10BAA0000585002DF6D1022000DFF4E73978A26881
:10BAB000A1F120031F2B30D9EFF31183802080F3F5
:10BAC0001188D2F8146216B1307A884223D1DBB2E1
:10BAD00083F311880EB33B68B3607B68F360BB6887
:10BAE0003361002588F311887EB1317AA068FAF7B6
:10BAF0004DFE50B103691B0607D5436933614368A6
:10BB0000307A002206F108019847B9F1000FB8BF5A
:10BB10006FF01505DEE03668D5E7DAF80060002E34
:10BB200000F0BF803368CAF800300BB9CAF804309F
:10BB3000002333603B68B3607B68F360BB683361AC
:10BB4000019B002B0CBF234600237360EFF311838E
:10BB5000802181F3118800213160D2F8141239B9A3
:10BB6000C2F81462C2F81862DBB283F31188B8E736
:10BB7000D2F818120E60F5E7A068FAF707FE06463D
:10BB800040B900253EE000BF981B0020801B00202C
:10BB90002C1300204368002BF3D000F0BFF80546BB
:10BBA00000286ED07368436000F10803D6E90201F3
:10BBB00083E803003269920603D439781846FEF709
:10BBC00010FE3B682B617B686B61BB68AB6173697E
:10BBD000AB6100232B60E36F002B4AD1E567A36FB5
:10BBE000C4F88050002BCCD13C4BA3673C4B1B6866
:10BBF0009C4242D1EFF30585002D3ED1A36F204634
:10BC00009847A56794F84030062B24D1D4F89C209F
:10BC10002AB13B6813607B685360BB68936004F192
:10BC20009400FEF7EDFD04F15000F9F76BFCD4E948
:10BC300000324ABB2B490B6003B92A4B5A600023E0
:10BC4000C4E900332046FAF797F820B1EFF30583F3
:10BC50000BB9022000DFB9F1000F7FF41CAF94F89C
:10BC60004030052B12D104212046F8F7FEFD4E4648
:10BC700038E7D4F880301D60B1E72046F4F75AFF6A
:10BC80007FE76FF00B05BDE71360D5E7073B012B9E
:10BC9000EDD80421204600F0CBF9E8E76FF002056B
:10BCA00018E0EFF30583002B3FF4F4AE0E4B1E6853
:10BCB000002E3FF4EFAE3168196000297FF438AFF1
:10BCC000596035E7BBF1000F3FF49EAE6FF00A05F7
:10BCD00088F31188284603B0BDE8F08F6DBD0008D9
:10BCE000D81200202C130020901B002010B50C4609
:10BCF0003AB900F01DF968B12146BDE8104000F0E6
:10BD00006DB9F8F76FFA28B121460022BDE810405E
:10BD1000FFF726BE6FF0020010BD0000EFF30582B2
:10BD2000104B42B11868B8B102681A6002B95A6083
:10BD3000002303607047EFF31182802181F31188A3
:10BD4000186828B10168196001B9596000230360BF
:10BD5000D3B283F311887047034B18680028E3D1EE
:10BD6000704700BF801B0020881B00202DE9F04F8A
:10BD70008DB00446F6F7A6FC03680193B4F94A3087
:10BD800002934FF0800A0027EFF311838AF31188A2
:10BD9000626C12F0400FDBB20ED083F31188EFF328
:10BDA00005831BB9F6F78EFC019B0360029BA4F888
:10BDB0004A300DB0BDE8F08FE56F002DEDD02A6858
:10BDC000E2670AB9C4F880202F60626C42F040023A
:10BDD00062642F60D4F88420002A5BD1C4F88450B8
:10BDE000C4F8885004F18C0696E803000DF1180899
:10BDF0000DF11009AB4689E8030005F10802494638
:10BE00004046039302F0ACFD1BF8101F4046FEF7BE
:10BE1000D6FC98E80300039B86E8030083F31188AF
:10BE200000226B68287C59469847EFF3118B8AF300
:10BE30001188636C23F0400363644246314608A8CE
:10BE400002F099FD08AA31460AA802F07EFD08AA70
:10BE500049461046FEF7DFFC0AAA08A9304602F060
:10BE60007FFDD4F884305BB1AB4217D12B68C4F8A6
:10BE70008430D4F88830AB420CBFC4F888702F608F
:10BE80005FFA8BFB8BF31188FFF7B6FC2846FAF7B5
:10BE900035FA79E7D4F888201560A1E71A68AA4234
:10BEA0000CD1D4F8841049B1D4F888108D4215BF54
:10BEB0002968C4F8883019601F6017601B68002B60
:10BEC000ECD1DDE7F0B505468268EFF311868023FB
:10BED00083F31188D2F814420023204620B3077A56
:10BEE0008F420ED147680FB1AF420AD163B9DCB1BE
:10BEF0002168C2F8141209B9C2F81832002323606D
:10BF000012E003460068E9E774B1196861B1D2F83C
:10BF10001842A14214BF0A68C2F818324FF0000458
:10BF20000CBF1C601A600C60F6B286F31188F0BD7D
:10BF300008B5F8F757F900B1806808BD70B50C4630
:10BF4000F8F750F96368064603B96060236806F1A4
:10BF50009400197802F01AFD0128054609D02368DB
:10BF600006F18C00197802F011FD012817D1002587
:10BF700013E0E368216813B10B78112BEFD1012294
:10BF80003046FFF7EDFC031E26DB2369E660002B3D
:10BF9000E5D023681B78112BE1D0284670BD2369BA
:10BFA000002BE4D1E368B342E1D0A36803B9A660F3
:10BFB0002368B0681978FAF7E9FB0028D7D0216820
:10BFC00001223046FFF7CCFC051EE6DBE568266162
:10BFD000003D18BF0125E0E71D46DEE730B587B01C
:10BFE00000230446CDE90233CDE904330D46019127
:10BFF000F8F740F920460D4901AAFAF74DFB041E57
:10C000000CDB049B53B9059B43B9039808B902980C
:10C0100048B101222946FFF7A3FC0446F8F738F996
:10C02000204607B030BD6FF00904F7E73DBF0008B8
:10C0300010B590F84020436F072A16D15A8A013A6A
:10C040005A82D0E9002464B91A6062B95C600023A6
:10C05000C0E900334367A0F84A10F9F78DFE88B9AC
:10C0600010BD2260F1E75460F1E71A8A013A1A82A2
:10C07000D0E9002424B99A60002AF4D1DC60E6E714
:10C080002260F9E7EFF30583002BE9D1022000DFFE
:10C09000E6E70A88504080EA0010C0B2030983EA4C
:10C0A000122343EA002383EAC0000880704713B5D7
:10C0B00004460846237862780DF1060143EA02231C
:10C0C000ADF80630FFF7E5FFBDF80630238002B07B
:10C0D00010BD000030B585B069460120F7F7CAFBF6
:10C0E000009C019A02984FF47A73A4FB034503FB6A
:10C0F0000255C117044A0023FBF7D0FC201845EB7A
:10C10000010105B030BD00BF40420F0010B5054829
:10C110004321FEF797F8041E02DB0348FEF7DFFB1E
:10C12000204610BD60540108455401082DE9F04F28
:10C130000668D3009B19036028BF4368DFB024BFA3
:10C140000133436000F128030C9300F140030446DF
:10C1500001911546C6F3C5060D930DF1780915B981
:10C160005FB0BDE8F08FC6F14007AF420C9B01996C
:10C1700028BF2F4698193A46F7F774F9019B3E44B9
:10C180003B44402E0193A5EB0705E8D123460EAAB8
:10C1900093F82B10117093F82A10517093F829100E
:10C1A000917093F82810D1700D990433994202F1DF
:10C1B0000402EDD1A3680293E36803932369049317
:10C1C00063690593A3690693E3690793236A089358
:10C1D0000EAF636A09930FCF4E460FC60FCF0FC63F
:10C1E0000FCF0FC697E80F0086E80F004A461020D1
:10C1F000936B17464FEAF34181EA734181EA932139
:10C200007B6A3F6852F8046F3B4419444FEAB643D7
:10C2100083EAF61383EAD603013019444028D16338
:10C22000E6D12F4B0B93DDE90376DDE907EC059BA7
:10C23000029ADDF824B006980A934FF000080B9B91
:10C2400059F828A053F8041B0B934FEAF02383EA14
:10C25000B013514483EA70630B442CEA000A00EAED
:10C260000E018AEA010119444FEA723A87EA06038D
:10C27000594413408AEAB20A07EA060B83EA0B0B19
:10C280008AEAB25A0A9B0A9608F10108DA44B8F120
:10C29000400F0B44E34651441BD1DDF8088088442D
:10C2A0000399C4F808801144049AE1603A44226179
:10C2B000059A32446261069A1A44079BA2610344BC
:10C2C000E361089B73442362099B63446362002615
:10C2D00045E73E46F446174686460A461846AEE708
:10C2E00010620108F8B58B78CF78FE2B0D46044616
:10C2F00001F10C0128D03E46012EF7B203D9721E7F
:10C30000885C002844D0237067702B79A3706B7908
:10C31000E370AB792371EB7963712B7AA3716B7A3C
:10C32000E371AB7A2372EB7A6372324604F10A004E
:10C33000F7F798F806F10A002E7916F00106204466
:10C3400018BF0D26092412E003704770AB79837083
:10C35000EB79C3702B7A03716B7A4371EA780630FC
:10C36000F7F780F8E87806302044002605242B886B
:10C3700003702B881B0A43702EB1324605F58B7172
:10C380000230F7F76FF83C4403343444A0B2F8BDF0
:10C390001646B1E7F0B50668F70893B0C7F177071E
:10C3A00004460D4607F03F078023472200210DF188
:10C3B00001008DF80030F7F763F807F148036B448C
:10C3C000320A03F8412C320C03F8422C626803F85D
:10C3D000406C110A03F8442C03F8451C360E110C6E
:10C3E000120E03F8436C03F8461C03F8472C694609
:10C3F00007F109022046FFF799FEE37A2B70A37A32
:10C400006B70637AAB70237AEB70E37B2B71A37B49
:10C410006B7113B0F0BDF8B5061E0F46144614DB61
:10C420009AB10025621B7919304602F0DDF9002827
:10C430000CDAF6F747F903680B2B04D0F6F742F94C
:10C440000368042B01D1A542ECD3F8BD284485B282
:10C45000F9E700002DE9F047DFF8EC8198F80C507F
:10C46000A2B015F0020504469DF8A80016D1D8F830
:10C470001030002B00F0C1801E7806F00106FD236D
:10C48000A37000F10C0354FA83F313F8017D1FB974
:10C490000138C0B20128F8D10A2704E0FE20A070BC
:10C4A000002618460627E070E1712272002E40F047
:10C4B000A68026710023637198F80630A3710133BA
:10C4C00088F80630A3788DF81430E378A07A8DF8D8
:10C4D0001530637A94F806C043EA0023E07A43EA11
:10C4E0000040DBB2002D00F08D808DF816C08DF875
:10C4F00017108DF818208DF819304FF6FF73BDB264
:10C50000ADF820300DF11509013DADB2002D40F020
:10C510008E80BDF82030E578ADF8063004F10C09C6
:10C52000CA460DF10601002D40F087809DF8AC0051
:10C53000FFF7AFFDE278BDF8063009F80230E27887
:10C540004A44190A51702380002E53D0D8F8101095
:10C5500000294FD00B78DE074CD54B7884F8163184
:10C56000D1E90232CDE90232C4F81731BDF80C30FE
:10C57000A4F81B31D1E90232013342F10002E6781E
:10C580003248C1E90232324A324BCDE90A23324BFA
:10C59000CDE90855CDE90C03304D314BCDE90E53B3
:10C5A000304B109303F174532022A3F52303A3F619
:10C5B00092430DEB020010311193FFF7B7FD3A469D
:10C5C00005A908A8FFF7B2FD3246494608A8FFF7BB
:10C5D000ADFD022209EB060108A8FFF7A7FD04F54F
:10C5E0008B7108A80722FFF7A1FD04F21D1108A80E
:10C5F000FFF7D0FE22B0BDE8F0872E463FE70123CB
:10C60000237157E725798DF816508DF81B30657921
:10C610008DF81750031200148DF818C08DF81910FA
:10C620008DF81A208DF81C308DF81D0065E719F87B
:10C63000010B08A9FFF72DFD66E71AF8010B013D74
:10C64000FFF727FDADB26CE70429002072F36E3CC2
:10C6500067E6096A85AE67BB3AF54FA57F520E5172
:10C660008C68059BABD9831F2DE9F041284BADF5B4
:10C67000147D1B680393BDF80C30934284468846B2
:10C68000174641D9234D142202FB075507AC2A69EE
:10C69000ADF818300923ADF81A7005928DF82C30DA
:10C6A00095E80F0084E80F0005AE0FCE4EAC0FC426
:10C6B00096E8070003C40023227016228DF8352166
:10C6C0008DF836318DF83731DC221923CDE900326F
:10C6D0004BA89CF809209CF80810FFF7BBFE4BA95B
:10C6E00005A8FFF7FFFD05A902464046FFF793FEA8
:10C6F0002869FAF787FC0137CDE90001039A06485B
:10C700002B463946FEF7C1F80DF5147DBDE8F081E2
:10C71000B86401089C0400206D5401082DE9F04F15
:10C72000ADF5577D0D460E9340F223134B43199000
:10C7300001EB4100BD49164601EBC001BC4A139113
:10C74000991C5118159103F58B7102EB030B5118CD
:10C7500016910BF21D11179103F10C0103F58A7369
:10C76000D318511818930BF21713129110931998AC
:10C77000802226A901F0A1FF031E149303DC0DF50E
:10C78000577DBDE8F08F00230F9318236B430D9363
:10C790000D9AA64BDFF898A29C1826AB0F9AD75C8F
:10C7A0004FF000032370E37840F22318102B2CD8AD
:10C7B000DFE813F0110011008D00AC00BF00C900CC
:10C7C000D300DD00E700FE001C0140015D01B10166
:10C7D000B101F601F601FD2F65D1944B182202FB41
:10C7E00005330222DA7040F223126A430AEB020197
:10C7F0004FF00000C870187B8F7020F00100187394
:10C800004FF0FF330AF802304B702378012B0AD126
:10C8100040F2231303FB05A39B796371238903B9BA
:10C8200063810133238140F2231303FB05A30E9997
:10C83000DA78F270E278CA7022790A71627901328C
:10C840004A7122890A81A2784A81227B0A734FF0B9
:10C850000002A2702278022A06D193F8152193F8DB
:10C86000143143EA02233380704A0D990D9BD3188B
:10C87000525C911E012900F2BA829A780D99013218
:10C880009A706A4A4FF00000FD2F505400F09F82CA
:10C890000122DA700F9B01330F930F9A149B93427E
:10C8A0007FF47BAF63E7FE2FAFD10D9A5F4B13444C
:10C8B0000222DA7040F223126A430AEB02014FF0BF
:10C8C0000000C870187B8F7040F0010097E7574B4D
:10C8D0000D9A08FB05A803EB02094FF0000389F845
:10C8E000043088F8037039465846FFF7E0FB99F8A2
:10C8F0000C30DB0743BF002388F8043088F805308C
:10C90000032348BF052389F803307EE708FB05A809
:10C9100017F0FE0F88F8047005D0A3780133A370D8
:10C920000123E37071E739465846FFF7C0FB042343
:10C93000F7E708FB05A8394688F805705846FFF761
:10C94000B6FB0523EDE708FB05A8394688F8067015
:10C950005846FFF7ACFB0623E3E708FB05A839467A
:10C9600088F807705846FFF7A2FB0723D9E708FBB2
:10C9700005A8394688F808705846FFF798FB082341
:10C98000CFE708FB05A80022584688F8097088F808
:10C990000A2088F80B203946FFF789FB237BD8074C
:10C9A00004D598F80330F3B30B23BAE70923B8E7AB
:10C9B00008FB05A8584698F80A1098F8093043EA89
:10C9C000012398F80B1043EA014343EA072188F852
:10C9D0000930C1F30723C1F3074188F80A3088F80A
:10C9E0000B103946FFF763FB0A239AE708FB05A8FB
:10C9F000584698F80A1098F8093043EA012398F845
:10CA00000B1043EA014343EA074188F80930C3F3B6
:10CA1000072388F80A30C1F3074388F80B303946FA
:10CA2000FFF745FBBDE70C237BE700BF042900208F
:10CA300075240020B14B182202FB0538394698F8BE
:10CA400004305A1C88F80420129A5846D754FFF72D
:10CA50002EFB40F2231303FB05A398F80420DB7898
:10CA60009A427FF4D2AE0C2388F80330CDE608FB5F
:10CA700005A8A34898F80A3098F8091041EA03215C
:10CA800098F80B304FF0E90C41EA03414FF00C0EDF
:10CA9000002303EB0C02013252080EFB02F850F89F
:10CAA0000880414504D202F1FF3C9C45F1D801E0E9
:10CAB0001346FAD80C22534300EB0308C35899429B
:10CAC00020D1584698F80410FFF7F1FA40F22313EA
:10CAD0006B430AEB03023AF80330207982F81471B1
:10CAE00098F80620DBB29F4214BF0E230D2390421C
:10CAF000E370BFF48AAE129B121A00211844F6F7B5
:10CB0000BFFC82E60E23E37040F2231303FB05A370
:10CB100083F8147179E60E2B21D008FB05F83AF85A
:10CB20000830B7EB132F14BF0223012340F2231266
:10CB300002FB05A22370117982F81571C90710D57F
:10CB4000022B17BF0F231023E37000230D9A0CBF95
:10CB5000E3702370694B13440D225A7355E6022388
:10CB6000E4E7236923B11B6B5BB92378022B14D153
:10CB70000123E37040F2231259463046F6F772FC67
:10CB800043E6907A517AD27A41EA002141EA0241A1
:10CB9000139898470028EBD1E7E703232370E7E7D2
:10CBA000564B182202FB053240F22311537B01FB46
:10CBB00005A11191C91A013BDBB281F823715373AE
:10CBC000002B7FF422AED2F81080B8F1000F00F0F5
:10CBD000F580DFF830C1DFF830E1D2F814904B4A2D
:10CBE000CDE98D334A4BCDE98FC34A4BCDE991E373
:10CBF000494BCDE99323494B959303F17453A3F526
:10CC00002303A3F69243202208F110018DA89693E6
:10CC1000FFF78CFA15990A228DA8FFF787FA119B66
:10CC20001299DA788DA8FFF781FA189902228DA857
:10CC3000FFF77CFA072216998DA8FFF777FA1AA951
:10CC40008DA8FFF7A7FB179906221AA802F0D0F8C3
:10CC50000146A8B1022388F8343023691B6B002BEE
:10CC600000F0AE8040F2231202FB05A2907A517AC6
:10CC7000D27A41EA002141EA0241139898477AE0CA
:10CC800000230022CDE91C23109B9BF816E11868B5
:10CC90009B881C90ADF87430B9F1000F0CD0B9F836
:10CCA00000C04A460B4699B28C4507D86ED1BCF1FC
:10CCB0000F0F13D90423CEE70323CCE71199C879CA
:10CCC000D178884207D11199087A1179884202D126
:10CCD000917871455AD001330932E4E7DDE91C024D
:10CCE0000F494018D8F8081042F100028842D8F8DD
:10CCF0000C108A4116D20523ADE700BF042900209D
:10CD00001857010867E6096A72F36E3C7F520E51AC
:10CD100085AE67BB3AF54FA58C68059BABD9831FE1
:10CD2000808D5B0040F2231101FB05A103EBC302E0
:10CD30004A44C879D070097A11710CF1010C82F85B
:10CD400002E0A9F800C0109903EBC303053309689A
:10CD500049F8031009EB0302109B9B889380DDE9DF
:10CD60001C03D8E9021281429A4138BFC8E9020384
:10CD7000012088F83400E378102B23D102230D9A88
:10CD80002370B24B13440122DA70F3E60020002135
:10CD9000CDE9460103EBC302053209EB020159F864
:10CDA000020046908A88ADF81C21DDE91CC2479933
:10CDB000604571EB0202C6D306234CE70120DAE797
:10CDC0001846D8E708B10123D9E70323D7E70222A1
:10CDD000DA7040F223136B430AEB03024FF00001B9
:10CDE000D1704FF0FF310AF80310517052E5002A5C
:10CDF0003FF450ADB37A717AF07AF27941EA0321C7
:10CE000041EA0041337A9248FDF73FFDB27A737AE6
:10CE100043EA0223F27A43EA0243202B2CD8132B55
:10CE200009D8002B7FF436ADE09B1B69002B3FF443
:10CE300031ADDB68D9E1143B0C2B3FF62BAD01A2E1
:10CE400052F823F007D00008A5CF0008A1D10008B0
:10CE500099D0000895C8000895C8000895C8000832
:10CE600095C8000895C8000895C8000895C800082E
:10CE700095C80008DFD100082B2B00F047814C2B10
:10CE80007FF408ADF778212F28BF21272122002128
:10CE90001CA8F6F7F5FA3A4606F10C011CA8F6F7BD
:10CEA000E1FA1C98FAF7AEF880462298BDF88C702B
:10CEB0008946FAF7A7F8CDE90A012198FAF7A2F80E
:10CEC000CDE908012098FAF79DF8CDE906011F98F1
:10CED000FAF798F8CDE904011E98FAF793F8CDE92E
:10CEE00002011D98FAF78EF84B46CDE90001424643
:10CEF00058483946FDF7C9FCBDF88C30BB2B4BD0E8
:10CF0000B3F5007F03D0B72B3BD0032006E01C987D
:10CF1000FAF754FD942814BF03200020BDF88C308C
:10CF2000ADF818314FF000038DF81B31002346AFE8
:10CF30004793ADF820318DF81A0197E8070090ABC0
:10CF400003C31A804D238DF83D324FF000038DF856
:10CF50003E328DF83F328F200A23CDE90030E09A2F
:10CF6000E099527A097A03238DA8FFF773FA8DA905
:10CF70003846FFF7B7F939460246E198FFF74BFA12
:10CF800088E4E09B1B69002BBFD01B68002BBCD042
:10CF9000E0981CA99847C1E7E09B1B69002BB4D01F
:10CFA0005B68F3E7F278022A4FF0000328BF022201
:10CFB00006F10C018DA8ADF83432F6F753FAE09A79
:10CFC0009DF83432127A9A4202D0002B7FF462AC80
:10CFD000214B22481B6811931946FDF756FCBDF8FA
:10CFE00044704FF000081FFA88F297427FF652AC67
:10CFF000DDE9E001FFF738FB41F2883001F08CFFFA
:10D0000008F10108EFE7F778142F28BF142714223E
:10D0100000218DA8F6F734FA3A4606F10C018DA8E6
:10D02000F6F720FAE09A9DF83632127A9A4202D048
:10D03000002B7FF42FACBDF93422511C1ED092B2CC
:10D04000DDE9E001FFF710FB24E400BF0429002024
:10D050008D540108B9540108B86401080455010849
:10D06000DFF898C1BBB2142010228EA900FB03C0C8
:10D0700001F0EDFE013728B94246E1E7604BB3F815
:10D08000009000271FFA87F8C145E9D85D488EA9AE
:10D09000FDF7FBFBFFF7FEBB96F803808DAFB8F101
:10D0A000170F28BF4FF01708172200213846F6F750
:10D0B000E7F9424606F10C013846F6F7D3F9504B32
:10D0C0001B8811934FF00008119A1FFA88F7BA4293
:10D0D0007FF6E0AB494B1FFA88F9142202FB0939AD
:10D0E0000DF23A211022484601F0B1FE08F1010884
:10D0F0000028E9D18D9BC9F8103000F07DFA011E9F
:10D1000002DA4148FDF7C1FB3A4699E7F278032A73
:10D110004FF0000328BF032206F10C011CA8ADF854
:10D1200070308DF87230F6F79DF9E09A9DF8703006
:10D13000127A9A4202D0002B7FF4ACAB3348FDF751
:10D14000CEFB9DF871308DF843324FF000038DF81F
:10D1500044320023CDF845322C239DF870208DF801
:10D160003D324FF000038DF842228DF83E328DF8AB
:10D170003F32DD220923CDE900324FF00001E09A71
:10D18000ADF84012E099527A097A04238DA8FFF78E
:10D1900061F98DA946A8FFF7A5F846A90246ECE675
:10D1A000F778192F28BF1927192200218DA8F6F723
:10D1B00067F93A4606F10C018DA8F6F753F98FA8E6
:10D1C00000F0F0FA002802DA11488FA960E70B4B53
:10D1D000142202FB00308D9B0361FFF75BBBE09BD9
:10D1E0001B69002B3FF456AB9B68002B3FF452ABFE
:10D1F000DDE9E00132469847FFF74CBB9C04002074
:10D20000B86401082F550108495501086B550108FC
:10D21000A05501082DE9F04FADF2347D0446FEF72C
:10D2200059FF05460F46FEF755FF182282468B46EA
:10D2300004A80021F6F724F9182200210AA8F6F71D
:10D240001FF940F223120021A8A8F6F719F940F2BD
:10D2500023120021F1A8F6F713F90123A372684BFA
:10D26000627A1B68217A6748FDF70FFBA37A03F007
:10D27000FF001BB90DF2347DBDE8F08FFEF72AFFE9
:10D280006368002B064689460DDAB0EB0A0261EBB3
:10D290000B03B2F5FA6F73F1000304D3FEF736FF08
:10D2A000B2466060CB46626823681093002A4FF054
:10D2B0000103A8BFCDE9162311930292A8BF022350
:10D2C000721B039369EB0703B2F57A7F73F10003D6
:10D2D0005CD34D4BCDF810364FF000084FF00303F0
:10D2E0000DF20C65CDF80C868DF8143695E8070024
:10D2F0000DF2F44303C31A700923322262AFCDE961
:10D3000000320121CC220DF59D608DF8F1848DF85D
:10D31000F2848DF8F384FFF79DF83C49C7F800804C
:10D320004FF003033B72796097E807000DF5C36C7B
:10D33000ACE8030009238CF80020322285F809802C
:10D3400085F80A8085F80B802846CDE90032217ADD
:10D35000627AFFF77FF80DF59D611CA8FEF7C2FF0A
:10D36000294680463846FEF7BDFF0546206800285E
:10D3700003DB42461CA9FFF74EF86068002803DB78
:10D380002A463946FFF747F835464F460399322279
:10D3900010A8F4F7B1FD00287FF768AF129BDB07F8
:10D3A00007D5206804ABCDE90040A8AA0021FFF70B
:10D3B000B5F9029B002BFFF659AF189B13F001083B
:10D3C00008D060680AABCDE90040F1AA0121FFF75F
:10D3D000A5F94BE713F0180F3FF448AF0C48FDF7E1
:10D3E0007EFA6068F5F72AF94FF0FF336360182280
:10D3F00041460AA8F6F744F8B246CB4636E700BFE6
:10D40000B8640108D25501081208000402000004A3
:10D41000045601082DE9F041DFF80C8188B00F4671
:10D4200016460021142205461C46F6F729F8D8F8BE
:10D430002801FAF7C3FA2872D8F83C01FAF7BEFAC5
:10D440000E9B2B614FF0FF336872EC606B604321E1
:10D450003846FCF7F7FE041E1FDAF5F733F93946B4
:10D4600002683248FDF711FAF5F72CF904686442B6
:10D47000002C2C600DDB324639462D48FDF705FAAD
:10D48000FEF744FE0028686002DA2A48FDF727FA12
:10D490000024204608B0BDE8F081B6F5E13F0CD08D
:10D4A000B6F5612F1BD0B6F5614F03D02248314647
:10D4B000FDF7EBF941F2010801E041F2020869468B
:10D4C000204601F00FFD00280CDAF5F7FBF80168A3
:10D4D0001A48FDF7DAF92046F5F7B0F8C4E741F24B
:10D4E0000708ECE7684601F0E7FC4146684601F0B2
:10D4F000C1FC4146684601F0BDFC029B23F020437D
:10D5000043F408636A4600212046029301F0EFFCD1
:10D51000002804DAF5F7D6F801680948D9E70221AE
:10D52000204601F0DAFCA3E79C0400201F56010806
:10D53000C8560108EB560108445601087A560108FE
:10D54000A156010810B504460068002804DBF5F771
:10D5500075F84FF0FF3323606068002804DBF5F7AF
:10D560006DF84FF0FF33636010BD000037B5114B0D
:10D57000114D0193D5F80C3CDB030CD4D5F80C1CF1
:10D5800011F0F20413D00D48FDF77FF9C5F80C4CEB
:10D590006FF0040009E0019B013B0193002BE9D1EE
:10D5A0000748FDF79CF96FF06D0003B030BD2046D1
:10D5B000FBE700BF00E1F5050030024032630108DF
:10D5C00010630108084B1B7863B10849084A10230F
:10D5D00051F8040B1061013B02F11402F8D1054827
:10D5E000FDF77DB9704700BF702C0020F02B0020A4
:10D5F0009C040020536301082DE9F74FDFF8788180
:10D600005E4D4FF42372FF214046F5F739FF5C4A27
:10D6100010230024C8E90023264608F10C030F223A
:10D620002946184601F0FCFB01342A69C6730346FB
:10D63000102C026103F1140305F11405EFD1DFF89A
:10D6400038A100235246D169013C83EA010302F16B
:10D650001402F8D14B4A4C48C8F808301021FDF7A5
:10D6600014F9EFF31189802383F31188474BD3F822
:10D67000102C002ABFBF464AC3F8042C02F188329E
:10D68000C3F8042CFFF772FF051E40DB3F4ED6F8AF
:10D69000103C23F0780343F40E7343F00203C6F802
:10D6A000103CD6F8103C43F48033C6F8103CFFF72A
:10D6B0005DFFD6F8103C23F07A03C6F8103C05460F
:10D6C00028BB40F2012B5AF8042B0192FFF74EFFC2
:10D6D000071E16DBD6F8103C43EA0B03C6F8103CD5
:10D6E000A30003F1006303F5C023019A1A60FFF75A
:10D6F0003DFFD6F8103C071E23F00103C6F8103C8E
:10D700001ADA24483A462146FDF7BFF83D461F4A3B
:10D71000D2F8103C43F00043C2F8103C5FFA89F99C
:10D7200089F31188002D0BDA1B482946FDF7ADF867
:10D73000284603B0BDE8F08F0134A32CC3D1E6E73F
:10D74000104BD8F800201968914209D1D8F804008C
:10D750005A68824204D1D8F808009B68834205D0F9
:10D760000E48FDF7BCF86FF00405E1E70C48FDF743
:10D770008CF80025DCE700BF642900209C04002011
:10D78000EFBEADDE000006086D6301080030024008
:10D790002301674595630108C2630108E26301083C
:10D7A0000064010870B5054660B1084E00241022DF
:10D7B0002946304601F04BFB30B10134102C06F104
:10D7C0001406F4D14FF0FF34204670BD9C040020B5
:10D7D00073B50E480E4D0F4E1021FDF756F800247C
:10D7E0002869F9F70FFC2A46CDE9000121463046A9
:10D7F0000134FDF74AF8102C05F11405F0D1064864
:10D8000002B0BDE87040FDF76AB800BF3764010898
:10D810009C040020566401087464010810B50C498A
:10D820000B785BB90B4A0C481023146940F8044B81
:10D83000013B02F11402F8D101230B70074908489B
:10D84000FDF723F8FFF7BEFEFFF7C2FF002010BD73
:10D85000702C00209C040020F02B00200000060803
:10D86000936401082DE9F04F037B8BB005460E460B
:10D87000002B57D0D0F80080B8F1000F52DB002900
:10D8800053D0DFF8ACB0D0F808A057004FF014091F
:10D8900009FB07B307FB09991869FAF78FF8D94410
:10D8A0000446A245D9F8100005D3FAF787F8504589
:10D8B00028BF504604462022002102A8F5F7E0FDCB
:10D8C0001C4A2B79009696428DF80A301ED8B2FB7E
:10D8D000F6F200232004210CFAF7E0F8B0F5803FBF
:10D8E00071F10002034601D34FF6FF736A4640F61A
:10D8F000014140460193FCF799FB002808DAF4F750
:10D90000E1FE006840420BB0BDE8F08F0023EDE778
:10D910002868002240F60341FCF788FB0028EEDB74
:10D920000020F0E76FF00800EDE76FF01500EAE780
:10D930009C04002040420F00F8B50E460546F0B1A9
:10D9400090F868400CB10020F8BDA1F13203B3F5A6
:10D95000AF7F14D86C222146F5F792FD6E66012345
:10D96000084E85F868304FF0FF37D6F80001FAF717
:10D9700025F8A042E7D923010134EF50F5E76FF015
:10D980001500E1E79C0400202DE9F8430D461746F9
:10D990009946044600283DD090F86830D3B3C9B307
:10D9A0001F4B90F86060D3F80001FAF707F8864241
:10D9B00033D202212846FCF745FC061E06DAF4F7AE
:10D9C00081FE05686D422846BDE8F88394F8602022
:10D9D0004FEA021804EB021044F8086001230771B3
:10D9E000C0F808900373616E0746FFF73BFF051E02
:10D9F00009DA3046F4F722FE4FF0FF3344F80830DE
:10DA000000233B73DFE794F86030013384F8603023
:10DA10000025D8E76FF01505D5E76FF00B05D2E7C5
:10DA20009C04002030B4034680B190F8680068B1CF
:10DA300093F86000884209D903EB0110057B2DB1F2
:10DA4000826030BC0A46596EFFF70CBF6FF01500BC
:10DA500030BC7047F8B50E460546A8B190F868305E
:10DA600093B189B190F860700024974228BF17469F
:10DA70002046BC4200DBF8BD56F82420E1B228461F
:10DA8000FFF7D0FF0134F4E76FF01500F3E770B54E
:10DA9000044640B190F868302BB10546002694F852
:10DAA0006030B34200DC70BD2B7B3BB1286800289E
:10DAB00004DB002240F60441FCF7B8FA01361035C9
:10DAC000EDE72DE9F041044688B190F8683073B174
:10DAD000002600F10C054FF0FF37B04694F8603097
:10DAE000B34206DC002384F8603084F86830BDE877
:10DAF000F0812B7883B155F80C0C002808DB00224C
:10DB000040F60441FCF792FA55F80C0CF4F796FD38
:10DB100045F80C7C85F8008001361035DEE7000002
:10DB200010B5014604460548FDF71BF82046044A97
:10DB30000449BDE8104000F05DBF00BF2C6501083E
:10DB4000BC6401083465010870B50023466A0362AD
:10DB50000446D4E907232068D21A314600F0ADFD0F
:10DB6000051E17DAF4F7AEFD0368042B1AD0022065
:10DB7000FDF72AF80446F4F7A5FD006801F024F942
:10DB80000D4A0E490346204600F034FF4FF0FF35A2
:10DB9000284670BD236A2B4423622E4402D1012300
:10DBA0002376F5E7D4E907329A4202D2002DD0D18C
:10DBB000EEE70025ECE700BFBC640108BD65010885
:10DBC0002DE9F04F9FB00C4603902822002114A8A5
:10DBD000F5F756FC4FF400731B934FF0FF334FF0F3
:10DBE000000816932623199304344FF00109464682
:10DBF0004546039B99450DDBB8F1000F00F0978077
:10DC00000120FCF7E1FFFFF78BFF002420461FB047
:10DC1000BDE8F08FA3492068032201F018F928B964
:10DC20002568033509F101090434E2E79E492068BB
:10DC3000032201F00CF910B926680336F2E79B497C
:10DC40002068032201F003F928B92068033000F0AE
:10DC5000DEFE1B90E6E796492068062201F0F7F801
:10DC600028B92068063000F0D2FE1690DAE7914914
:10DC70002068052201F0EBF828B92068053000F093
:10DC8000C6FE1790CEE78C492068052201F0DFF828
:10DC900028B92068053000F0BAFE1890C2E787491D
:10DCA0002068062201F0D3F820B9199B43F0010344
:10DCB0001993B7E782492068052201F0C8F840BBF4
:10DCC000236803F1050B2C215846FDF706F807469B
:10DCD000B0B1A0EB0B0ABAF1070F40F043827949CB
:10DCE0005246584601F084F8002840F03382199BD0
:10DCF00023F020031993002F94D007F1010BE2E7E2
:10DD00005846FCF7FFFF8246E5E7199B23F0240302
:10DD1000F0E76D492068FCF7EBFF28B10220FCF723
:10DD200053FFFFF7FDFE27E24FF001087AE7199B4A
:10DD3000DB070FD505B16EB90220FCF745FF04469D
:10DD4000162001F041F8614A61490346204600F07F
:10DD500051FEE3E71B98F5F7AFFB1D9078B9022061
:10DD6000FCF732FF0446F4F7ADFC006801F02CF834
:10DD7000564A58490346204600F03CFEFCE10DBBE4
:10DD80001495002E43D101231593179B002B71D0BE
:10DD90001B9914980022594300F0F5FB002869DA1A
:10DDA0000220FCF711FF0446F4F78CFC006801F038
:10DDB0000BF8464A48490346204600F01BFE4FF048
:10DDC000FF3411E101212846FCF73CFA00281490A9
:10DDD000D7DA0220FCF7F8FE0446F4F773FC00687B
:10DDE00000F0F2FF394A00903C4920462B4600F0F3
:10DDF00001FE4FF0FF341D98F5F756FB002CFFF69F
:10DE000005AF159C002CFFF601AF149CFEE6199996
:10DE10004FF4D2723046FCF715FA00281590B4DAA8
:10DE20000220FCF7D1FE0446F4F74CFC006800F039
:10DE3000CBFF264A009029492046334600F0DAFD00
:10DE40004FF0FF34002DD6D01498F4F7F7FB0028DC
:10DE50001490D0DA0220FCF7B7FE0546F4F732FC46
:10DE6000006800F0B1FF194A1D490346284600F03A
:10DE7000C1FDC0E7189BBBB31B99159800225943FD
:10DE800000F081FB00282FDA0220FCF79DFE0446FB
:10DE9000F4F718FC006800F097FF0C4A114903469C
:10DEA0008AE700BFD5650108D9650108DD6501086D
:10DEB000E1650108E8650108EE650108F4650108FF
:10DEC000FB6501080166010828660108BC640108B9
:10DED0002F6601084B660108826601086566010825
:10DEE000C36701089B66010804A90120F5F7C2FC7D
:10DEF0004FF000094F46C8469DF868A0BAF1000FE0
:10DF000003D1169B9945C0F0898008A90120F5F737
:10DF1000B1FC9D4A08980999049BDDF814C0A0FB48
:10DF2000020402FB01440A99401844EBE174A3FB8C
:10DF3000023102FB0C11069A9B1841EBE271C01AE8
:10DF400064EB01014FF47A720023F9F7A7FD044650
:10DF500002208B46FCF738FE43463A46CDE9009452
:10DF60008A4900F047FD0220FCF72EFE414682461A
:10DF70003846F9F769F8864B0022F9F79BF8804696
:10DF8000894620465946F9F75FF87DA3D3E9002377
:10DF9000F9F7BAF902460B4640464946F9F7B4F993
:10DFA000F9F71CFF7B490246504600F023FD199803
:10DFB00010F0010418D01799149809B11B9B59430C
:10DFC000002200F0E0FA041E53DA0220FCF7FCFD08
:10DFD0000746F4F777FB006800F0F6FE6E4A6F49DB
:10DFE0000346384600F006FD002E3FF42BAF15988F
:10DFF000F4F724FB00281590BFF624AF0220FCF7AD
:10E00000E3FD0646F4F75EFB006800F0DDFE624AC1
:10E0100063490346304600F0EDFC13E714A8FFF710
:10E0200093FD041EE0DB1C9B002B3FF465AF1D9CA1
:10E030001C9A1598A2EB0A02214600F0D5FB002895
:10E040000CDA0220FCF7C0FD0446F4F73BFB006845
:10E0500000F0BAFE504A53490346ADE61C9B824489
:10E060009A450444E4D3DF1909F1010948F1000895
:10E0700042E7002715988DF868703A46394600F057
:10E0800082FA041E0CDA0220FCF79EFD0746F4F724
:10E0900019FB006800F098FE3F4A43490346A0E799
:10E0A0001B98F5F709FA804600283FF488AE9DF8E2
:10E0B0006830F3B9169B9F421BD214A8FFF744FDAA
:10E0C000041E3CDB1C9A1598414600F0F6FA1C9B96
:10E0D0008342044615D00220FCF776FD002C07464B
:10E0E0000DDAF4F7EFFA03682B4A3049384600F0AE
:10E0F00081FC002C23DB4046F5F7D6F974E7234674
:10E10000F2E7024641461D9800F072FE00B33B461E
:10E11000274A20210CA8FCF7CAFBDDE91C210CA82A
:10E1200000F06CFB234A3B4620210CA8FCF7BFFB08
:10E130001C9A41460CA800F061FB4FF0FF3402200E
:10E14000FCF742FD144A1C49234600F053FCD2E779
:10E150000137ACE719495246584600F049FE0028FD
:10E160003FF4D3AD0220FCF72FFD0B4A1449CDF844
:10E1700000B0534600F03EFC4FF0FF3446E500BFD0
:10E180000000000080842E4100CA9A3BD766010837
:10E190000000503F01670108BC6401080A670108DC
:10E1A000A6670108BE6601082867010847670108DD
:10E1B000656701087667010889670108DF6701085C
:10E1C0000966010837B504460D46002001A9F7F796
:10E1D000C1FF019B642B05D0642301A9002001939A
:10E1E000F7F7E0FE00F0C3FE2946204600F080FF6E
:10E1F00003490246022000F0D8FB012003B030BDE5
:10E20000E767010800F0C6BE4FF0FF0C1CEAD052D1
:10E210001EBF1CEAD15392EA0C0F93EA0C0F6FD089
:10E220001A4480EA010C400218BF5FEA41211ED067
:10E230004FF0006343EA501043EA5111A0FB013153
:10E240000CF00040B1F5000F3EBF490041EAD37128
:10E250005B0040EA010062F17F02FD2A1DD8B3F1A4
:10E26000004F40EBC25008BF20F00100704790F013
:10E27000000F0CF0004C08BF49024CEA502040EA65
:10E2800051207F3AC2BFD2F1FF0340EAC25070472B
:10E2900040F400004FF00003013A5DDC12F1190F69
:10E2A000DCBF00F000407047C2F10002410021FADB
:10E2B00002F1C2F1200200FA02FC5FEA310040F1F3
:10E2C000000053EA4C0308BF20EADC70704792F06C
:10E2D000000F00F0004C02BF400010F4000F013AA4
:10E2E000F9D040EA0C0093F0000F01F0004C02BF9F
:10E2F000490011F4000F013BF9D041EA0C018FE70E
:10E300000CEAD15392EA0C0F18BF93EA0C0F0AD013
:10E3100030F0004C18BF31F0004CD8D180EA010039
:10E3200000F00040704790F0000F17BF90F0004FD2
:10E33000084691F0000F91F0004F14D092EA0C0FB4
:10E3400001D142020FD193EA0C0F03D14B0218BF47
:10E35000084608D180EA010000F0004040F0FE408D
:10E3600040F40000704740F0FE4040F44000704729
:10E370004FF0FF0C1CEAD0521EBF1CEAD15392EAA8
:10E380000C0F93EA0C0F69D0A2EB030280EA010C98
:10E3900049024FEA402037D04FF0805343EA111131
:10E3A00043EA10130CF000408B4238BF5B0042F18F
:10E3B0007D024FF4000C8B4224BF5B1A40EA0C0034
:10E3C000B3EB510F24BFA3EB510340EA5C00B3EB66
:10E3D000910F24BFA3EB910340EA9C00B3EBD10F54
:10E3E00024BFA3EBD10340EADC001B0118BF5FEAA6
:10E3F0001C1CE0D1FD2A3FF650AF8B4240EBC250CF
:10E4000008BF20F0010070470CF0004C4CEA50208F
:10E410007F32C2BFD2F1FF0340EAC250704740F4DE
:10E4200000004FF00003013A37E792F0000F00F0D0
:10E43000004C02BF400010F4000F013AF9D040EA4E
:10E440000C0093F0000F01F0004C02BF490011F4E2
:10E45000000F013BF9D041EA0C0195E70CEAD153DA
:10E4600092EA0C0F08D142027FF47DAF93EA0C0FC1
:10E470007FF470AF084676E793EA0C0F04D14B02A5
:10E480003FF44CAF08466EE730F0004C18BF31F057
:10E49000004CCAD130F000427FF45CAF31F0004351
:10E4A0007FF43CAF5FE700BF4FEA40024FEA410311
:10E4B0007FEA226C02D15FEA402C08D17FEA236C0C
:10E4C00002D15FEA412C02D14FF0000070474FF0BB
:10E4D0000100704738B504464518AC4202D014F824
:10E4E000010B00B938BDF2F751FAF6E730B5154621
:10E4F00087B00C4601A800F0E3FB21462A6801A87A
:10E50000F4F754FE059B0A2B044604D0029B0A2113
:10E5100001A898470134204607B030BD70B5C668E1
:10E5200004460B4615463EB176692EB136691EB1DA
:10E53000B04700280DDA70BD012D05D0022D0AD09C
:10E5400025B16FF01500F6E7A2681344002BF8DB45
:10E55000A360A068EFE76FF02500ECE773B50D4608
:10E56000164601A90022F3F7C2FE041E08DB01983B
:10E5700032462946FFF7D2FF04460198F3F7D1FE51
:10E58000204602B070BD10B5FFF7E8FF041E08DAA0
:10E59000EFF305831BB9F4F795F8644204604FF07C
:10E5A000FF34204610BD2DE9FF4780461746002A5C
:10E5B00053D0002953D000230A1DBB421FDBD8F8DB
:10E5C0000030DB074ED5D8F80C90B9F1000F4CD0D5
:10E5D000D9F81430002B48D05E6AC6B13A46684676
:10E5E000F3F740FD044630B9D9F8143069465B6A48
:10E5F000404698470446204604B0BDE8F08751F8ED
:10E60000330010B952F8330048BB0133D5E79B689B
:10E610005BB30D4634466FF0004AB742EBDD6A68E3
:10E62000C2B1AAEB04039A4204D9002C08BF6FF0D0
:10E630001504E0E7D9F8143029689B6840469847EC
:10E64000002803DA002C08BF0446D4E76B68834235
:10E650000444D0D801360835DFE71446CBE76FF025
:10E660000D04C8E76FF00C04C5E76FF00804C2E7BB
:10E6700073B50D46164601A90022F3F738FE041EB5
:10E6800008DB019832462946FFF78DFF04460198C2
:10E69000F3F747FE204602B070BD10B5FFF7E8FF64
:10E6A000041E08DAEFF305831BB9F4F70BF8644294
:10E6B00004604FF0FF34204610BD07B5CDE90012CD
:10E6C00001226946FFF7E9FF03B05DF804FB2DE97D
:10E6D000FF4703689B078046174652D5002A53D050
:10E6E000002953D000230A1D9F421BDCD8F80C9050
:10E6F000B9F1000F4DD0D9F81430002B49D09E6AE3
:10E70000C6B13A466846F3F7ADFC044630B9D9F8CD
:10E71000143069469B6A404698470446204604B038
:10E72000BDE8F08751F8330010B952F8330068BBE8
:10E730000133D9E7DB6863B30D4634466FF0004A16
:10E74000B742EBDD6A68CAB1296829B3AAEB0403B2
:10E750009A4204D9002C08BF6FF01504DEE7D9F8FF
:10E7600014304046DB689847002803DA002C08BFC5
:10E770000446D3E76B6883420444CFD8013608359A
:10E78000DEE76FF00C04C9E71446C7E76FF00D042D
:10E79000C4E76FF00804C1E76FF01504BEE773B576
:10E7A0000D46164601A90022F3F7A1FD041E08DB61
:10E7B000019832462946FFF78AFF04460198F3F78D
:10E7C000B0FD204602B070BD10B5FFF7E8FF041E93
:10E7D00008DAEFF305831BB9F3F774FF64420460B2
:10E7E0004FF0FF34204610BD07B5CDE900120122DD
:10E7F0006946FFF7E9FF03B05DF804FB07B5CDE913
:10E8000000120122694600F081F803B05DF804FBB4
:10E810000EB403B503AA062052F8041B0192FCF7BC
:10E8200085FA02B05DF804EB03B070472DE9F04FB4
:10E8300093B00C46DDF870A090469946A3B120B184
:10E840000B68304902465046C84700262023DFF8AF
:10E85000B8B08DF834308DF8456004EBC808354603
:10E86000A04501D0636813B913B0BDE8F08F0DF176
:10E87000350201A800274FF0200C236813F805E0AB
:10E880005919BEF19F0F4FEA1E1394BF303357330F
:10E8900003700B7803F00F03092B94BF3033573309
:10E8A000437080F802C00B78A3F120015E2988BF75
:10E8B0002E23137063680135AB4200F103001AD1B7
:10E8C0000834A04516D1A7EB87022D322021F4F79A
:10E8D000D7FD01AB07F13200C7F10F022021184428
:10E8E000F4F7CEFD0025324601AB59465046C847E5
:10E8F0001036B5E700250137102F02F10102BCD117
:10E90000F1E700BF0E6801081868010807B5002389
:10E910000093034BFFF78AFF03B05DF804FB00BFD1
:10E9200011E800083F290DD84A11012301F01F0109
:10E9300003FA01F150F8223023EA010340F82230B3
:10E94000002070476FF01500704710B50B68146811
:10E95000234003604B68526813404360002010BDA1
:10E9600010B50B681468234303604B685268134367
:10E970004360002010BD10B50B681468634003604D
:10E980004B68526853404360002010BD3F299FBF31
:10E990004B1101F01F0150F8230020FA01F194BF40
:10E9A00001F001006FF0150070470EB403B503AA23
:10E9B00052F8041B019200F005F802B05DF804EB78
:10E9C00003B0704730B59DB00C46014601A815460E
:10E9D00000F036F901A906A800F0B6F921462A464A
:10E9E00006A8F4F7EDFB099B044606A898472046C5
:10E9F0001DB030BD0EB403B503AA52F8041B01923A
:10EA0000FCF7BFF802B05DF804EB03B070470A22D0
:10EA1000002100F000B873B50C460190164600289E
:10EA200038D001A800F0C4F9019B1D782D2D01D02C
:10EA30002B2D15D10133019301983246214600F068
:10EA40002BF82D2D12D1B0F1004F0BD9EFF3058328
:10EA50001BB9F3F737FE222303604FF0004003E0B9
:10EA60000025E9E7F9D040426CB913E0002808DA44
:10EA7000EFF305831BB9F3F725FE222303606FF044
:10EA800000403CB135B1236813F8012CAA4201D1F2
:10EA9000013B236002B070BD2DE9FF474FF0FF330B
:10EAA00001900E4614460393074600286ED001A835
:10EAB00000F07EF9019B93F80080B8F12D0F02D091
:10EAC000B8F12B0F20D10133019301A9204600F0AA
:10EAD00061F8051E1BDAEFF30584002C52D1F3F721
:10EAE000F1FD162303607EB3B8F1000F06D0019B41
:10EAF00013F8012C424501D1013B0193039B0133E3
:10EB000018BF019F37601FE04FF00008DDE74FF0AE
:10EB1000FF39B9FBF5F905FB09FA6FEA0A0A002487
:10EB2000019B03AA1878294600F020F980B9019BBF
:10EB300003AA1878294600F019F9F8B9B8F12D0F91
:10EB4000D1D16442002ED2D1204604B0BDE8F08776
:10EB50004C4503D8039B0BD19A4509DAEFF30583A3
:10EB60001BB9F3F7AFFD222303604FF0FF34DEE75C
:10EB700004FB0534019B01330193D1E7019B013371
:10EB80000193D4E70024AEE73C46B7E70029FBD168
:10EB90000C46D9E770B50E460D680446D8B92B78F7
:10EBA000302B2AD102460821687800F0DFF820B126
:10EBB000013508243560204670BD6B7803F0DF0313
:10EBC000582B1AD1A8782246102100F0CFF8A0B116
:10EBD00002351024EEE7102809D12B78302BE9D12B
:10EBE0006B7803F0DF03582BE4D10235E2E7831E94
:10EBF000182BDFD94FF0FF30DEE70A24DAE770B5D3
:10EC000004460D461646206932462946FFF7ECFDBC
:10EC1000002803DB23680344236070BDF3F752FD33
:10EC200000680428EFD04042F7E707B501228DF8CD
:10EC300007100DF10701FFF7E2FF03B05DF804FBD9
:10EC4000044B4360044B8360044BC36000230360A8
:10EC5000016170472BEC0008FFEB000881290008D8
:10EC600070B505460E46144682B18B1813F8013C68
:10EC700003612146304604F015FB002803DB2B68B6
:10EC800003442B6070BD031DF3D0FBE71046F9E78A
:10EC90000D2937B504460D4601610BD001210DF158
:10ECA00007008DF8075004F0FDFA002804DB236804
:10ECB0000133236003B030BD0430EFD0FAE7000029
:10ECC000044B4360044B8360002303600361034BE8
:10ECD000C360704791EC000861EC000881290008CE
:10ECE00010B5044600696269836804F11801984709
:10ECF0000028A4BF0023636110BD2DE9F0414369E2
:10ED00009F18402F04460E46154608D9C3689847F9
:10ED100020692A4631468368BDE8F041184718301B
:10ED20001844F4F79FFB63692B4463612846BDE8F0
:10ED3000F08107B501228DF807100DF10701FFF7EB
:10ED4000DCFF03B05DF804FB054B4360054B8360BB
:10ED5000054BC3600023C0E904130360704700BF84
:10ED600033ED0008FBEC0008E1EC00080A2909DC9F
:10ED70002F281BDD2F31814218DB303802B11060A3
:10ED800001207047242911DCA0F13003092BF4D9AC
:10ED9000602804DD5631814208DB5738EEE7402811
:10EDA00004DD3631814201DB3738E7E70020704768
:10EDB00070B5056804462E460135307800F0C8F875
:10EDC0000028F8D1266070BD08B5064A0346132115
:10EDD0000548FBF76CFD054A034B1228CCBF1046D3
:10EDE000184608BD30680108712C0020226801080F
:10EDF0000244904201F1FF3106D1002070474FF0EC
:10EE0000FF300CE001200AE010B5047811F8013F52
:10EE10009C42F4D3F6D801309042F6D1002010BDC8
:10EE20000244904201F1FF3103460ED170479342F4
:10EE300007D011F8014F03F8014B002CF7D1934292
:10EE400000D110BD03F8014BF9E710B5F1E70A4412
:10EE5000914200F1FF3301D10020704710B513F843
:10EE6000014F11F8010B201A03D114B19142F6D1D0
:10EE7000002010BD30B50F4B0022D3E900548C4266
:10EE800009D1C561836823F4805323F00F0319432C
:10EE90008160002030BDA94202D1C1612146F1E765
:10EEA00001321F2A03F10803E7D1C1614FF48051F9
:10EEB000E8E700BF44680108036823F4BD6323F05A
:10EEC00003030360436823F001034360C36823F432
:10EED000004323F04B03C36070470A464FF48A7126
:10EEE000FBF7A4B80A4640F20111FBF79FB870B5D2
:10EEF000044616460D4639B100F034F8022D03D110
:10EF000000212046FFF7E9FF324620464FF4817189
:10EF1000BDE87040FBF78AB81FB5002388B10A49E5
:10EF20000A4AB0FBF2F2CDE90023A2FB012112183C
:10EF30004FF47A704243029219466A461846FCF72B
:10EF400023FB05B05DF804FBC0BDF0FF40420F009D
:10EF5000202805D0093804288CBF002001207047E4
:10EF600001207047002240F21511FBF75FB800F056
:10EF700015B808B5054602F001000E4601F02AF961
:10EF8000334600212A46044600F02EF8E36A014683
:10EF90002046984708B50122FFF7EBFF08B50C485B
:10EFA000F4F7BAFC68B10A48F4F7B6FC1E22014631
:10EFB0000848F4F72FFABDE808400749054804F06F
:10EFC00092BFBDE808400549024804F09CBF00BF5D
:10EFD0003C690108DC05002043690108406901081B
:10EFE00000487047DC050020F7B5044617461D466B
:10EFF00049B1D0F8B4623548FBF784FE3349024684
:10F000003046FFF7F1FB012F25DC04F52F76D4F80D
:10F01000B472FFF7E5FF0546FFF7E2FFFBF772FE6C
:10F02000294602463846FFF7DFFBD4E9AC234021EE
:10F03000304600F0A5F8013040D1D4F8B842F3F7DB
:10F0400041FB03680093224A224B23492046FFF7E5
:10F05000ACFC00260AE021496868FBF749FE064639
:10F0600038B9E3692A681E4920469847304603B0FC
:10F07000F0BD1C496868FBF73BFE78B9022F06D04B
:10F08000A968204603B0BDE8F04000F0B1BFA36915
:10F090002A681549204698470126E7E7D5E9001276
:10F0A00013782D2B03D10A46A3691049F2E70123F7
:10F0B000204603B0BDE8F04001F0D2B8314620460A
:10F0C00000F096FFFFF76AFFA1E700BF816B010820
:10F0D0007D690108746901084F6A010846690108E1
:10F0E0004969010871690108286A0108456B01082E
:10F0F00070B5054601200E4601F06CF8044640B19B
:10F10000334601212A46FFF76FFFE36A0146204696
:10F1100098476FF00B0070BD0069002801DBFFF716
:10F1200063BB704713B503698DF80710002B0446C5
:10F130000CDB206901220DF10701FFF755FB0028C8
:10F1400003DAF3F7BFFA0368042BF2D002B010BD64
:10F1500013B50446E06801220DF10701FFF7ADFA8F
:10F16000002803D14FF0FF3002B010BD05DAF3F7ED
:10F17000A9FA0368042BEDD0F4E79DF80700F3E744
:10F180002DE9F04106468EB010460F4614469846CB
:10F1900004F0C1FE90B106A92046FFF7A3FE099D29
:10F1A000AA070BD525F0020506AA002120460995DD
:10F1B000FFF79DFE099B43F0020309930F4B019358
:10F1C0000F4B02933A460F4B0494314601A8039328
:10F1D000CDF8148000F018F80546204604F09BFE98
:10F1E00038B1099B9B0704D506AA00212046FFF7EA
:10F1F0007EFE28460EB0BDE8F08100BF51F1000848
:10F2000025F1000819F10008012A2DE9F04706460A
:10F210000F46904604DC00240C702046BDE8F087C1
:10F2200083682849DFF89C90032298470025AA4666
:10F23000336830469847431C04460DD1002DECD06E
:10F2400000237B552C46E8E74FF0000AF0E74FF02B
:10F25000010AEDE71D46EBE7BAF1000F09D05B2884
:10F26000F2D1BAF1020F0CBF4FF0000A4FF0020AC0
:10F27000DEE7082801D07F280CD1002DE4D0736888
:10F28000304608219847B368032249463046013D7D
:10F290009847CDE71B28DAD00A2804D16C1C785592
:10F2A00007F804A0B9E7C0B2F3F703FA0028BFD10A
:10F2B0007C556B1C02354545CCDB07F803A01C468A
:10F2C000ABE700BF8969010890F88F3200EBC303F8
:10F2D000024693F894329909032902D113F00100F0
:10F2E0000CD092F89002024492F8910283070CD459
:10F2F0008309022B05D0032B04D0012000F001006C
:10F300007047C04300F00100F8E70020F6E7000076
:10F310002DE9F843804691460C46C1B10846FBF7FB
:10F32000F1FC07464846FBF7EDFC461C3E443146DF
:10F330002046FBF76DFE054658B9D8F81830084A44
:10F3400008494046984725462846BDE8F8830F46B9
:10F35000E8E70023C35532464946FBF79BFCF3E739
:10F360008C690108836A010839B10368082BDFBF83
:10F3700000EB8302013351600360704710B590F8D1
:10F380008F22083200EBC202034692F85402800931
:10F3900001280BD1002083F8540281F0010192F87A
:10F3A000543261F3000382F8543210BD022803D1B5
:10F3B000002083F85402F2E793F890221A4492F85E
:10F3C0009102800901280CD1002083F8540292F8A0
:10F3D0009132C3F38004614061F3000382F89132FB
:10F3E000E3E783F854124842DFE700002DE9F04FCD
:10F3F000894687B01168044690461E4603F0A0F97E
:10F40000002808DB14BF01210021204607B0BDE819
:10F41000F04FFFF7B3BF94F85032002B3CD04020A0
:10F42000FBF730F9054660B9A3695D4A5D4920469E
:10F430009847F3F747F906687642311E18BF012155
:10F44000E3E70027DFF860B1077009F1FF3A4F45A5
:10F4500014DB534B0293554BCDE903350023059341
:10F4600002AA334604212046FFF7C0FF044628467F
:10F47000FBF734F9204607B0BDE8F08F58F82710A5
:10F4800040222846FBF706FCBA4503DD59462846CC
:10F4900004F029FD0137DAE794F85132002B39D016
:10F4A000F069B0B131694FF4DB72FAF7CBFE071E99
:10F4B00010DAD8F80060A569F3F704F903683C494D
:10F4C000009332463B4B2046A847F3F7FBF806680B
:10F4D000B3E7776894F85252FDB1B069E0B1F168D2
:10F4E0000022FAF7AFFE051E17DAA669D8F80080E9
:10F4F000F3F7E8F803682E49009342462D4B204667
:10F50000B047F3F7DFF8012F066896DD3846F3F7CA
:10F5100095F83DE00127DDE7356894F85332B3B143
:10F52000306A88B371694FF4DB72FAF78BFE031E01
:10F530000EDAA569D8F80060F3F7C4F803681C492F
:10F54000009332461B4B2046A84701215DE702236A
:10F55000D4F8502232F0FF0206D002AA0092666A66
:10F560003A4629462046B04742464946204601F0E1
:10F570001BF9D4F8503233F0FF03064606D0A36AD5
:10F5800002A92046984758E73B46E1E7012FBDDC3A
:10F59000002D7FF752AF2846F3F750F84DE700BF34
:10F5A00017740108836A01083B7601087169010834
:10F5B0004F6A01088E6901082DE9F04F794E0D68F8
:10F5C00085B007468846924699462C4615F8011B99
:10F5D00029B926784EB9304605B0BDE8F08F3046DF
:10F5E000FBF77BFB0028F0D1F3E73E2E06D16378D2
:10F5F0003E2B0CBFA31C631CC8F8003023783C2BA7
:10F6000009D10134C8F80040674C00215046FFF78B
:10F61000ABFE2646DFE7232B40F0A580C8F800406C
:10F620000024F2E76148FBF758FB061E297814BF57
:10F630004FF0010B4FF0000B00F088806B1C184658
:10F640000193FBF74AFB2978019B064650B903ABAF
:10F650008DF80C108DF80D00BC6955491A463846D6
:10F66000A047B8E727296BD022296CD0602978D031
:10F67000701C9E4208BF034613F8011B05F8011BCE
:10F680000029F6D1B51E013529780029CAD1C8F85C
:10F690000050B9F1000F38D0BBF1000F35D1214631
:10F6A000384603F025FC054678B3D9F80030846865
:10F6B000002B09DC027B42F00102027309EB83029A
:10F6C00001335060C9F800303649204604F0EDFBA4
:10F6D000235C0646CBB1A86804F0F5FB0146A0B157
:10F6E000344A3846FFF714FED8F800200146384661
:10F6F000FFF70EFE044601465046FFF735FEA319FC
:10F7000000220133A255C8F80030009B002B7FF483
:10F710007CAF2378242B7FF478AF0E9B13B10E9A25
:10F7200001231360013424492046FBF7E1FA10BBA2
:10F7300097F85432214C2248002B08BF044664E756
:10F740000122009294E700220E9291E71548FBF700
:10F75000C4FA002897D02A785AB105F8016BB3464D
:10F7600095E705468FE74FF0000B2546CDF800B032
:10F770008AE793468BE713492046FBF7B9FA40B96D
:10F7800007F51774D7F858020A22214604F0ACFA9C
:10F790003BE72046F4F7C0F80B4C002818BF04469E
:10F7A00033E700BFBB6B0108B26B0108A26B010815
:10F7B000F36A01083B760108EC690108EE6901086B
:10F7C000B96B0108796B0108A16B01082DE9F04FB5
:10F7D000A94E04460F460FCEABB00BAD0FC50FCEF2
:10F7E0000FC533682B60302200211EA8F3F748FEB6
:10F7F0002822002114A8F3F743FE0023C4F8503256
:10F80000CDE90933009314AA09AB07A9204607974D
:10F81000FFF7D2FE0546002800F0C1809749FBF7AC
:10F8200067FA974982462846FBF762FABAF1000F59
:10F8300002D0002840F08E804FF00009CDF80090F3
:10F8400009AB14AA07A92046FFF7B6FE074608B180
:10F8500003781BB9A3692A468A4926E094F8908266
:10F8600004EB080393F891329B09012B15D094F80F
:10F870008F6204EBC60393F89432C3F3811303330E
:10F8800003F00303012B08D9D4F88432002B04DBE6
:10F89000D4F888B2BBF1000F02DAA3692A4676E0F9
:10F8A000012E17D9A36978492A462046984794F82B
:10F8B000943203F03E03002643F00103A4F88E6265
:10F8C00084F89432C4F8986201212046FFF756FD6F
:10F8D0000746BAE00136BAF1000FF6B220460CBF77
:10F8E00001250225FFF7F0FC06F1080204EBC20235
:10F8F00084F88F6284F88E9240EA851392F854025D
:10F90000B4F88C1204EBC60623F03E0300F03E0070
:10F910005944034382F854323D4686F89582C6F82E
:10F9200098125A492846FBF7E3F90746002840F0A9
:10F930000F81009009AB14AA07A92046FFF73CFEEF
:10F94000054618B10378002B40F0AE80A3694F4AFA
:10F950004C49CEE04E492846FBF7CAF930BB00902F
:10F9600009AB14AA07A92046FFF726FE94F88F32A8
:10F97000083304EBC303054693F85412C1F3811214
:10F98000033202F00302012A03D9A369404A414924
:10F990008BE741F0C00183F854120028C1D1002642
:10F9A000C4F88062B146B046374635E13A49284648
:10F9B000FBF79EF9074600284FD1009009AB14AA27
:10F9C00007A92046FFF7F8FD10B1A369324A43E7C3
:10F9D00094F88F1201F1080304EBC30393F8542247
:10F9E0009009032802D0A3692B4AD0E719B9A3696B
:10F9F000294A2A4959E7D1072AD5D3F85812D4F809
:10FA000084023A46FEF7BFFD002809DAA569F2F73D
:10FA100059FE03680093204A214B22492046A847FB
:10FA2000012384F88E3294F88F3203F1080204EB3C
:10FA3000C202013B92F8541200266FF3871182F83C
:10FA4000541284F88F32C4F88062B146B046E3E0C5
:10FA500042F0010283F85422E5E794F88F3204EB78
:10FA6000C30393F89432C3F38113033303F0030306
:10FA7000012B3FF656AF10E7C869010893690108EA
:10FA800099690108F0690108BF6A0108AD690108B8
:10FA90009F6901089B6A0108A2690108DA6A0108E6
:10FAA000A76901084F6A01089249FBF721F978B963
:10FAB000009009AB14AA07A92046FFF77DFD054673
:10FAC00000283FF443AF0378002B3FF43FAF0127FA
:10FAD00094F89062A31993F891329B09012B03D1FA
:10FAE000A369854A854904E0012E11D9A369824A98
:10FAF000834920469847B4F8903203F46053A4F841
:10FB0000903201212046FFF739FC002607469CE78A
:10FB10002046FFF7D9FB0136F6B284F8906280F0F8
:10FB2000010326445B0096F8912243F0400343EA28
:10FB3000870323F0380302F03802134386F891322A
:10FB40000023C4F88032002D40F09C80002629E775
:10FB50006C492846FBF7CCF8C0B9009009AB14AA51
:10FB600007A92046FFF728FD94F890222244054675
:10FB700092F891329909012902D0A369614AB1E74B
:10FB8000022161F3871382F89132D9E75E49284652
:10FB9000FBF7AEF8B8B9009009AB14AA07A9204644
:10FBA000FFF70AFD94F890322344054693F891221A
:10FBB0009109022902D0A369534A93E742F0C00297
:10FBC00083F89122BCE751492846FBF791F8074694
:10FBD00000284BD1009009AB14AA07A92046FFF7D3
:10FBE000EBFC10B1A369494AB2E694F89032E218EE
:10FBF00092F891227F2A02D8A369444A72E71BB97E
:10FC0000A3693D4A424974E7013B84F89032C4F845
:10FC100080723E46B946B846129818B102F0E4F830
:10FC200084F85182119818B102F0DEF884F85292EB
:10FC3000139808B102F0D8F894F853320BB184F855
:10FC40005362002509AEA846099B9D42C0F2A881D7
:10FC50000025099514AC2E46149B9D4204F1040422
:10FC6000C0F2AC8138462BB0BDE8F08F94F89032EA
:10FC7000234493F891329B09012B7FF461AFA36970
:10FC80002A462FE723492846FBF732F8002852D1AD
:10FC90000A23C4F8803214AA009009AB07A92046B1
:10FCA000FFF78AFC054600283FF450AF1A49FBF7DE
:10FCB0001FF8064600283ED1009009AB14AA07A9F8
:10FCC0002046FFF779FC0746002834D0324608A9C1
:10FCD000FEF7A1FEC4F880021430272804D8089B40
:10FCE0009F4201D01B78DBB1A3690A4A0B49204629
:10FCF000984706E7FE630108AD6901089B6A0108A1
:10FD0000BF6A0108B0690108B5690108BA6901084C
:10FD1000DA6A0108BD690108C2690108F0690108D1
:10FD2000009314AA09AB07A92046FFF745FC054636
:10FD300000283FF40BAF2046FFF7C6FA00283FF437
:10FD400005AF00261E95B146B04601274FF0000BC7
:10FD500008AB009314AA5B4607A92046CDF820B053
:10FD6000FFF72AFC2AAA02EB8702BB0042F8300CFC
:10FD7000002800F0FD80089AF2B11EAA134453F83F
:10FD8000042B0493924612F8011B0392059299B139
:10FD90008D48FAF7A2FFDDE903230028F1D09AF895
:10FDA00000204AB10AF801BB013752461AF8011B7C
:10FDB00089BB0B2F1A60E2D12AAB03EB870A834978
:10FDC0005AF8300C0222FFF742F800283FD15AF8C7
:10FDD000301C8B784BB30231012394F8518284F8A4
:10FDE0005132162320460F9301F0D6FF12900A2FAE
:10FDF000ACDD07F1FF3A2AAB03EB8A03744953F8F1
:10FE0000300CFAF775FF002840F0B580012384F824
:10FE100050325746AFE06C48CDE90332FAF75DFF48
:10FE2000DDE903320028C0D1C3E708AA009207A980
:10FE300014AA2046FFF7C0FB01460028CCD1A369D5
:10FE400064492A46204698474FF0FF37E4E6624966
:10FE50005AF8300C0122FEF7FAFFB0B95AF8301CFC
:10FE60004B783BB10131012394F8518284F851322F
:10FE70002623B7E708AA009207A914AA2046FFF78D
:10FE80009BFB01460028EED1D9E754495AF8300CC3
:10FE90000122FEF7DCFFD0B95AF8301C4B785BB179
:10FEA0000131012394F8529284F8523220460E9385
:10FEB00001F072FF11909AE708AA009207A914AA0C
:10FEC0002046FFF779FB01460028EAD1B7E744490D
:10FED0005AF8300C0422FEF7BAFF30B9012394F827
:10FEE00053620D9384F8533281E73E495AF8300C3F
:10FEF0000322FEF7ACFFD8B95AF8301CCB7863B1B7
:10FF00000331012394F8536284F8533216232046B8
:10FF1000109301F041FF139069E708AA009207A926
:10FF200014AA2046FFF748FB01460028E9D186E7DE
:10FF30002D495AF8300C0222FEF789FFB0B95AF861
:10FF4000301C8B783BB10231012394F8536284F862
:10FF500053322623DBE708AA009207A914AA2046F9
:10FF6000FFF72AFB01460028EED168E701373EE79C
:10FF7000012F7FF43EAF2AAB03EB87030022072F4C
:10FF800043F8302C04DDA36918492A4620469847D7
:10FF900039460BAB1EAA2046FFF728FA07463BE678
:10FFA00071680B7B6FF300030B739B0702D5204630
:10FFB00002F0B1FF46F8048F013545E62068F3F7FB
:10FFC00073FA0135266047E6BB6B0108B66B010882
:10FFD000C5690108F0690108B46B0108B26B01083A
:10FFE000AD6B0108A96B0108A66B01085C6B0108E9
:10FFF0002DE9F3474FF00008DFF8A49080F88E82D7
:020000040801F1
:1000000006460F460C468A46E31B4946A6F88C3244
:10001000204603F04AFF215C251841B9514630467D
:1000200002B0BDE8F047FFF7D1BBAA46ECE70A29CA
:10003000F4D02329F2D03B290CD105F8018B51468D
:100040003046FFF7C3FB18B196F87C32DB0721D5A9
:100050002C4608E06B1E9A450BD815F8013C5C2B2A
:1000600007D10134554696F88E32002BDDD00020A2
:1000700010E0681CFAF731FE78B92B788DF804305F
:1000800001AB8DF80500B46906491A463046A04711
:100090004FF0FF3002B0BDE8F087441CE2E700BF3C
:1000A0007B6B0108F36A010890F88F32083300EB8C
:1000B000C30393F854229209032A09D193F85522D5
:1000C00080F8902293F854226FF3000283F85422B0
:1000D0000020704700F52F70704730B5039C44B185
:1000E000D0F8B8526560D0F8B452A560D0F8B052DC
:1000F0002560C0E9AC12C0F8B83230BD10B5044676
:10010000D0F8B402002803DB012801D0F2F796FAF8
:10011000D4F8B802002807DB022805D0D4F8B4329E
:10012000984201D0F2F78AFAD4F8B002002801DD33
:10013000F2F784FA4FF0FF33C4E9AD33C4F8B032BC
:1001400010BD38B50D460446FFF7D8FF6B68C4F8FC
:10015000B832AB68C4F8B4322B68C4F8B03238BDDA
:100160000EB403B503AAD0F8B80252F8041B0192EA
:10017000FEF728FC02B05DF804EB03B070470EB444
:1001800003B503AAD0F8B40252F8041B0192FEF79B
:1001900019FC02B05DF804EB03B07047D0F8B4026C
:1001A000F9F744BFD0F8B002FEF787BAD0F8B4022E
:1001B000FEF71ABB10B50446FFF7A0FF2046BDE8C6
:1001C0001040F3F771B90C4608B5FFF7F3FF20466E
:1001D000FAF707FD10B504464FF43F70F3F780F9C6
:1001E00000B3114B0360114B8360114BC360114B83
:1001F0000361114B4361114BC361114B8361114B7F
:10020000114A0362114BC36242620223104A80F812
:100210007C328262C0F8B83201220023C0E9AC32DD
:1002200080F8AC4210BD00BF55020108B5010108BD
:10023000AD010108A50101089D0101087F01010828
:1002400061010108D5000108DB000108C7010108B0
:100250004301010808B590F8AC02FFF7BBFF08BDE9
:100260002DE9F74F8946114604461F4601F094FDDB
:10027000064600285BD0236A20469847054600289A
:100280006AD040F201413046D4F88482F9F7DAFFAF
:100290000028C4F884023ADBDFF8C490DFF8C4A079
:1002A000D4F8840201220021FEF76DF94FF000031B
:1002B0000028C4F88802A4F88C320BDA57B1D4F8BD
:1002C00018B0F2F7FFF90368009327494B465246EE
:1002D0002046D847D4F884224FF0FF3340212846E7
:1002E000FEF74EFFB0F1000B29DB94F87C329A0741
:1002F00004D4E3691D492A462046984794F87C3285
:10030000DB072946204615D5FFF772FEC8E74FB137
:10031000A569F2F7D7F9036800931349144B4A46CD
:100320002046A847304601F05FFDC4F884824FF0B4
:10033000FF3B0DE0FFF75CFEB0F1000BB0DAD4F844
:100340008402F2F77BF9C4F88482304601F04CFD58
:10035000584603B0BDE8F08F4FF0FF3BF5E700BF14
:10036000A7690108BF6B01084F6A0108444F0108E3
:100370008E69010808B503498369126898474FF0F0
:10038000FF3008BD676A0108002070474FF0FF305A
:10039000704708B50021C36A98470000042973B567
:1003A0000546164607D0C3691268224998474FF0A0
:1003B000FF3002B070BD0022706801A9FEF72BFB70
:1003C000019B1A78044622B1EB691B4928469847DD
:1003D000EDE7F06801A9FEF71EFB019B1A78EB69B7
:1003E0000AB11649F2E7B2681278253A0A2A1ED8ED
:1003F000DFE802F0161D1D1D1D0E061D0C1D11004F
:1004000022180F49284698470020D2E7221AF8E719
:1004100000FB04F2F5E70028E3D094FBF0F2F0E7EC
:100420000028DED094FBF0F200FB1242E9E7054918
:10043000CCE700BFC46B0108F06B0108026C010837
:1004400061670108146C010810B4CB680A68C469BC
:100450001BB1A446034910BC60472346024910BCA7
:10046000184700BF266C01081C68010870B50E4EC5
:1004700004460D46306830B9A3690C492A46204627
:10048000BDE8704018472946FAF732FC50B9E369D5
:1004900007492A462046984731462046BDE8704025
:1004A000FFF7D2BF1036E5E7EC700108676A010874
:1004B0002F6C01082DE9F04F012999B004460E4632
:1004C000174640F3E380A6495068FAF711FC054649
:1004D000002800F03E810122002357F82250002B13
:1004E00000F0D180E3699F4920469847E3699E491F
:1004F00020469847E3699D4920469847E3699C490F
:1005000020469847E3699B4920469847E3699A4902
:1005100020469847E369994920469847E3699649F8
:1005200020469847E369964920469847E3698F49F2
:1005300020469847E369934920469847E3699249E2
:1005400020469847E3698C4920469847E3698F49DC
:1005500020469847E369854920469847E3698C49D6
:1005600020469847E369884920469847E3698249CD
:1005700020469847E3698549204698473DB129467A
:100580002046FFF773FF002019B0BDE8F08FE36944
:100590008049814D2046984729462046FFF754FF61
:1005A00055F8103F002BF7D100273E463D46384610
:1005B000FAF728F800285AD1002DE4D00436502E3E
:1005C00094BF5027012705F1FF3598BFB7FBF6F719
:1005D00072493D440F22B5FBF7F320460193E368CF
:1005E00098474FF00009019B4B45CCD04FF020338A
:1005F0000293CA464FF0000B04255046FAF702F862
:10060000804630B3D8F80C30EBB105F10803D8F8C8
:100610000010C5F155020DEB0300F2F7FBFE054497
:10062000D8F80000FAF76EFBA6EB0008864238BF48
:100630004FF0000805F10803424620210DEB0300AE
:10064000F2F71EFF4544019B0BF1010B5F459A44F5
:10065000D3D105F160036B440A2203F8582C02A998
:10066000E3686A1C2046984709F10109BBE7C368A3
:100670003BB10068FAF746FB864205F1010538BF39
:100680000646013793E7002D7FF479AF44492046B1
:10069000FFF7ECFEE36943492046984700252E46C4
:1006A0003D4B53F82500FAF72DFB0435864238BF41
:1006B0000646B02DF4D10436502E94BF50270127A2
:1006C0004FF0000898BFB7FBF6F707F12B03B3FB19
:1006D000F7FAC2453FF468AF4FF020330293C146AA
:1006E0004FF0000B0425B9F12B0F24D84FEA091362
:1006F000294AD158019105F10803C5F155020DEBC6
:100700000300F2F787FE019905440846FAF7FAFA62
:1007100005F10803321A864238BF002220210DEB72
:10072000030001920BF1010BF2F7AAFE019A5F455B
:100730001544D144D7D105F160036B440A2203F874
:10074000582C02A9E3686A1C2046984708F1010862
:10075000BFE7022E3FF4C6AE02220123BDE600BF72
:10076000396C01083C6C0108506C01088B6C010865
:100770008F6C01089B6C0108A36C0108BC6C01081C
:10078000C46C0108CB6C0108DA6C0108E06C01084C
:10079000E96C0108F86C0108EC700108106D0108A3
:1007A0002A660108896C01082DE9F041174DD2F83D
:1007B000008004460E461746286808B9144B18E016
:1007C0004146FAF795FAF0B92B7AB34209DDA369ED
:1007D00010494246204698474FF0FF352846BDE86D
:1007E000F0816B7AB34203DAA3690B494246F1E721
:1007F0006B683A46314620469847054603F02EFA84
:10080000C4F85802EAE71035D6E700BFEC700108DB
:1008100075030108286A01085C6B01082DE9F043A3
:10082000884699B00446012140461546F9F70AFD6D
:10083000071E0FDAA569F1F745FF03680093474AE1
:10084000474B48492046A8474FF0FF35284619B086
:10085000BDE8F08302A9284603F027F806460028E1
:100860003AD1049B03F47043B3F5804F17D1284667
:1008700001F00EFF404603F09FF92946024620464C
:1008800001F036FF054650BBA369344A364920467D
:1008900098474FF0FF353846F1F7D0FED6E7B3F56D
:1008A000004F0CBF262102214FF4DB722846F9F7D6
:1008B000C9FCB0F100082ADAA569F1F703FF036863
:1008C0000093264A294B27492046A8474FF0FF3579
:1008D0003046F2F7E9FDDEE726210026E4E706468A
:1008E0002621E1E7F1F7EEFE03680093204B1B4A57
:1008F0001C492046A8471FE02A4649464046FDF7C6
:1009000073FF00281EDB2D1A002D8144F4DC04F156
:1009100030094FF4007249463846FDF7CEFE051EF9
:100920000CD0E9DAF1F7CEFE0368A569042BD9D122
:100930000A4A10492046A8474FF0FF354046F1F7D4
:100940007DFEC5E7F1F7BEFE0368A569042BEFD075
:10095000F1F7B8FE03680093074BC8E7CE6D0108B6
:10096000BC7301084F6A0108836A0108C673010855
:10097000104E0108256B0108D07301082DE9F04FD6
:1009800005469BB008468946934603F0BFF880466B
:10099000002843D1AC69F1F795FE036800933B4A08
:1009A0003B4B3C492846A0474FF0FF3420461BB044
:1009B000BDE8F08F3A465946284601F099FE0746B1
:1009C00048B3069B03F47043B3F5804F1DD140F24A
:1009D000FD1102F002FD044680B1AB690393F1F70B
:1009E00071FE03680093294A2B4B2A49DDF80CC09D
:1009F0002846E0473846F2F757FD3AE03A46314696
:100A00002846FFF7BBFF0446F4E702463146284676
:100A1000FFF704FFF7E74FF0FF342AE0DFF87CA090
:100A2000002429E06CBB471C1D493846FAF760F9E1
:100A3000044608B351463846FAF75AF90446D8B185
:100A40003A464946284601F053FE4FF0FF34064629
:100A500090B104A902F029FF04460028AAD0AF698A
:100A6000F1F730FE03680093084A0E4B0949284607
:100A7000B8473046F2F718FD404603F07BF80028EF
:100A8000D0D1404603F060F890E700BFCE6D01087A
:100A9000D67301084F6A0108DF6E0108DE73010892
:100AA000DF730108E17301082DE9F74F0546884619
:100AB00002F00CFF041E53DBD8F8083003F4704337
:100AC000B3F5804F284604D003B0BDE8F04F02F0E4
:100AD0007DBF03F01BF80746002845D02846FAF7EB
:100AE00011F9064630B1431EEA5C2F2A02D10022DA
:100AF000EA541E46DFF87890DFF878A0DFF878B087
:100B0000384603F037F8034668B90190384603F0D9
:100B10001BF8041E24DB019BAB55284603B0BDE83F
:100B2000F04F02F0D9BD5C1C49462046FAF7E0F8C8
:100B30000028E5D051462046FAF7DAF80028DFD041
:100B400023465A46C6F58071A819F9F7B0FE41460A
:100B50002846FFF7A9FF041ED2DA384602F0F4FF58
:100B6000204603B0BDE8F08F4FF0FF34F8E700BF38
:100B7000DF730108DE7301085B4A010810B50749FD
:100B80000446FAF7B5F838B105492046FAF7B0F847
:100B9000B0FA80F0400910BD0120FCE7DF730108C6
:100BA000DE7301082DE9F04313F00B0F9DB00446EE
:100BB000884615461F4600F098805822002106A856
:100BC000F2F75EFCEDB16A1C4146204601F090FD53
:100BD00006A9814602F069FE06464846F2F764FC23
:100BE000AEB1A569F1F76EFD03680093664A674BE5
:100BF00067492046A8474FF0FF3528461DB0BDE89D
:100C0000F08306A9404602F050FE0646E8E7BA0720
:100C100049D5604A089E5168106803AB03C3118927
:100C2000927A19809A7006F47043B3F5C04F71D16F
:100C300062238DF80C30F30544BF72238DF80D301C
:100C4000300644BF77238DF80E3006F40463B3F505
:100C5000046F74D173238DF80F30B30644BF722331
:100C60008DF81030F00644BF77238DF8113006F46C
:100C70008163B3F5816F6AD173238DF812307307E6
:100C800044BF72238DF81330B00744BF77238DF82B
:100C90001430F10744BF78238DF815303E49E369DD
:100CA00003AA20469847FA071FD517F0100F0D9E8C
:100CB000E76958D0B6F5806F55D3B6F1804F4ED264
:100CC000B6F5801F2BBF4D214B214FF480134FF4FD
:100CD00080630A20B6FBF3F203FB126646430091E1
:100CE00020462E49B6FBF3F3B847E369002D45D003
:100CF0006E1C29493246204698472B78042B37D161
:100D00003046FFF73BFF054690BBE3692449204688
:100D1000984772E7B3F5005F01D1632389E7B3F524
:100D2000804F01D1642384E7B3F5A04F01D16D2337
:100D30007FE7B3F5004F3FF47EAF3F2379E73105FE
:100D400001D5532387E7720687D5782383E771059A
:100D500001D5532391E7320791D578238DE74721B9
:100D60004FF08043B5E70F4932462046B847BCE70D
:100D7000E3690D492046984700253EE70B49424666
:100D80002046984739E700BFC96E0108E1730108A2
:100D90004F6A0108FB730108434F0108E67301081D
:100DA000F8730108F2730108896C01081D680108D5
:100DB000F7B51F461378042B05460E4603D00024D2
:100DC000204603B0F0BD541C2046FFF7D7FE002894
:100DD000F5D122463146284601F08AFCEB690D49DF
:100DE00002460646284698470B4B0C490097324668
:100DF000284601F01BFC044638B9094B0749009707
:100E00003246284601F012FC04463046F2F74CFB0D
:100E1000D6E700BF06740108A50B0108C96E0108DA
:100E2000B10D0108F8B5064650680F46144602F0A9
:100E3000C3FE022F05460FDDA768F9F763FF0446DE
:100E40003846F9F75FFF241A002C05DD39462819CA
:100E5000F9F74EFF00B92855F36903492A46304691
:100E600098470020F8BD00BF1E68010810B5044671
:100E7000506802F0C3FEE3690249024620469847E3
:100E8000002010BD1E6801082DE9F047DFF88890AA
:100E900005460F46164600244FF00108B8451EDAF5
:100EA00014B12046BDE8F08756F82810284600F017
:100EB00073FF824648B9AB6932684946284698476D
:100EC0004FF0FF3408F10108E8E702463168284690
:100ED00001F03AFB0446504600F086FFF2E7012F8E
:100EE000DFD14020F2F7E8FA06462B69402231466E
:100EF00028469847041E05D008DAF1F7E3FB03689B
:100F0000042BF2D03046F2F7CFFACAE7EB6822465C
:100F1000314628469847E8E7836A010801292DE908
:100F2000F3410446164608463BDD234A314603F0AA
:100F300021F9431C35D0432806D0632839D11F4AF4
:100F40003168204601F000FB1C480121F9F77AF9CD
:100F5000051E0EDA3668A769F1F7B4FB0368009343
:100F60001749184B32462046B847284602B0BDE81C
:100F7000F081002240F20D51F9F758F8071E0BDA04
:100F80003668D4F81880F1F79DFB036800930C498C
:100F90000D4B32462046C0472846F1F74FFB3D46F1
:100FA000E3E7064A3168204602B0BDE8F04101F0AF
:100FB000CBBA4FF0FF35D8E70B740108B4500108E5
:100FC0004F6A01088E6901080F7401082DE9F84382
:100FD000DFF8A48004460F4616464FF0000942464B
:100FE0003146384603F0C6F8431C054611D103F0DC
:100FF000CEF80368204656F8231000F0CDFE0746D1
:1010000060B9A36932681D49204698472846BDE863
:10101000F883722D08BF4FF00109E0E703F0B7F83D
:1010200003680133204656F8231000F0B5FE8046D1
:1010300040B9A3693268114920469847384600F004
:10104000D3FEE3E73946F9F753FE40B9A3693268A6
:101050000B4920469847404600F0C6FEEEE7424660
:1010600039462046B9F1000F03D0FFF787FC05464B
:10107000F1E7FFF7D3FBFAE78E760108836A0108F0
:10108000456B01082DE9F04F4FF00009DFF84CA146
:10109000DFF84CB199B005460F4690464E46524691
:1010A0004146384603F066F8421C044612D1B9F1B5
:1010B000000F0BD103F06BF803680133BB4227DA52
:1010C000AB69D8F80020474928469847204619B010
:1010D000BDE8F08F6C2C12D00CDC522C12D0682C96
:1010E00013D0AB69D8F800205946284698474FF0EE
:1010F0000109D4E7732CF4D146F00106CFE746F09E
:101100000B06CCE746F00406C9E746F01006C6E732
:1011100003F03DF80368BB420DDB284600F036FEC5
:101120000146284600F038FE074650B9AB69D8F8AA
:1011300000202D49C8E703F02AF8036858F8231067
:10114000EFE7F9F7DFFDFA43384400211318002BCD
:1011500003DD10F8013C2F2B15D002A9384602F010
:10116000A4FB002812DAD8F80080AE69F1F7AAFAD9
:10117000036800931D491E4B42462846B047384637
:1011800000F032FEA2E700F8011DDFE7049B03F444
:101190007043B3F5804F07D03346002239462846C6
:1011A000FFF700FD0446EAE7EB6912493A46284694
:1011B0009847114B114900963A46284601F036FAF5
:1011C00004460028DBD17307D9D50D4B0B49009697
:1011D0003A46284601F02AFAE4E700BF15740108F0
:1011E000F06901085C6B0108836A01084F6A010815
:1011F000E173010806740108A50B0108C96E010816
:10120000B10D01082DE9F347DFF8AC8006460D4625
:101210001446002742462146284602F0ABFFB0F1B3
:10122000FF3F82463CD102F0B2FF0368AB4233DAA3
:1012300002F0ADFF0368304654F8231000F0ACFD17
:10124000054648B31D484FF02F08002F18BF284609
:101250004FF000092F21F9F740FD044608B180F84E
:10126000009040F2FF11284602F0B7F8B0F1000AF2
:101270001BDAF1F727FA0368112B00D1AFB9B46973
:10128000F1F720FA036800930D490E4B2A463046C9
:10129000A047284600F0A8FD504602B0BDE8F08700
:1012A000BAF1700F08BF0127B4E7002CF1D0204637
:1012B00000F8018BCEE700BF414F01087D760108A1
:1012C0004F6A0108DF6E01082DE9F04F0027DFF8B3
:1012D000E4A087B00446884615464FF40079BB4623
:1012E000354A2946404602F045FF431C064624D1B4
:1012F000BBF1000F1DD102F04AFF026808F1FF3375
:101300009A4240D102F043FF036855F82300FDF7ED
:101310007EFB0323049003A94FF606708DF80C7032
:10132000ADF814908DF8163003F0A8F9002837DBDB
:101330000646304607B0BDE8F08F6D2E07D0732EFD
:1013400015D03A2EA3691BD12A681C490AE002F085
:101350001AFF0068FDF75BFB0746FF28C0D9A369A9
:101360002A685146204698474FF0010BB8E702F033
:101370000AFF0068FDF74BFBB7F5804F8146EDE7AC
:101380002A680F49EEE702F002FF0E4907680B4892
:10139000E3692A684745A8BF014620469847C8E741
:1013A00040420090A769084B2A6808492046B84780
:1013B000BFE700BF0B6A01081A740108286A010818
:1013C000F06901085C6B0108207401084F6A01088C
:1013D0002DE9F74351680446154600F0DDFC074649
:1013E00050B9A3692A681849204698474FF0FF363C
:1013F000304603B0BDE8F083A968204600F0CCFC7D
:10140000804650B9A3692A680F49204698474FF093
:10141000FF36384600F0E8FCEAE70146384602F0BD
:1014200037F8061E0BDA2D68D4F81890F1F74AF950
:10143000036800930549064B2A462046C8474046A4
:1014400000F0D2FCE5E700BF836A01084F6A01089B
:10145000387401082DE9F0474FF00008DFF8F8A0D4
:1014600098B005460F461646C146524631463846A4
:1014700002F080FE431C04460DD102F088FE036892
:10148000BB4227DBB8F1000F64D1AB693268334946
:10149000284698470EE0662C16D0722C17D03F2CA9
:1014A0000CD1EC6902F078FE2D4902682846A0476D
:1014B0004FF0FF34204618B0BDE8F087AB693268C2
:1014C000264928469847F3E74FF00108CDE74FF04B
:1014D0000109CAE702F05BFE0368284656F82310AC
:1014E00000F05AFC07460028E4D0B9F1000F26D0DE
:1014F0004FF48070F9F7C6F84FF480728146394690
:10150000F1F788FF02A94846FFF7CEFA044648469D
:10151000F9F7E4F8B8F1000F15D1002C0BDA3668B2
:10152000D5F81880F1F7CEF8036800930D490E4BFB
:1015300032462846C047384600F056FCBAE702F06B
:1015400045FA0446E6E7F1F7BDF80368022BE4D15B
:101550000024F0E70024ADE754740108286A01086C
:101560003F7401084F6A0108577401082DE9F341DF
:1015700051680646174600F00FFC0546B0B102F070
:10158000ABF8041E0BDA3F68D6F81880F1F79AF82A
:10159000036800930749084B3A463046C04728463F
:1015A00000F022FC204602B0BDE8F0814FF0FF348D
:1015B000F8E700BF4F6A0108C66F0108D2E90012C0
:1015C0000123FEF74DBE00002DE9F04F5168C5B074
:1015D0000446154600F0E0FB804650B9A3692A682E
:1015E0004149204698474FF0FF36304645B0BDE8A8
:1015F000F08FA968204600F0CFFB814650B9A3695F
:101600002A683949204698474FF0FF36404600F097
:10161000EBFBEAE701214046F8F714FEB0F1000ABF
:1016200010DAA6692D68F1F74DF8036800932F4989
:101630002F4B2A462046B0474FF0FF36484600F071
:10164000D3FBE3E701214846F8F7FCFDB0F1000BBE
:1016500010DAA6692D68F1F735F80368009323497D
:10166000234B2A462046B0474FF0FF365046F0F74E
:10167000E5FFE3E7802204A95046FDF71EF880222B
:10168000074624A95846FDF718F8002F03460DDA3F
:101690002D68A669F1F716F8036800931349154BF6
:1016A0002A462046B0474FF0FF3618E00028EFDB0F
:1016B000874208D09F423A46A5690F49A8BF1A46FB
:1016C0002046A847EFE703903A4624A904A8FDF76F
:1016D0008FFB039B06460028ECD17F2FCADC5846BF
:1016E000F0F7ACFFC2E700BF286A01084F6A0108A3
:1016F0008E690108104E01085E7401082DE9F0435F
:1017000043499BB0054650681646F9F7F1FA04467E
:1017100050B1AB6932683F49284698474FF0FF34D3
:1017200020461BB0BDE8F083024603A9B068FDF770
:10173000B3F9039B1B788046002BEAD1F168284659
:1017400000F02AFB074618B9AB6932683249E3E773
:1017500004A902F0AAF800283ADAF0F7B3FF036808
:10176000022B30D14FF4DB71384602F073FAB0F13E
:1017700000090DDA3668AC69F0F7A4FF036800933E
:10178000264B324626492846A0474FF0FF3416E044
:10179000B8F1000F10D0414602F040F9041E0BDAF8
:1017A0003668D5F81880F0F78DFF036800931C4960
:1017B0001C4B32462846C0474846F0F73FFF3846A4
:1017C00000F012FBACE70093AC69144B3268D9E728
:1017D000069B03F47043B3F5004F05D0AB69326844
:1017E0000C4928469847D0E74146384602F020FD8C
:1017F000041EE4DA3668D5F81880F0F763FF036852
:1018000000930749084B32462846C047D7E700BF38
:1018100076740108F0690108836A0108E173010820
:101820004F6A0108797401087A74010873B5164685
:1018300004460022706801A9FDF7EDF8054628B1BD
:10184000019B72689A4201D01B7843B1A369326848
:101850000649204698474FF0FF3002B070BD02465F
:10186000E369034920469847A847F6E7F06901086D
:101870008374010803297FB50546144618D15068C2
:1018800003782D2B0ED14378303B092B0AD8002248
:1018900003A90130FDF7BFF80646A0680378303B86
:1018A000092B0DD9AB69226817492846984727E0CC
:1018B0000229F7D150680378303B092BF2D80F2664
:1018C00003A90022FDF7A7F8314602F0BEFEC8B119
:1018D000F0F7F8FE0368AE69032B0AD0162BE1D0AF
:1018E0002468F0F7EFFE036800930849084B22468E
:1018F00004E0A36800932268064B07492846B047D6
:101900004FF0FF3004B070BDF06901084F6A010864
:10191000F06F01088F7401080C6B010873B5154650
:1019200006460022686801A9FDF775F828B1019BF9
:101930006A689A4201D01C7844B1B3692A680549A3
:10194000304698474FF0FF3002B070BDF9F756FAB5
:101950002046F9E7F069010873B5154606460022EE
:10196000686801A9FDF757F828B1019B6A689A4297
:1019700001D01C7844B1B3692A68054930469847BC
:101980004FF0FF3002B070BDFDF7C6FA2046F9E710
:10199000F06901082DE9F047012994B00446174683
:1019A00000F38280002002F0C0FACDE9040104A80F
:1019B00002F0D4FA03680093D0E90132E5696A497C
:1019C0002046A84701264FF0000A06A802F0A2FD13
:1019D000069D664A002328460021F6F70FF8804648
:1019E000624800FB08F02D1A69EB09094FF46162A7
:1019F000002349462846F6F701F807464FF4616090
:101A00007843281A69F1000100233C22F5F7F6FF1C
:101A1000E3695749814620469847B8F1000F0AD03C
:101A2000544A554BE5695549B8F1010F18BF1346A3
:101A300020464246A847E569BAF1000F00F08F80C2
:101A400047B14C4A4C4B4E49012F18BF1346204614
:101A50003A46A847474A484BE5694A49B9F1010F58
:101A600088BF13464A462046A847BEB1DDE9072590
:101A7000099E6427B0B2A9B293B278437943000CAF
:101A8000090C2D0C7B43360C0390019100953E49C7
:101A9000E56902961B0C120C2046A847E3693B49F6
:101AA0002046984700252EE039495068F9F720F97B
:101AB0000646002850D037497868F9F719F90546E5
:101AC00028BB06A802F026FD04A802F02EFA069A0A
:101AD000049B9B1A059A04A862F10002CDE9043226
:101AE00002F03CFA0168E669D0E9043203914168EA
:101AF000029181680191C16800910133264902F287
:101B00006C722046B047284614B0BDE8F0872349E0
:101B10007868F9F7EDF820B1E3697A682049204642
:101B20009847E3691F4920469847E3691E492046C4
:101B30009847E3691D4920469847E3691C492046B8
:101B40009847E3691B4920469847E3691A492046AC
:101B500098474FF0FF35D6E74FF0010A35E71749B0
:101B60004B463A467FE700BF94740108805101005C
:101B70005F750108454F01087D760108637501080E
:101B80006F7501087C75010894750108896C01085E
:101B9000A474010876740108A77401084669010855
:101BA000C6740108E4740108EC740108FE740108AD
:101BB000087501082A7501084A7501088975010828
:101BC0002DE9F0418AB0044602A901201646F1F73A
:101BD00051FE002810DAA5693668F0F773FD036836
:101BE00000932449244B32462046A8474FF0FF3546
:101BF00028460AB0BDE8F081716894F8508294F8E4
:101C000052722046FEF7F4F9051E12DB06A90120E8
:101C1000F1F730FE051E11DAA5693668F0F752FDBE
:101C2000036800931349144B32462046A8474FF0EF
:101C3000FF3584F8508284F85172D9E7069B029AE6
:101C40000799049E9A1A039B61EB030308998E423D
:101C500005DD0A48013A084463F100030890089939
:101C60000748891BE66991FBF0F120460091054980
:101C7000B047DEE74F6A0108C475010800CA9A3B05
:101C8000A0860100D27501082DE9F04FDFF8DCA035
:101C900085B00446884617464FF0FF364FF00209DC
:101CA00052463946404602F065FA431C054613D1B8
:101CB00002F06DFA036843452BDA02F068FA036814
:101CC000002E57F823B0B8BF6FF000464FF0000A5F
:101CD000564524D1002518E0632D08D06E2D0DD176
:101CE00002F051FA0068FCF792FE8146D8E702F054
:101CF0004AFA0068FCF78BFE0646D1E7A3693A680A
:101D00001B49204698474FF0FF35284605B0BDE8EF
:101D1000F08FA3693A68164920469847F5E74020B6
:101D2000F8F7B0FC80460028EFD040225946F1F782
:101D300071FB41462046FEF75BF903904046F8F7F9
:101D4000CDFC039B002B0BDA3F68A669F0F7BAFCC9
:101D50000368009307495B463A462046B047D4E7FC
:101D60004846F9F74BF80AF1010AB1E7E2750108B4
:101D7000F06901084F6A010808B5F1F7CDFD024B83
:101D8000002808BF184608BDFB7501080148FFF789
:101D9000F3BF00BF0476010870B506460C4609B1D2
:101DA0000B7823B90D48BDE8704002F08CB82F2B9A
:101DB00001D10846F7E70A48FFF7DEFF0949054663
:101DC0002046F8F795FF08B92846ECE72246294651
:101DD0003046BDE8704000F08BBC00BFFB750108C9
:101DE00004760108DF73010808B1F1F75DBB7047A5
:101DF00001292DE9F3410546174655DD56682D4961
:101E00003046F8F775FF00284ED02B493046F8F7DA
:101E10006FFF044688B92948FFF7AEFF02F053F878
:101E2000002845D1AB693A682549284698474FF0C4
:101E3000FF36304602B0BDE8F08122493046F8F75F
:101E400057FF044630BB2048FFF796FF02F03BF8EF
:101E500080460028E6D001F0D1FE02F0A3F9064644
:101E600060B1AE693F68F0F72DFC03680093174935
:101E7000174B3A462846B0474FF0FF36B8F1000FEF
:101E800002D04046F1F710FB002CD2D02046FFF7DD
:101E9000ABFFCEE731462846FFF77EFF0028C1D0D2
:101EA00004464FF00008D8E700240A48A046D4E7CB
:101EB0008046D2E7E775010804740108FD75010842
:101EC000836A0108DE730108047601084F6A01087D
:101ED000E9750108FB7501082DE9F04F85B0012374
:101EE00083464F1E04324FF000080093002F9146A6
:101EF00040F3B38052F8041B0B782D2B12D10C4603
:101F00000846054610F8013F33B98D420AD014F84F
:101F1000013F9BB9013FE9E76E2BF2D003F0DF03ED
:101F2000452BEED04FF05C0AB8F1000F74D0D9F811
:101F300000502C462B7883B923706DE0652B06D0BA
:101F40006E2B07D0452B08BF4FF00008DFE74FF09E
:101F50000108DCE700230093D9E75C2B04D004F8E8
:101F6000013B2E46751CE5E76B780D2B05F101064C
:101F70000AD80D2B0ED8DFE803F04B0D0D0D0D0D1B
:101F80000D5E610D676D646A5C2B37D0782B08D0CD
:101F9000302B16D0234603F802AB6A7862701C46D9
:101FA000E0E703350023029616F8012F039310464D
:101FB000019201F097FDDDE90121039BA8B90E46CE
:101FC0001CE0043500217378303BD8B20828324633
:101FD00006F1010603D904F8011B1646C2E7B54213
:101FE00003EBC101EFD12A46F5E7A2F13000092841
:101FF0004FEA031305D8AE420344D4D104F8013BA1
:10200000B0E71046019301F07BFD019B5738F2E7E2
:10201000002384F800A06370DBF81C3059F8042B0F
:10202000134958469847013F17D0DBF81C30114937
:102030005846984778E74FF00703DFE74FF008036B
:10204000DCE74FF00C03D9E74FF00A03D6E74FF077
:102050000D03D3E74FF00B03D0E7009B23B1DBF870
:102060001C30054958469847002005B0BDE8F08F60
:10207000444F01083B760108896C010838B50446D5
:10208000C5690448FFF778FE034902462046A84781
:10209000002038BD047601081E6801082DE9FF47BD
:1020A0003C4B0DF10C09154602291A889B78ADF8B6
:1020B0000C2004460E4689F8023001D0042964D170
:1020C0006868F8F71FFE012810D82D68A669F0F798
:1020D000F9FA036800933049304B2A462046B0474E
:1020E0006FF01506304604B0BDE8F0876F6897F8CA
:1020F0000080B8F12D0F0CD0B8F12B0F09D02D684E
:10210000A669F0F7DFFA036800932549234B2A46B6
:10211000E4E74FF0010A17F8011F11F0DF0F1ED19D
:102120000223033E012E32D801339E0055F82300CE
:1021300000F0C0FA2E440146012256F8040CF3F7D1
:1021400063FB061ECEDA2D68A769F0F7BBFA0368B9
:1021500000931449144B2A462046B847C2E7484624
:10216000F8F7BBFD0028CAD0A0EB090394F97C2244
:102170000AFA03F35BB2B8F12B0F0CBF134322EA48
:102180000303DBB284F87C32C5E70123C9E70026EC
:10219000A8E700BFEF750108286A01088C700108E4
:1021A000F06901084F6A0108F475010873B5044627
:1021B00050681546F3F7ACFB00280EDAA6692D68C7
:1021C000F0F780FA036800930549064B2A4620463B
:1021D000B0474FF0FF3002B070BD0020FBE700BFFA
:1021E0004F6A0108F27501082DE9F04F0026534CA3
:1021F000DFF84CA1D5B0054688469146B346224645
:102200004946404601F0B6FF431C074619D1A6B91E
:102210005C46012C0AA838BF0124F8F707FA002809
:102220003FDAD9F80060AC69F0F74CFA0368009324
:102230004449454B32462846A047384655B0BDE88C
:10224000F08F613F152F21D8DFE807F028202020EC
:10225000202020201D20202014200B17200E0B20D2
:1022600020114BF0010BCAE74BF0040BC7E74BF012
:10227000080BC4E74BF0100BC1E7BBF13D0FBED01C
:102280004BF0400BBBE74BF0200BB8E7AB69D9F83C
:1022900000205146284698470126B0E74FF03D0BF5
:1022A000ADE792222FA904A8F0F73CFBDFF89CB021
:1022B00001239A460AFA06F222421BD024EA0204BB
:1022C000062E2DD8DFE806F0332C0436242729000B
:1022D0000DF15D081BB9059B202104A89847069BBA
:1022E00003934046F8F70EFD039B0246414604A8BF
:1022F000984700230136002CDCD1059B0A2104A855
:102300009847EB68049A089928469847274694E727
:102310000DF1A508DEE7D846DCE7DFF83480D9E721
:10232000AB69D9F8002006492846984785E70DF1A2
:102330002808CFE70DF17208CCE700BF1A76010834
:10234000F06901084F6A01085D700108087601080C
:10235000247601082DE9F04F9146A1B00A461E46A9
:102360002849C369074698470024B44202DB21B0DC
:10237000BDE8F08F244A234680216846F8F797FA93
:102380006846F8F7BFFCA046054604F1100B464529
:102390000DEB050AC5F180012DDD19F808301B4A47
:1023A0005046F8F784FA5046F8F7ACFC08F10108FB
:1023B000D8450544EBD1DFF858A0B44212DA19F839
:1023C0000430A3F120025F2A0DEB0508C5F180015E
:1023D00028BF2E2352464046F8F769FA4046F8F7E0
:1023E00091FC054401345C45E7D1FB6909496A4623
:1023F00038469847B9E70A4650460749F1F70AF8C0
:10240000D1E700BF067401082C7601083376010875
:10241000797601081E6801083976010873B51446FB
:1024200005461022606801A9FCF736FB23681B787B
:1024300006461BB94FF0FF3002B070BD019B1A7801
:10244000002AF7D1A06801A9FCF7E5FA2268127802
:102450000346002AEED0019A1478002CEAD1002815
:10246000E8DB284602493246FFF774FF2046E3E7DF
:102470003D7601082DE9F04701218AB005465068F4
:102480009146F7F7DFFE071E0FDAAC69F0F71AF98D
:1024900003680093264B274A27492846A0474FF058
:1024A000FF3420460AB0BDE8F0874FF40070F1F722
:1024B00003F8064648B93846F0F7C0F8AC69F0F7BB
:1024C00001F9036800931D4BE5E7DFF874A04FF0B6
:1024D00000084FF4007231463846FCF7EEF8041E4F
:1024E00012DAAC69F0F7EEF803680093114A154B65
:1024F00011492846A0474FF0FF343846F0F79EF8C0
:102500003046F0F7D1FFCCE7F7D04FEAE873CDE9DA
:1025100000835246D9F80430202102A8F8F7C7F901
:102520002346324602A92846FFF714FFA044D0E70D
:102530008E690108B06E01084F6A010846760108ED
:102540004D760108104E01082DE9F74304460E466A
:10255000104640F20141F7F775FEB0F100080FDABE
:10256000A569F0F7AFF8036800932A4B2A49324671
:102570002046A8474FF0FF35284603B0BDE8F0835A
:102580004FF40070F0F798FF074680BB4046F0F725
:1025900055F8A569F0F796F8036800931F4BE5E737
:1025A00000931F4B1C4932462046A8474FF0FF3589
:1025B0004046F0F743F83846F0F776FFDCE7F7D00F
:1025C0004FF00009E368A5EB090207EB090120467B
:1025D0009847002808DAF0F775F80368A569042B16
:1025E00013D000930F4BDDE781444D45EADC4FF4F7
:1025F000007239464046FCF760F8051EDFDAF0F756
:1026000061F80368A569042BCAD107493246204600
:10261000A847CBE78E6901084F6A01084676010892
:10262000104E0108D0730108256B01082DE9F34114
:1026300004461046884616461F4601F067FA0546CE
:1026400078B9A569F0F73EF80368009320460E4B71
:102650000E494246A8474FF0FF34204602B0BDE87D
:10266000F081284601F086FA024658B1089B3146AF
:102670002046B8470028F4DA4FF0FF34284601F02E
:1026800063FAEAE70446F9E7D67301084F6A0108DE
:1026900010B50446F8F736FB00212318E443E2188E
:1026A000002A03DD13F8012C2F2A00D010BD03F8F7
:1026B000011DF4E7F8B50446207825462646013486
:1026C00070B92846F8F71EFBF6432C180027E6429F
:1026D00004D414F8010CFCF73BFC30B92846F8BDD3
:1026E000FCF736FC0028E7D1EBE704F8017DEEE7C4
:1026F00073B50D4604460F4928461646F8F7F8FA12
:10270000303470B90C4A33464FF400712046F8F764
:10271000CEF801220021204602B0BDE8704001F051
:1027200017BB064A00962B464FF400712046F8F777
:10273000BEF8EEE7E05301085B4A0108594A010878
:102740002DE9FF41144688461E460546F1F792FDE5
:1027500021463246404600F0BDFC041E2DDB95F8B4
:102760005032C5F85842002B33D195F8AC62039330
:1027700036B16B6922464FF48C712846984706465D
:102780002046042203A901F035FF041E1ADAEFF7F0
:1027900099FF03680A2B1AD00093AF69154B1649AD
:1027A00042462846B84795F8AC3233B12EB96B692A
:1027B000324640F2191128469847F1F769FD44EA7C
:1027C000E47014E0039C003C18BF0124EBE70024F4
:1027D000E9E703A9F3F7BEFC039B084900934246CF
:1027E0002346EE692846B047F1F752FD002004B0B9
:1027F000BDE8F081597601084F6A01086176010849
:102800002DE9F04F85B04FF00008DFF834B14D4DA1
:10281000CDF80C80044689461746C2464A4A3946D6
:10282000484601F0A7FC431C06460BD1B8F1000F47
:1028300046D101F0ACFC03684B451EDBA3693A6846
:1028400040493BE06F2E10D0742E09D03A2EA36978
:1028500010D13A682946204698474FF00108DDE735
:1028600001F091FCD0F800A0D8E701F08CFC0368DF
:102870000393D3E73A685946EDE701F088FC036813
:1028800057F8235001F083FC03680133036001F023
:102890007EFC03684B454CDA01F079FC036857F87D
:1028A00023B001F074FC03680133036001F06FFC96
:1028B00003684B4508DAA3693A68244920469847DB
:1028C000304605B0BDE8F08FBAF1000FB6D035B193
:1028D00029462046FFF760FA05460028F0D0594601
:1028E0002046FFF759FA804600B3039B0093014648
:1028F00000235246284600F0EFFC061E0BDA3F6824
:10290000D4F81890EFF7DEFE036800931049114BDE
:102910003A462046C8472DB12846FFF765FAB8F178
:10292000000FCDD04046FFF75FFAC9E7002DF3D185
:10293000C6E7BAF1000F81D0AB464546CFE700BFEE
:10294000F0690108286A01086D7601085C6B0108CE
:102950004F6A0108747001082DE9F743DFF8909081
:1029600007460E4615464FF000084A4629463046AF
:1029700001F000FC431C04460AD101F008FC036886
:10298000B34214DBBB692A681A49384698470AE003
:10299000662C4FF00108E8D0BB692A681649384612
:1029A00098474FF0FF34204603B0BDE8F08301F0B4
:1029B000EEFB0368384655F82310FFF7EDF906469D
:1029C0000028F0D0414600F0F8FC041E0BDA2D6818
:1029D000D7F81880EFF776FE036800930749084B95
:1029E0002A463846C0473046FFF7FEF9DBE700BF0E
:1029F0008B760108286A0108F06901084F6A01080E
:102A0000737001082DE9F04FDFF8B880DFF8B89057
:102A1000DFF8B8A085B004468B46164601255D4513
:102A200003DB002005B0BDE8F08F56F825201378B1
:102A30005C2B44D153786E3B0A2B21D8DFE803F09E
:102A40003420202039203C2020200600971C002123
:102A500010223846FCF720F80A2103903846F0F798
:102A6000F5FC0628039A0DDD130E0193C2F307430C
:102A70000093E7691649C2F307232046D2B2B8474C
:102A80000135CCE7022807DDC2F30723E7691149C6
:102A9000D2B22046B847F3E70028F1DDE3690E49DA
:102AA000D2B220469847EBE7E3690C4920469847A5
:102AB000E6E7E3695146F9E7E3694946F6E7E36982
:102AC0004146EEE7444F01087C760108264A01089A
:102AD000737601087776010879760108896C010818
:102AE0002DE9F04FDFF87CA2DFF87CB297B0074603
:102AF0000E4615469D492868F8F7FAF878B9012E70
:102B000040F364812A1D711E3846FFF7E9FFB0FAD1
:102B100080F464096442204617B0BDE8F08F28684D
:102B200003782D2B40F09880012E40F34F8190497F
:102B3000F8F7DEF8D8B96B681B780BB34FF00209D1
:102B400000244E45E7DD8B4955F829004FEA8908F6
:102B5000F8F7CEF8002840F02F81002C40F03B81A0
:102B600009F1010308F10408F61A4544C2E7824955
:102B70002868F8F7BDF840B96B681B78002BDDD0EA
:102B80004FF002094FF0FF34DBE769683846FFF782
:102B900003F98046C0B1694600F087FE044640460E
:102BA000FFF722F924B1582200216846F0F768FCAB
:102BB00072492868F8F79CF840B9029B03F4704307
:102BC000B3F5C04FDCD1B9E70124ECE76C492868C4
:102BD000F8F78EF828B9029B03F47043B3F5005F51
:102BE000F0E768492868F8F783F828B9029B03F4EE
:102BF0007043B3F5804FE5E763492868F8F778F844
:102C000010B9002C9AD0BBE760492868F8F770F833
:102C100028B9029B03F47043B3F5004FD2E75C4937
:102C20002868F8F765F820B9029B13F4927F85D1E4
:102C3000A6E758492868F8F75BF820B9079B002BEE
:102C40003FF77CAF9CE754492868F8F751F818B96A
:102C5000029B13F0920FEAE7022E40F3B7806868F8
:102C60005146F8F745F850B9A9682868F8F740F8D0
:102C7000041E18BF012464424FF0030961E768682D
:102C80005946F8F735F80028EED044496868F8F757
:102C90002FF838B9A9682868F8F72AF8B0FA80F44C
:102CA0006409E8E7286800226946FBF7B4FE2B6850
:102CB0001B788046002B00F08980009B1A78002A40
:102CC00040F08480A8686946FBF7A5FEAB681B78D6
:102CD0000446002B7AD0009B1B78002B76D130491C
:102CE0006868F8F705F828B9B8EB040418BF4FF086
:102CF000FF34C1E72B496868F7F7FAFF28B9A04508
:102D00004FF0FF34A8BF0024B6E727496868F7F7FB
:102D1000EFFF28B9A0454FF0FF34C8BF0024ABE750
:102D200022496868F7F7E4FF28B9A0454FF0FF345F
:102D3000D8BF0024A0E71E496868F7F7D9FF28B973
:102D4000A0454FF0FF34B8BF002495E719496868E3
:102D5000F7F7CEFF002839D1A0454FF0FF3418BF58
:102D6000002489E79476010890640108FE63010855
:102D70007E760108AE760108817601088476010826
:102D800071690108C2690108877601088A7601081D
:102D90008D76010876740108907601089376010813
:102DA000967601089A7601089E760108A2760108B7
:102DB000A6760108AA760108084955F82900F7F710
:102DC00097FF18B9002C7FF4CBAEA4E6BB69044A88
:102DD0000449384698474FF0FF349CE6B176010825
:102DE00022700108456B010804320139FFF778BEF3
:102DF00070B501F18043013B04460E4652F82300B2
:102E000009491546F7F774FF30B92A1DB11E20464F
:102E1000BDE87040FFF764BEA3692A6803492046F5
:102E200098474FF0FF3070BD536D0108456B0108A6
:102E300038B505460C4629B10B7BDA0703D543F0BC
:102E400002030B7338BD486808B1F0F72DFBA0688A
:102E500008B1F0F729FB0022C4E901222273D5F85A
:102E600040325BB19C4212D12368C5F84032D5F89C
:102E700044329C420CBFC5F844222260D5F8483247
:102E800023600BB9C5F84C42C5F84842DAE7196827
:102E90008C420CD1D5F8400248B1D5F844028442A6
:102EA00015BF2068C5F8443218601A600A601B68B4
:102EB000002BECD1E2E738B50D4604460CB92046AC
:102EC00038BD60682946F7F713FF0028F7D024685B
:102ED000F4E7D0F8403253B9D0F848323BB900F5A6
:102EE0000C72C0E99222C0F84432C0F83032704708
:102EF00038B5FFF7EEFF09B9002038BDD0F8400221
:102F0000FFF7D9FF0028F7D0037BDB07F4D48368F1
:102F1000002BF2D1F0E7FFF78BBF00002DE9F84F4F
:102F20001546FFF7D6FF012904460FDCD0F84052C2
:102F3000434E1DB9AA465046BDE8F88FD5E9012396
:102F4000E76931462046B8472D68F2E73D4EDFF885
:102F5000F880DFF8EC904FF0000A55F8040F0028D5
:102F6000E9D03D21F7F7B9FE002851D08346002370
:102F70000BF8013BD5F800A0BAF1000F45D09AF844
:102F80000030002B41D0D4F840025146FFF793FFA8
:102F90000746C0B18068F0F787FA584600F093FF03
:102FA000B8607B6813B1BB68002B45D13946204619
:102FB000FFF73EFF6FF00B0AA7692A6823495B46BB
:102FC0002046B847C9E7D4F84872002FEED03B68D6
:102FD000C4F848320BB9C4F84C3200233B60504669
:102FE00000F071FF7860584600F06DFF0023B86074
:102FF0003B60D4F8403223B9C4F84072C4F844723C
:10300000CFE7D4F844321F60F8E76FF0150AD3E732
:103010002968D4F84002FFF74EFF20B1D0E9012320
:10302000E7694946CCE7A7692B6832464146204606
:10303000B8476FF0010A90E74FF0000A8DE700BF34
:10304000DC760108576D0108CA760108B4760108DC
:103050002DE9F0411546FFF73CFF012906460C46D5
:103060002EDD194A2946204601F084F861280CD14A
:10307000D6F8401219B90C462046BDE8F0810C681C
:103080003046FFF7D5FE2146F4E7104FDFF84080C9
:10309000002455F8041F0029EED0D6F84002FFF7AF
:1030A0000AFF014618B13046FFF7C2FEF1E7B469E6
:1030B0002B683A4641463046A0476FF00104E8E7E6
:1030C0006FF01504D8E700BFAF760108556D010811
:1030D000CA760108F0B58BB00E461746F7F780FAAE
:1030E000002806DA0224EFF7EDFA04604FF0FF340F
:1030F00065E0F7F787FA05460028F3D005A8F7F74B
:10310000A0FB04460028EED103A800F0DCFD044635
:10311000002848D16B68049304A905A800F0DAFDE3
:10312000044600283CD1A96805A800F0DAFD044651
:10313000002835D1022105A800F0D0FD0446002862
:103140002ED10C2105A800F0C2FD044640BB6FB98A
:103150002868E9685EBB0023CDE9006303AA05ABDC
:10316000F2F74CF8041E24DA644219E0BA6972B925
:10317000FA69002AECD04FF4D273009301213B6925
:1031800003A800F072FD04460028E1D008E0002109
:10319000FB68009103A800F068FD04460028E7D012
:1031A00003A800F085FD05A8F7F76DFB9BE7043643
:1031B000D1E703A800F07CFD05A8F7F764FB2046E3
:1031C0000BB0F0BD354B2DE9F0471F6804460E46A5
:1031D000002F5CD03B68A2B9D3F80C90B9F1000F76
:1031E00014D11D68002D56D03B7913F0020F04EB6B
:1031F000060849D044451BD014F8011B3846A8479F
:10320000F8E7D3F81090B9F1000F2FD03D7915F001
:10321000020527D04FF0000AB2453AD2A6EB0A02C7
:1032200004EB0A013846C847002802DB00EB0A0617
:103230003046BDE8F087635D0A2B0FD1A5EB0A028B
:1032400004EB0A013846C8470028F2DB0222414657
:103250003846C8470028ECDB05F1010A0135B542C4
:10326000E9D1D9E7DFF83880AA46F8E75D68B9E721
:1032700023780A2BA14602D10D213846A84799F898
:10328000001038460134A8474445F1D1D0E73E4606
:10329000CEE75646CCE72E46CAE700BFD853010812
:1032A000EB76010838B504460D46EFF3058343B1CC
:1032B00000222946204682F00102BDE83840FFF78F
:1032C00081BFF1F719F80028F2D101F01DF9826FE2
:1032D000B2FA82F25209ECE708B5EFF305831BB9A5
:1032E000EFF7F0F9262303604FF0FF3008BDF0B58B
:1032F00089B000230F460093064600285AD0CDE936
:10330000010301A8CDE90333CDE905338DF81C3065
:10331000F7F720F9041E2EDB029D2B8A03F00F0322
:10332000032B42D16B691B6D002B3ED0EEF710FCD6
:103330006B69286A1B6D3A4669469847041E31DB63
:103340002ED12B8A2C6223F00F032B82AB686C6189
:10335000C3B1BFF35B8F0C3555E8003F013B45E837
:103360000032002AF8D1BFF35B8FEEF7FDFB009827
:1033700008B1EFF72DF9069808B1F0F795F8204657
:1033800009B0F0BD304600F06BFB0646EEF7ECFBF3
:1033900016B116F1100F0BD12846EFF719F9E6E731
:1033A0006FF00F04EEF7E0FBF6E76FF01504F3E7BC
:1033B0003446F1E76FF00D04E1E710B5FFF797FF32
:1033C000041E08DAEFF305831BB9EFF77BF96442BB
:1033D00004604FF0FF34204610BD30B589B00C4674
:1033E0000546F7F71DF9002324EA000401A8CDE9FA
:1033F0000233CDE90433019506938DF81C30F7F7BD
:10340000A9F8002821DB0298059900900B78002B81
:1034100037D0038A03F00F03032B34D1436993B3EE
:10342000DB6D93B322469847002804DA44420098A3
:10343000EFF7CEF816E00098EFF7CAF8069810B14B
:10344000F0F732F8002009B030BDEEF781FB2146DD
:103450006A462846EEF7E8FB0446EEF785FB002CAB
:10346000ECDA6442069818B1F0F71EF800230693D0
:10347000EFF3058313B9EFF725F904604FF0FF3040
:10348000E1E71124D3E70624D1E72624CFE70000A3
:103490002DE9F0470F46A6B08046002800F01281C3
:1034A0000378002B00F00E81002900F00B810B78CF
:1034B000002B00F00781002502904FF0010A02A8BE
:1034C000CDE90355CDE9055507958DF820A0F7F70F
:1034D00041F8041E78DB039E338A03F00F03032BAD
:1034E00040F08480DDF8189099F80030002B7DD0F2
:1034F000019573695B6E002B61D009A8CDE9097550
:10350000CDE90B55CDE90D558DF83CA0F7F722F824
:10351000041E2DDB0A9FBE424ED10D9D4846294612
:10352000F7F7E6FB044600B373699B6E53B310AA2A
:10353000294630469847002824DB129B03F4704349
:10354000B3F5804F26D1484600F036FB2A78034673
:10355000002A2FD05F492A4601A8EFF789F90028F1
:103560000FDA002301936FF00B043846EFF730F8C1
:103570000E9808B1EFF798FF019810B3EFF794FF9A
:103580001FE0019D73692A465B6E494630469847A5
:103590000446EAE7736910AA9B6E4946304698478D
:1035A000041EE2DB73699B6D002BEBD0294630468D
:1035B0009847E7E70546E5E76FF01104D5E76FF0B8
:1035C00025043046EFF704F8079818B1EFF76CFFC1
:1035D00000230793002C78DAEFF305831BB9EFF78C
:1035E00071F8644204604FF0FF306FE00024012363
:1035F00010A8CDE91074CDE91244CDE91444099422
:103600008DF85830F6F7A6FFA0422FDB11980190F5
:10361000864208D13046EEF7DBFF159808B1EFF788
:1036200043FF0998A9E7038A03F00F03032B04D192
:10363000EEF7CEFF6FF01104EFE7436913B1836833
:10364000002B34D0404600F0B7FA224903463A46F0
:1036500009A8EFF70DF9002804DA002309936FF0A9
:103660000B04DAE7099F0198EEF7B2FFEEF770FA64
:1036700001AA40F2FF113846EEF7D6FA00281EDB09
:10368000019BB2689A60328A1A8272695A61326A00
:103690001A62404600F0E4F9041E0CDA14F1100F2F
:1036A00009D0384600F0DCF9EEF75EFAB5E73846A7
:1036B00000F0D6F9D7E70024B4603460F4E76FF087
:1036C0001004F1E76FF0150486E7002026B0BDE88E
:1036D000F08700BF594A010870B588B00023CDE9D2
:1036E0000233CDE90433019006930646012301A875
:1036F0008DF81C30F6F72EFF041E0FDA6442069890
:1037000018B1EFF7D1FE00230693EFF3058313B949
:10371000EEF7D8FF04604FF0FF302DE0029D2A8ABB
:103720006B6902F00F02032A0CD163B11B6E2BB33D
:10373000059928469847002816DA44422846EEF7AD
:1037400047FFDCE7E3B9AB68E3B9EEF701FA3046CF
:1037500000F086F90446EEF707FA002C04DA14F1BB
:10376000100F01D06442E9E72846EEF731FF0698D2
:1037700010B1EFF799FE002008B070BD2624DDE7F8
:103780001424DBE72724D9E730B505460C468DB075
:10379000582200212046EFF773FE2B8A03F00F0317
:1037A000052B03D14FF4A043A36032E06B69002BDB
:1037B00039D05A6A0AB99B6813B14FF49273A36067
:1037C0006B699A6A0AB9DB681BB1A36843F092037C
:1037D000A3602A8AA36802F00F02032A00D012B95C
:1037E00043F48043E0E7022A18D143F4C043A360C6
:1037F0006B6973B11B6963B101A92846984700281A
:1038000007DB9DF8043023B1BDF90C20029B534324
:10381000E3612B8BA38000200DB030BDEA69E2612B
:1038200043F40053C0E744F22413BDE7F0B50E465D
:1038300089B0174698B391B303789BB30023CDE9C1
:103840000233CDE904330190069301A801238DF8DA
:103850001C30F6F77FFE041E11DB029D2B8A03F05D
:103860000F03032B12D16B69B3B19B6EA3B1059902
:1038700032462846984704462846EEF7A9FE0698A1
:1038800008B1EFF711FE204609B0F0BD3A463146C7
:103890002846FFF779FFEEE76FF02504ECE76FF0BD
:1038A0000D04F0E76FF00104EDE710B50122FFF71A
:1038B000BDFF041E08DAEFF305831BB9EEF702FF24
:1038C000644204604FF0FF34204610BD10B5002262
:1038D000FFF7ACFF041E08DAEFF305831BB9EEF720
:1038E000F1FE644204604FF0FF34204610BD70B515
:1038F00088B00023CDE90233CDE90433019006936B
:103900000646012301A88DF81C30F6F723FE041E9D
:1039100045DB029D2B8A03F00F03032B13D16A6949
:103920008AB1936D002B48D0059928469847041E0C
:1039300032DB2846EEF74CFE069800283AD10024E8
:10394000204608B070BDAA68002A39D15A1E92B22A
:10395000092A07D9022B28D16B699B693BB32846FA
:1039600098470AE040F2212121FA02F2D2072AD533
:103970006A69D26A3AB328469047041E0CDBEEF718
:10398000E7F8304600F06CF80446EEF7EDF8002C4E
:10399000CFDA14F1100FCCD02846EEF719FE0698B6
:1039A0000028CDD0EFF780FDCAE7002BE7D06FF0FD
:1039B0000504F1E7EFF778FDC1E76FF02504EBE7C9
:1039C0006FF02604E8E7022BC6D0F0E710B5FFF74A
:1039D0008EFF041E09DAEFF305831BB9EEF772FEC2
:1039E000644204604FF0FF3000E0002010BD036827
:1039F0009B070AD5C36843B15B6933B19A6A0AB9B8
:103A0000DA682AB1DB6933B118476FF015007047E7
:103A10006FF01D0070476FF02500704737B50D1E21
:103A200012DB002201A9EEF762FC041E0EDB294620
:103A30000198FFF7DCFF04460198EEF772FC002CBA
:103A400004DB002003B030BD6FF01504EFF30583F5
:103A50001BB9EEF737FE644204604FF0FF30F1E728
:103A600030B589B010B96FF0010030E0002401904A
:103A7000012301A8CDE90244CDE9044406948DF860
:103A80001C30EEF735F9A04215DBDDE9023202B356
:103A9000596851601A460021596042F80C1BBFF367
:103AA0005B8F52E8001F013942E800100028F8D16E
:103AB000BFF35B8F1C46069808B1EFF7F5FC002CAE
:103AC000D1D0E5685DB92046EEF7E4FD284609B09F
:103AD00030BD049C002CEED05A68A260DAE76FF08B
:103AE0000F00F4E7A0F13003092B07D920F02000E4
:103AF000413805288CBF0020012070470120704705
:103B0000A0F14103192B98BF2030704738B5054606
:103B10002820EFF7D1FC044640B9EFF305831BB929
:103B2000EEF7D0FD0C230360204638BD40F601417E
:103B30002846F6F787FB002804DA2046EFF7B4FCA6
:103B40000024F1E72060EFE738B5054648B9EFF308
:103B500005831BB9EEF7B6FD092303604FF0FF3470
:103B600006E00068EEF76AFD04462846EFF79CFC85
:103B7000204638BD38B5044640B9EFF30583C3B9D4
:103B8000EEF7A0FD09230360204638BDEEF79AFD4D
:103B9000056854F8040B22222146FAF78EFD00280E
:103BA00006D1EFF3058424B9EEF78CFD0560EBE751
:103BB000EADA0024E8E7000010B50446C8B103784B
:103BC000BBB1F7F79FF80021204410F8012C2F2AF1
:103BD00000F1FF3307D02F212046F7F79BF800B103
:103BE000441C204610BD001B0128FAD91970184644
:103BF000EBE7014CF5E700BFDF73010810B50446A1
:103C000010B3037803B3F7F77DF80021204410F8D0
:103C1000012C2F2A00F1FF330DD02F212046F7F77A
:103C200079F888B10022A04208D000F80129037871
:103C30002F2BF8D003E0001B012802DC034C2046A8
:103C400010BD19701846E2E7014CF8E7E05301088F
:103C5000DF7301080A462621F6F7F4BA08B5F7F72C
:103C6000C7F808B1D0F8D00108BD2DE9F8430746E0
:103C70001046894615469846F7F744F80646183028
:103C8000EFF72EFC044688B103230371089B036100
:103C9000C0E90298721C29461430EFF7BBFB384686
:103CA000214600F0D8FA0020BDE8F8830C20FBE79D
:103CB00038B50446006808B9206038BD0568EFF7DC
:103CC000F3FB2846F7E703460020186070470170B1
:103CD000002070470B6843700020704781700020FF
:103CE0007047C16000207047931E222BF0B5044638
:103CF000084629D884EAE471144FA1EBE471034625
:103D000091FBF2F502FB15111E46C95D03F8011B7C
:103D10002946002DF4D1002CBEBF2D221A70B31CF1
:103D20001A1A02EBD27464101946451E0244561A40
:103D3000B44202DC00221A70F0BD11F8016D15F8D2
:103D4000017F0F702E70F2E70B46F3E7EE76010865
:103D50002DE9F04F99B00E460192074660B9EFF396
:103D600005850DB1002503E0EEF7ACFC16230360DA
:103D7000284619B0BDE8F08F04783CB9EFF305850B
:103D8000002DEFD1EEF79EFC0223F0E769B94FF466
:103D90008070EFF791FB054648BBEFF30583002BDE
:103DA000E0D1EEF78FFC0C23E1E700252F2C20D08B
:103DB0004FF48071304600F09BF9002845D0304622
:103DC000F6F7A0FF012814D934184FF02F0A4FF04E
:103DD000000B3A782F2A0ED08AB9A64202BF344689
:103DE0002F2304F8013B002323703546C0E7064625
:103DF000DCE73446E9E707F101084746E9E7B8465A
:103E0000C14618F8011F2F2901D00029F8D12E2A08
:103E10000ED1A8EB0702012AEFD079782E2907D11D
:103E2000022A05D1A642E8D014F8013D2F2BFAE76B
:103E3000A21B01324244D21BFF2A0ADDEFF30583A5
:103E40001BB9EEF73FFC242303602846EFF72CFB59
:103E500088E72046A8EB0702394600F801ABEFF7E8
:103E600001FB09F10203DF1B3C44019B84F800B015
:103E7000002BC2D102A93046FFF728FD0130E4D063
:103E800098F800302F2BB8D1049B03F47043B3F59E
:103E9000804FB2D0EFF30583002BD6D1EEF712FCA2
:103EA0001423D1E70022FFF753BF70B506460D4635
:103EB0000024315D19B12846F6F70FFF08B12046FE
:103EC00070BD0134F5E770B50646F6F71BFF451CDB
:103ED0002846EFF7F1FA044618B12A463146EFF7C3
:103EE000C1FA204670BD38B505460C46F6F70AFF04
:103EF000611E2B1811F8012F12B91A70284638BD0F
:103F000003F8012BF6E7421E11F8013B02F8013FCE
:103F1000002BF9D1704700B589B06946FAF7E2FF86
:103F2000C043C00F09B05DF804FB1FB504466946E5
:103F30000020EFF79FFC30B9DDE900010CB1C4E9C6
:103F4000000104B010BD4FF0FF304FF0FF31F8E733
:103F5000014900F005B800BF842C0020FFF7F8BF2E
:103F60002DE9F04FD0E9005887B05F4A002328467A
:103F70000C464146F3F742FD5C4BC0F1000B03FBDE
:103F800001BBA0FB039319EB05099B444BEB080B0A
:103F90000F4606464FF46162002348465946F3F740
:103FA0002DFD4FF461614143B9EB01096BEBE17108
:103FB00001903C2200234846F3F720FD3C2303FBFD
:103FC000109302900393284645A3D3E9002341466A
:103FD000F3F714FD40F2B55141438500761A05F21E
:103FE000B27067EBE177F6F7EDFE40F26D1800284E
:103FF00015BF4FF0010A4FF0000A4FF4B773434664
:104000009E4277F100014FEAE3724FDA05F2B27B8C
:104010000B234FF0000808EB03094FEA690909F187
:1040200001021046514605930492F6F7BFFE4FEA8F
:10403000E07C864277EB0C03DDE904234ADA514643
:104040004846F6F7B3FEC317864277EB030343DA1D
:1040500009F1FF339845DEDB51464046F6F7A6FEF0
:10406000019BA360361A029B6360701C039B236054
:1040700046355A4608F10101C4E90485E06000F0C4
:10408000F7F8A06158462569F6F79CFE011E18BF97
:1040900001212846F6F78AFE002306442046C4E99B
:1040A0000833E661A36207B0BDE8F08FF61A05F2A7
:1040B000B37067EB0207F6F785FE05F101090028EA
:1040C00015BF4FF0010A4FF0000A4FF4B773434693
:1040D0004D4695E79046BDE7C846BDE7AFF3008083
:1040E000801F8607000000008051010080AEFEFFA7
:1040F00070B50D46044658B179B9EFF3058414B193
:104100000024204670BDEEF7DDFA16230360F8E7C1
:1041100040F20113002908BF1D461448144EEFF762
:10412000FBFB002818BF06463046F6F7EBFD0130D2
:10413000A84207D9EFF30584002CE1D1EEF7C2FACB
:104140002223E3E764B92846EFF7B6F9044638B905
:10415000EFF30583002BD3D1EEF7B4FA0C23D5E7A8
:104160002A4631462046EFF755F9CAE71677010887
:10417000E053010807B50023CDE9003300F00EF944
:1041800003B05DF804FB08B500F0B9F908BD08B547
:1041900000F0B5F9083008BD08B500F0B0F90C30F2
:1041A00008BD000070B596B069460646FFF77DFB76
:1041B000041E33DB029B03F47043B3F5804F09D038
:1041C000EFF305831BB9EEF77DFA142303604FF07C
:1041D000FF3423E04FF48070F6F754FA054618B91F
:1041E0002846F6F77BFAF2E701463046FFF75AFE1B
:1041F0000028F5D00B48EFF78FFB0B490122002870
:1042000018BF01460948F1F7FFFA0648012229467E
:10421000F1F7FAFA04462846F6F760FA204616B097
:1042200070BD00BF16770108E0530108137701083D
:1042300038B50C460221F6F705F8051E08DB2146C5
:10424000FFF7ECFB04462846EEF7F8F9204638BDA8
:104250004FF0FF34FAE70368002223B932B111604E
:1042600000230B6070471A461B68F6E70160F7E70A
:104270000229DCBF02F1FF320C31002A02EB0003FD
:104280001046B8BFD01C03EBA0036FF0630092FB95
:10429000F0F0034402394FF4C87092FBF0F213447B
:1042A0000C20C1EB411191FBF0F107200B4493FB73
:1042B000F0F0C0EBC000181A70472DE9F043002A57
:1042C00067D0D0F810900027D2F800C01646BCF195
:1042D000000F03D199F80030C3602BE04C4614F86E
:1042E00001EB1CF8015BBEF13D0F14BFF0464FF02F
:1042F0000008B8EB050502D1B8F1000FEFD1BEF10F
:104300003D0F18BF00241032002D40D1ACB182689F
:1043100005610132826072685AB1013A012A38D8C7
:104320000460D6E902200AB1106000201BB11F60B2
:1043300001E005603F20BDE8F0837268012A13D0D8
:10434000022A05D02ABB8268046101328260E8E754
:104350008268013251F8224014B124782D2C03D107
:10436000002101610160F1E78268551C002451F8C9
:10437000251021B191F800C0BCF12D0F03D10461CB
:1043800004608560D6E7046101600232DEE7013730
:104390009AE7002303754FF0FF30CCE72DE9F04793
:1043A000DDF820909DF824A080460F4616461D4655
:1043B00000F0A5F80446C0B1002F00F09A80836891
:1043C000002B01DD037D3BB901233F21C4E902310C
:1043D0000022226022612375216959B10A7832B125
:1043E0003A2A1CD10131E26021613F252CE0A3680B
:1043F0000133A360A368434506DB00232361002348
:1044000023754FF0FF351FE057F823102161002975
:10441000F5D00B782D2BF2D101312161DCE71AF0B8
:10442000010F68D02D2A12D1013121612A464B4655
:1044300039462046FFF741FF3F28054604D1A368CF
:104440000133A360002323612846BDE8F0871AF0FA
:10445000020F0ED02A464B4639462046FFF72DFF65
:104460003F280546F0D12369002BE8D05B78002B6C
:10447000E5D18EB1357823693A2D08BF0136197818
:10448000304618BF3F25F6F728FC236960B913F8BA
:10449000012BC4E90323A8E723691B78C4E9033689
:1044A000A3680133A360A0E742783A2A03D001331E
:1044B00023610578C8E7A2685E78511C26B10133F4
:1044C0002360A1600023F3E757F821303BB11F7848
:1044D0002D2F04D002322360A2602661E9E7002379
:1044E000236123600378C4E9021383783A2BABD1AC
:1044F000DFE7077585E7002EBCD1267581E708B593
:10450000F6F776FC103008BD014B1868704700BF05
:10451000D812002010B5044688B000B3382200211C
:10452000EEF7AEFF01A800F0C9F92369019A134420
:104530002361069A636913446361EFF7ACF9323083
:104540004FF000034FF0640241F10001F3F756FA17
:104550000123206023856363002008B010BDEFF3C2
:1045600005831BB9EEF7AEF8162303604FF0FF305A
:10457000F3E72DE9F843054689461646EFF311881F
:10458000802383F31188EFF72DFE80B3846874B322
:10459000476C17F480772AD1204600F066F8637DD7
:1045A0002BB966F07F036375C4F82890012716F0D5
:1045B000020904F1180017D0EEF716F90646204656
:1045C00000F057F8002E08DA17B10023A3626375D4
:1045D000B9F1000F0CBF354600255FFA88F888F363
:1045E00011882846BDE8F883EEF7DAF8E6E76FF0C1
:1045F0000905F2E710B5FFF7BCFF041E08DAEFF378
:1046000005831BB9EEF75EF8644204604FF0FF3497
:10461000204610BD00281FB511DB3F2912D8042306
:1046200000228DF804100DEB03018DF805208DF8A4
:1046300006300292F7F75AFB05B05DF804FB6FF005
:104640002500F9E76FF01500F6E710B5FFF7E2FF78
:10465000041E08DAEFF305831BB9EEF733F8644262
:1046600004604FF0FF34204610BD037D0133037515
:104670007047027D013A0275F1F7D8B94FF606731B
:10468000984210B50C460FD04FF60A73984219D0D5
:104690006FF01804EFF305831BB9EEF713F86442CB
:1046A00004604FF0FF3408E049B18B7A0A89207822
:1046B000496800F009F8041EECDB204610BD6FF0DD
:1046C0001504E7E70024F8E72DE9F341074601FB6D
:1046D00002F00C4616469846EEF7EEFE054680B10F
:1046E00022460146CDF800803346384600F096F861
:1046F000041E02DA2846EEF7D7FE204602B0BDE8D7
:10470000F0816FF00B04F8E7026A9379013393713B
:104710000020704740F20153994205D122B1036A4B
:104720009B681360002070476FF01800704710B549
:10473000C3795A07044604D59B0702D08068EEF778
:10474000B3FE2046BDE81040EEF7AEBE08B5006AE5
:10475000C37943F00403C37183790BB9FFF7E7FF13
:10476000002008BD08B5006A8379013BDBB2837184
:1047700023B9C3795B0701D5FFF7D9FF002008BD36
:1047800010B50B4689B1046A2C2200211846EEF7B9
:1047900077FE01220270E27902F001028270226843
:1047A0004260A2880281002010BD6FF01500FBE777
:1047B00070B506461C46336A15461A68AA42084672
:1047C0000CD929198A4209D399889B6801FB04F204
:1047D00001FB0531EEF746FE204670BD6FF0150077
:1047E000FBE738B51C46036A1546DA79D2070FD5C0
:1047F0001A68AA420FD9281982420CD398889B685C
:1048000000FB04F200FB0530EEF72CFE204638BD1D
:104810006FF00C00FBE76FF01A00F8E72DE9FF419D
:1048200005460C200E4690461F46EEF759FE0446FC
:10483000E8B19DF828300F4AC0F8008003F0030368
:10484000C37187802B46866010216846F6F72FF8E3
:10485000094923460022684600F010F8051E02DAD6
:104860002046EEF721FE284604B0BDE8F0816FF047
:104870000B05F8E71A77010828770108F7B5044611
:1048800017460E461D46EDF763F9204601AA394644
:10489000EDF7CAF9041E0EDB0198028A466122F088
:1048A0000F0242F0020202820562EDF75DF9002478
:1048B000204603B0F0BDEDF757F9F9E710B5034B0B
:1048C0000446196800F01CF8204610BDFC110020B9
:1048D000426822F00303D20706D58A6801328A6053
:1048E0000A6913440B6170474A6801324A604A6999
:1048F0001A444A614068CA68904288BFCB607047DA
:1049000070B588B00C4606461C22002101A8EEF7BF
:10491000B7FD01AA20460D4900F01AF8236903F5F6
:10492000AE730193059B03F5AE730593636901AC08
:1049300003F5AE7307930FCC35460FC594E8070017
:1049400085E80700304608B070BD00BFD1480108B7
:104950002DE9F04104460E461746EEF77DFE20464F
:10496000EEF700FF002813DBE569236AAB4207D8A6
:1049700028463946B0472046BDE8F041EEF70EBF65
:104980006B68284623F003083946B0474544ECE7F6
:10499000BDE8F081B0300020000002400004024079
:1049A00000080240000C02402F6465762F636F6E92
:1049B000736F6C65002F6465762F747479533000C3
:1049C0002F6465762F7474795378000000000020FE
:1049D000B400002000000000000000000000000003
:1049E00000000000C507000855070008D9060008A8
:1049F000BD060008190600081F0600083B0600084F
:104A00006B0600087906000883060008AF06000858
:104A1000AF060008000000000000000000000000D9
:104A200070616E6963000D00250E000861180008B2
:104A3000000000000000000000000000191600083F
:104A4000000000000000000055130008C11000081D
:104A50000D0F0008AB0E00080025732F25730069A9
:104A60006E66006E616E00286E756C6C2900000029
:104A70000080E03779C3314300003426F56BFC42F7
:104A80000000901EC4BCC642000040E59C3092422B
:104A9000000000A2941A5D42000000E87648274218
:104AA000000000205FA0F2410000000065CDBD4184
:104AB0000000000084D7874100000000D01253415D
:104AC0000000000080841E4100000000006AE840F1
:104AD000000000000088B3400000000000407F405C
:104AE00000000000000049400000000000001440E9
:104AF0009A9999999999B93F7B14AE47E17A843F85
:104B00002D431CEBE2361A3F3A8C30E28E79453E5B
:104B1000BC89D897B2D29C3C33A7A8D523F6493993
:104B20003DA7F444FD0FA5329D978CCF08BA5B25B5
:104B3000436FAC642806C80A00000000000024404F
:104B40000000000000005940000000000088C34041
:104B50000000000084D797410080E03779C34143CB
:104B6000176E05B5B5B89346F5F93FE9034F384DD3
:104B7000321D30F94877825A3CBF737FDD4F15757F
:104B80006E73685F6D61696E004170704272696E2C
:104B90006755700025733A2025703A202530387803
:104BA0002025303878202530387820253038782076
:104BB0002530387820253038782025303878202561
:104BC0003038780A0025733A2020202025346420CC
:104BD0002535642025336420252D387320252D3775
:104BE0007320252D336320252D313873202530384F
:104BF0006C782530386C7820257020202025377A75
:104C000075202020257325730A003C6E6F6E616D40
:104C1000653E0025733A20257320537461636B3A17
:104C20000A0025733A202020626173653A202570BE
:104C30000A0025733A20202073697A653A202530CE
:104C4000387A750A0025733A202020202073703AA4
:104C50002025700A004B65726E656C0025733A2042
:104C600043757272656E742056657273696F6E3A21
:104C70002025732025732025732025732025730A92
:104C80000025733A20417373657274696F6E2066F4
:104C900061696C65642025733A2061742066696CD3
:104CA000653A2025733A2564207461736B3A202598
:104CB000732070726F636573733A202573202570BB
:104CC0000A0025733A204552524F523A20537461DC
:104CD000636B20706F696E7465722025786973202C
:104CE0006E6F742077697468696E207468652073CC
:104CF0007461636B0A004952510025733A20455292
:104D0000524F523A20537461636B20706F696E7416
:104D10006572202578206973206E6F74207769741E
:104D200068696E2074686520737461636B0A00554E
:104D30007365720025733A20202020504944204793
:104D4000524F55502050524920504F4C4943592002
:104D5000202054595045202020204E505820535494
:104D60004154452020204556454E542020202020E7
:104D7000205349474D41534B202020202020202004
:104D80002020535441434B4241534520205354412A
:104D9000434B53495A45202020434F4D4D414E44EB
:104DA0000A0025733A2020202D2D2D2D2020202D86
:104DB0002D2D202D2D2D202D2D2D2D2D2D2D2D204A
:104DC0002D2D2D2D2D2D2D202D2D2D202D2D2D2D2D
:104DD0002D2D2D202D2D2D2D2D2D2D2D2D2D202D1D
:104DE0002D2D2D2D2D2D2D2D2D2D2D2D2D2D2D2000
:104DF00025702020202537752020206972710A0037
:104E00005461736B0070746872656164004B746800
:104E10007265616400496E76616C6964004649465A
:104E20004F0052520053504F524144494300647561
:104E30006D705F7461736B0064756D705F74617326
:104E40006B7300737461636B5F64756D7000647580
:104E50006D705F737461636B696E666F0064756D0E
:104E6000705F737461636B730064756D705F617301
:104E7000736572745F696E666F0000001D4E0108F5
:104E8000224E0108254E010800000000004E0108D6
:104E9000054E01080D4E0108154E01085761697451
:104EA000696E672C4D757465783A256400576169A1
:104EB00074696E672C556E6C6F636B00526561642C
:104EC000790052756E6E696E6700496E6163746930
:104ED00076650057616974696E672C53656D617002
:104EE000686F72650057616974696E672C536967F2
:104EF0006E616C0057616974696E672C4D51206555
:104F00006D7074790057616974696E672C4D51201A
:104F100066756C6C00000000154E0108AD4E01086E
:104F2000BC4E0108C24E0108CA4E0108D34E01080A
:104F3000E54E0108F44E0108054F010820257020B8
:104F4000257000202573003C6E6F6E616D653E001C
:104F500025733D2573004552524F523A2073746DAC
:104F600033325F70776D5F736574757028292066C2
:104F700061696C65643A2025640A002F6465762FA8
:104F800070776D30002F6465762F70776D31005B20
:104F9000414752495D2048656172746265617420C1
:104FA0006D61696E5F6D6F64653D25752073756217
:104FB0005F6D6F64653D2575206D697373696F6EF4
:104FC0003D25640A005B414752495D205370656589
:104FD000643D252E3266207370726179696E673D7B
:104FE00025640A000A3D3D3D205061796C6F616483
:104FF00020436F6E74726F6C6C6572203D3D3D0A8C
:10500000004552524F523A2050574D20696E6974F4
:10501000206661696C65643A2025640A00E29C930D
:1050200020536572766F2031202854494D322D432C
:1050300048312900E29C9320536572766F2032201C
:105040002854494D322D4348322900E29C93205385
:105050006572766F2033202854494D332D434831F3
:105060002900E29C9320536572766F2034202854E7
:10507000494D332D4348322900E29C9320536572F9
:10508000766F2035202854494D332D43483329204D
:1050900000E29C9320536572766F20362028544995
:1050A0004D332D4348342900E29C932050574D2026
:1050B0004F4B0A002F6465762F7474795331004585
:1050C00052524F523A20416464206368616E6E65AB
:1050D0006C206661696C65643A2025640A0045525B
:1050E000524F523A204D41564C696E6B20696E69A1
:1050F00074206661696C65643A2025640A00455233
:10510000524F523A2043616E6E6F74206372656134
:105110007465206D61766C696E6B207461736B3A97
:105120002025640A00E29C93204D41564C696E6B29
:10513000207461736B2073746172746564000A5B20
:105140005061796C6F61645D202D2D2D2D2D2D2DDD
:105150002D2D2D2D2D2D2D2D2D20416C6C20737975
:105160007374656D732072756E6E696E67202D2D78
:105170002D2D2D2D2D2D2D2D2D2D2D2D2D0A00E2FA
:105180009C9320436C65616E757020646F6E650A38
:1051900000E29C93204D41564C696E6B204F4B0AA8
:1051A000006D61766C696E6B5F72656376000000FE
:1051B000B18300085D830008D5810008E9820008FA
:1051C000AF80000825733A2052303A202530386CE1
:1051D000782052313A202530386C782052323A20EB
:1051E0002530386C78202052333A202530386C78BE
:1051F0000A0025733A2052343A202530386C782042
:1052000052353A202530386C782052363A202530F5
:10521000386C78202046503A202530386C780A00C7
:1052200025733A2052383A202530386C7820534282
:105230003A202530386C7820534C3A202530386C91
:1052400078205231313A202530386C780A002573A5
:105250003A2049503A202530386C782053503A2073
:105260002530386C78204C523A202530386C782024
:105270002050433A202530386C780A0025733A20B4
:10528000785053523A202530386C782042415345AB
:105290005052493A202530386C7820434F4E5452B2
:1052A0004F4C3A202530386C780A0025733A204557
:1052B00058435F52455455524E3A202530386C7849
:1052C0000A0075705F64756D705F726567697374ED
:1052D000657200005F890008F98A0008C589000826
:1052E000118A0008D3890008DF8900080000000047
:1052F00015890008218C0008538A00080B8A0008D1
:10530000B98E0008038C000881900008000000009E
:10531000019C0008439C0008FD9B00083F9D00087D
:1053200000000000779C0008000000000000000062
:10533000000000000000000000000000000000006D
:105340002F6465762F6E756C6C0000000000000005
:10535000000000008D9D0008919D000800000000E5
:10536000000000000000000000000000959D000803
:105370000000000000000000000000002F646576BF
:105380002F7A65726F00000000000000000000002E
:10539000E19D0008C59D000800000000000000001D
:1053A0000000000000000000C99D0008000000008F
:1053B0000000000000000000C053010800000000D1
:1053C000459E0008459E000800000000099E000858
:1053D0000000000000000000B85301082573257389
:1053E0002F0000004DA5000897A30008BBA20008ED
:1053F00000000000DDA300088DA2000800000000EE
:10540000000000000000000000000000000000009C
:10541000000000004E757474580031322E31332E66
:10542000300061726D0000001F003B005A007800E0
:105430009700B500D400F300110130014E016D0159
:10544000556D656D005B4D41564C696E6B5D205529
:10545000534220636F6E6E6563746564202D3E2039
:105460002F6465762F74747941434D30005B504151
:1054700052414D5D2053656E64205B25752F257567
:105480005D202573203D20252E31660A005B4D41AD
:10549000564C696E6B5D205258206D736769643D90
:1054A000252D34752073797369643D257520636FEC
:1054B0006D7069643D25750A005B4D41564C696EFF
:1054C0006B5D20434D44202575202070313D252EF5
:1054D00031662070323D252E31662070333D252EF9
:1054E00031662070343D252E31662070353D252EE5
:1054F00031662070363D252E31662070373D252ED1
:1055000031660A005B504152414D5D205265717514
:10551000657374206C697374202D3E2073656E640E
:10552000696E6720257520706172616D730A005B7A
:10553000504152414D5D204E6F7420666F756E6410
:105540003A20252E3136730A005B504152414D5DA1
:10555000205741524E494E473A20536176652066A6
:1055600061696C65643A2025640A005B4D41564CC4
:10557000696E6B5D204D697373696F6E2072657122
:1055800075657374206C697374202D3E2073656E8D
:1055900064696E6720656D707479206C697374003E
:1055A0005B46435F504152414D5D20556E6B6E6FBF
:1055B000776E20706172616D2066726F6D20464358
:1055C0003A20252E3136732C2069676E6F72656420
:1055D0000A005B4D41564C696E6B5D2052756E6ED4
:1055E000696E67202073797369643D256420636F59
:1055F0006D7069643D25642020706172616D733D3A
:1056000025750A005B4D41564C696E6B5D20555304
:105610004220646973636F6E6E6563746564005BDA
:105620004D41564C696E6B5D204552524F523A20A7
:1056300043616E6E6F74206F70656E2025733A2023
:1056400025640A005B4D41564C696E6B5D205741E5
:10565000524E3A20556E6B6E6F776E2062617564A4
:105660002025642C2064656661756C74696E672002
:10567000746F2035373630300A005B4D41564C6927
:105680006E6B5D204552524F523A207463676574C9
:1056900061747472206661696C65643A2025640ADD
:1056A000005B4D41564C696E6B5D204552524F5226
:1056B0003A20746373657461747472206661696CF6
:1056C00065643A2025640A005B4D41564C696E6B57
:1056D0005D2055415254204F4B20206465763D2576
:1056E0007320626175643D25640A005B4D41564C30
:1056F000696E6B5D20555342206E6F742072656138
:1057000064792C2077696C6C2072657472792065DD
:1057100076657279203273000000000032090900BA
:1057200000000000010000007C1F2B0000000000B2
:1057300002000000890C0C000000000004000000C2
:10574000ED0E0E030C0D000005000000D91C1C011D
:1057500000000000060000006803030000000000D5
:105760000700000077202000000000000800000073
:1057700075242400000000000B00000059060601FB
:105780000400000014000000D614140302030000FB
:10579000150000009F020203000100001600000037
:1057A000DC1919000000000017000000A8171703FB
:1057B0000405000018000000181E3400000000005E
:1057C0001900000017656500000000001A000000C5
:1057D000AA161800000000001B000000901A1D000F
:1057E000000000001C00000043101000000000003A
:1057F0001D000000730E1000000000001E000000DD
:10580000271C1C00000000001F000000F6203000D4
:105810000000000020000000B91C1C000000000077
:1058200021000000681C1C00000000002200000095
:10583000ED1616000000000023000000F41616000C
:105840000000000024000000DE152500000000001C
:1058500025000000D4060703040500002600000010
:10586000090607030405000027000000FE252603A3
:105870002021000028000000E604050302030000C8
:10588000290000001C040403020300002A00000099
:105890001C021200000000002B0000008402030321
:1058A000000100002C000000DD04090302030000D9
:1058B0002D000000E8020303000100002E0000009C
:1058C0000B020200000000002F00000099030803F3
:1058D0000001000030000000290D15010C0000003F
:1058E00031000000270C140000000000320000000E
:1058F0004E2525031213000033000000C4040503E5
:1059000002030000360000000F1B1B0318190000E3
:105910003700000003191900000000003D000000DE
:10592000A7484800000000003E000000B71A1A0017
:10593000000000003F00000077B5B5000000000047
:1059400040000000BFE1E100000000004100000055
:10595000762A2A0000000000420000009406060398
:1059600002030000430000001504040000000000D2
:1059700045000000F30B1E010A0000004600000075
:105980007C12260310110000490000002625260382
:10599000202100004A000000141414000000000040
:1059A0004B0000009E2323031E1F00004C0000003C
:1059B000982121031E1F00004D0000008F030A03E1
:1059C00008090000500000000E0404030203000058
:1059D000510000006A16160000000000520000008E
:1059E000312733032425000053000000162525002D
:1059F00000000000540000008F35350332330000F2
:105A0000550000008C3333000000000056000000F9
:105A1000053535033233000057000000963333005C
:105A20000000000059000000E71C1C0000000000FE
:105A30005A000000B7383800000000005B0000008A
:105A40003F2A2A00000000005C00000036212100EF
:105A5000000000005D0000002F5151000000000018
:105A600064000000AF1A2200000000006500000082
:105A70006620750000000000660000009E20750092
:105A80000000000067000000D01439000000000092
:105A90006800000038207400000000006900000069
:105AA0005D3E3F00000000006A0000008A2C2C00D0
:105AB000000000006B0000006C404100000000008E
:105AC0006C00000020545C00000000006D0000002D
:105AD000B9090900000000006E00000054FEFE033A
:105AE000010200006F0000002210120310110000DC
:105AF00070000000AE0C0C000000000071000000FF
:105B00007C2427000000000072000000ED2C2C0017
:105B1000000000007300000004404000000000008E
:105B2000740000004C161800000000007500000012
:105B3000800606030405000076000000380E0E0003
:105B40000000000077000000740C0C030A0B00003A
:105B5000780000008661610000000000790000000C
:105B6000ED020203000100007A000000CB020203F4
:105B7000000100007B000000FA71710300010000C9
:105B80007C00000057233900000000007D00000069
:105B9000CB060600000000007E000000DC4F510331
:105BA0004F5000007F000000192323000000000078
:105BB00080000000E22323000000000081000000BC
:105BC0002E16180000000000820000001D0D0D00C0
:105BD0000000000083000000DFFFFF000000000065
:105BE00084000000550E2700000000008500000022
:105BF000061212000000000086000000E52B2B00BA
:105C00000000000087000000CB0808000000000032
:105C10008800000001161600000000008900000046
:105C2000C30E1000000000008A0000006D24780000
:105C3000000000008B000000A82B2B03292A000085
:105C40008C000000B5292900000000008D00000034
:105C50002F202000000000008E00000048F3F30019
:105C6000000000008F000000830E10000000000004
:105C7000900000007F5D5D000000000092000000C9
:105C80006764640000000000930000009A2436005E
:105C90000000000094000000B23C4E000000000034
:105CA00095000000C81E3C0000000000A20000009B
:105CB000BD08090000000000C0000000242C3600D0
:105CC00000000000E1000000D04149000000000099
:105CD000E6000000A32A2A0000000000E700000000
:105CE0006928280000000000E8000000973F4100FC
:105CF00000000000E900000023B6B600000000002C
:105D0000EA0000009628280000000000EB000000D8
:105D1000B32A2A0000000000F10000005A202000F1
:105D200000000000F200000068343C0000000000A9
:105D3000F300000055353D0134000000F400000080
:105D40005F06060000000000F5000000820202006D
:105D500000000000F6000000B82626000000000049
:105D6000F70000005113130000000000F8000000CD
:105D700008FEFE0303040000F9000000CC24240008
:105D800000000000FA000000311E1E0000000000AC
:105D9000FB000000AA12120000000000FC0000003E
:105DA0002C12120000000000FD00000053333600EA
:105DB00000000000FE0000002E09090000000000A5
:105DC00000010000472A2A03080900000101000021
:105DD000830909000000000002010000BB20E80365
:105DE00000010000030100005CEBED00000000007A
:105DF0000401000092050E000000000005010000F3
:105E0000B31B3D0000000000060100000C1217004B
:105E1000000000000701000085FFFF0000000000F7
:105E200008010000311C20000000000009010000F2
:105E30001A101400000000000A010000C1FFFF0357
:105E4000020300000B01000023FFFF030203000018
:105E50000C0100000E040403020300000D01000009
:105E60006DD5D700000000000E0100003B131400A8
:105E7000000000000F010000163435000000000093
:105E8000130100007E1F200000000000140100002C
:105E90001231320000000000150100003E1E1E00FD
:105EA0000000000018010000462121000000000051
:105EB00019010000300D0D00000000001A01000063
:105EC0007B232303202100001B0100004A90950042
:105ED000000000001C010000632020031E1F0000C2
:105EE0001D01000089283103262700001E01000043
:105EF000D2353903323300001F01000001171703A8
:105F000014150000200100001417170314150000D9
:105F100022010000FB2E2E000000000023010000E3
:105F20000A3939000000000027010000EA0C0C00CB
:105F300000000000280100009E29290324250000FC
:105F40002B01000013606200000000002C01000023
:105F5000D9161600000000002D010000F33A3A00A7
:105F600000000000360100001C11110000000000BC
:105F7000370100005F747400000000004001000061
:105F8000F31414030203000041010000580202034D
:105F90000001000042010000F395950000000000A0
:105FA000430100004E9393030001000044010000F0
:105FB00084929200000000004A010000179EA70092
:105FC000000000004B0100005BE6E900000000005B
:105FD0004C010000ECEFEF00000000004D0100005C
:105FE000E76D6D00000000004E010000480A35001A
:105FF000000000004F010000E11818000000000040
:1060000050010000F554540000000000530100004E
:10601000C70505000000000054010000634646006B
:106020000000000059010000D11515030203000013
:106030005E010000E814FC000000000068010000A0
:106040000B19190000000000690100005D2121000A
:1060500000000000720100004B576D0000000000BE
:10606000730100000A1A1A00000000007401000009
:106070001A8C8C000000000075010000752A2A00AF
:106080000000000077010000FB8C8C000000000085
:1060900078010000C7080800000000007C01000033
:1060A000E8141400000000008101000093858503BE
:1060B00002030000820100008410100304050000A8
:1060C0008301000004484803040500008401000027
:1060D0000825250320210000860100009CEEF00029
:1060E000000000008B01000000D4D400000000007C
:1060F0008C01000032A0A000000000008D01000013
:10610000B66C6C0000000000900100006EFEFE0303
:106110000405000091010000B70606030405000015
:106120009A010000A0353500000000009B0100002E
:106130006A030300000000009C0100002106060322
:10614000040500009D0100004D0707030405000041
:10615000B3010000862E2E0000000000B4010000F4
:10616000C109090000000000B50100001E01010086
:1061700000000000B80100004223230000000000DE
:106180002823000071898900000000002D230000F1
:10619000752222000000000064320000722C2C03E3
:1061A0000001000065320000FE3B3B031E1F0000A3
:1061B000663200008C3535030405000067320000AC
:1061C000F92E2E0300010000683200004D36360320
:1061D0001C1D000069320000312B2B030001000060
:1061E000733200005EF9F90300010000763200000E
:1061F0008B333300000000007732000007121203D7
:1062000010110000783200001405050000000000A5
:10621000982F8A4291443771CFFBC0B5A5DBB5E911
:106220005BC25639F111F159A4823F92D55E1CAB85
:1062300098AA07D8015B8312BE853124C37D0C5513
:10624000745DBE72FEB1DE80A706DC9B74F19BC15B
:10625000C1699BE48647BEEFC69DC10FCCA10C244B
:106260006F2CE92DAA84744ADCA9B05CDA88F9762F
:1062700052513E986DC631A8C82703B0C77F59BF99
:10628000F30BE0C64791A7D55163CA0667292914C5
:10629000850AB72738211B2EFC6D2C4D130D385362
:1062A00054730A65BB0A6A762EC9C281852C729224
:1062B000A1E8BFA24B661AA8708B4BC2A3516CC752
:1062C00019E892D1240699D685350EF470A06A108B
:1062D00016C1A419086C371E4C774827B5BCB034DA
:1062E000B30C1C394AAAD84E4FCA9C5BF36F2E6878
:1062F000EE828F746F63A5781478C8840802C78C07
:10630000FAFFBE90EB6C50A4F7A3F9BEF27871C609
:106310005B504152414D5D204552524F523A20460A
:106320006C61736820627573792074696D656F752F
:1063300074005B504152414D5D204552524F523ADC
:1063400020466C6173682053523D30782530386C9C
:10635000580A005B504152414D5D2052657365748F
:1063600020746F2064656661756C7473005B5041C6
:1063700052414D5D20536176696E6720256420701F
:106380006172616D7320746F2030782530386C58DD
:106390002E2E2E0A005B504152414D5D2045525237
:1063A0004F523A205772697465206661696C656462
:1063B00020617420776F726420257A753A202564F5
:1063C0000A005B504152414D5D204552524F523AB6
:1063D0002053617665206661696C65643A202564A6
:1063E0000A005B504152414D5D204552524F523A96
:1063F00020566572696679204641494C4544210022
:106400005B504152414D5D2053617665204F4B20DA
:10641000206D616769633D30782530386C582063A2
:106420006F756E743D256C75206373756D3D3078A6
:106430002530386C580A005B504152414D5D203D7B
:106440003D3D3D3D20256420706172616D73203DAE
:106450003D3D3D3D0A005B504152414D5D202020B5
:106460005B2532645D20252D313673203D20252E9D
:1064700033660A005B504152414D5D203D3D3D3D3C
:106480003D3D3D3D3D3D3D3D3D3D3D3D3D3D3D3D3C
:106490003D3D005B504152414D5D20496E69742085
:1064A000402030782530386C582028736563746F2D
:1064B000722037290A000000100000006464006E9A
:1064C0007368006167726963756C747572655F707B
:1064D00061796C6F6164000005000000BC64010814
:1064E0006400000000080000C1DB0008BF64010870
:1064F0006400000000080000C5E1000817740108EE
:10650000640000000008000005E20008C364010800
:106510006400000000080000496B00080000000053
:1065200000000000000000000000000075736167BB
:10653000653A0A0020202573205B69663D3C696E40
:1065400066696C653E5D205B6F663D3C6F75746689
:10655000696C653E5D205B62733D3C73656374737B
:10656000697A653E5D205B636F756E743D3C736553
:1065700063746F72733E5D205B736B69703D3C7337
:106580006563746F72733E5D205B7365656B3D3C44
:10659000736563746F72733E5D205B7665726966C6
:1065A000795D205B636F6E763D3C6E6F63726561F3
:1065B000742C6E6F7472756E633E5D0A0025733ABB
:1065C000206661696C656420746F20726561643A4D
:1065D0002025730A0069663D006F663D0062733DC9
:1065E00000636F756E743D00736B69703D00736579
:1065F000656B3D0076657269667900636F6E763D06
:10660000006E6F7472756E630025733A20756E6B41
:106610006E6F776E20636F6E76657273696F6E2032
:1066200027252E2A73270A002D2D68656C700025FA
:10663000733A20696E76616C696420706172616D75
:1066400065746572733A2025730A0025733A2066D3
:1066500061696C656420746F206D616C6C6F633A66
:106660002025730A0025733A206661696C656420F1
:10667000746F206F70656E20272573273A2025736D
:106680000A0025733A206661696C656420746F2086
:106690006C7365656B3A2025730A0025733A206692
:1066A00061696C656420746F206C7365656B206F25
:1066B0006E206F75747075743A2025730A00257307
:1066C0003A206661696C656420746F207772697422
:1066D000653A2025730A00256C6C75206279746513
:1066E000732028256C7520626C6F636B732920639F
:1066F0006F706965642C20257520757365632C2087
:10670000002575204B422F730A0025733A206661DD
:10671000696C656420746F20696E6664206C7365B3
:10672000656B3A2025730A0025733A206661696C0F
:10673000656420746F206F75746664206C73656582
:106740006B3A2025730A0025733A206661696C65EF
:106750006420746F206F7574666420726561643A9A
:106760002025640A00696E66696C65207365637430
:106770006F72202564000A6F757466696C652073FA
:106780006563746F722025640025733A2066616921
:106790006C656420746F2064642076657269667924
:1067A0003A2025640A002573206661696C656420BF
:1067B000746F20636C6F7365206F757466643A251F
:1067C000730A002573206661696C656420746F200C
:1067D000636C6F736520696E66643A25730A006E98
:1067E0006F6372656174004552524F523A206E7366
:1067F000685F636F6E736F6C656D61696E282920C9
:1068000072657475726E65643A2025640A0025739A
:1068100020282570293A0A00253034782020257355
:106820000A00556E6B6E6F776E206572726F720024
:10683000556E6B6E6F776E206572726F7220256475
:106840000000000000000000000000003200000016
:10685000010000004B000000020000006E0000007C
:106860000300000086000000040000009600000005
:1068700005000000C8000000060000002C01000018
:10688000070000005802000008000000B0040000EB
:1068900009000000080700000A000000600900006D
:1068A0000B000000C01200000C000000802500005A
:1068B0000D000000004B00000E00000000960000DC
:1068C0000F00000000E100000110000000C2010004
:1068D00002100000008403000310000000080700FD
:1068E0000410000020A107000510000000CA0800E5
:1068F0000610000000100E000710000040420F00BC
:1069000008100000009411000910000060E3160058
:106910000A10000080841E000B100000A025260035
:106920000C100000C0C62D000D100000E0673500FF
:106930000E10000000093D000F1000005053310000
:106940006E73683E20002D680055736167653A20BC
:106950002573205B3C7363726970742D7061746879
:106960003E7C2D63203C636F6D6D616E643E5D0AFD
:10697000002D6300726561646C696E65006E7368FA
:106980005F73657373696F6E001B5B4B24006F70E0
:10699000656E007768696C6500756E74696C00647B
:1069A0006F00646F6E65006C7365656B00696600EF
:1069B0007468656E00656C7365006669006E696376
:1069C00065002D6400260000FFFFFFFFFFFFFFFFB3
:1069D000FFFFFFFF000000000000000000000000BB
:1069E0000000000000000000000000003F00310037
:1069F0006E73683A2025733A20617267756D656E13
:106A00007420696E76616C69640A006E73683A205E
:106A100025733A2076616C7565206F7574206F66FA
:106A20002072616E67650A006E73683A2025733ABA
:106A3000206D697373696E6720726571756972651F
:106A40006420617267756D656E742873290A006E23
:106A500073683A2025733A202573206661696C6556
:106A6000643A2025640A006E73683A2025733A2040
:106A7000636F6D6D616E64206E6F7420666F756EEE
:106A8000640A006E73683A2025733A206F7574208B
:106A90006F66206D656D6F72790A006E73683A20BB
:106AA00025733A206E6F742076616C696420696E7C
:106AB000207468697320636F6E746578740A006E61
:106AC00073683A2025733A206E657374696E672087
:106AD000746F6F20646565700A006E73683A2025D4
:106AE000733A20496E7465726E616C206572726FC4
:106AF000720A006E73683A2025733A206E6F206D1B
:106B000061746368696E672025730A006E73683A62
:106B10002025733A206E6F20737563682025733AC1
:106B20002025730A006E73683A2025733A20496E57
:106B30007465727275707465642062792073696718
:106B40006E616C0A006E73683A2025733A2073797F
:106B50006E746178206572726F720A006E73683AA3
:106B60002025733A20746F6F206D616E79206172F9
:106B700067756D656E74730A0021002227233B0A36
:106B8000000A4E7574745368656C6C20284E534827
:106B900029204E757474582D31322E31332E300A1F
:106BA000000027226000323E00323E3E00323E2688
:106BB00031003C003E003E3E00300020090A006CDF
:106BC0006F6F700055736167653A202573203C6FC5
:106BD000706572616E64313E203C6F7065726174E5
:106BE0006F723E203C6F706572616E64323E0A00C7
:106BF0006F706572616E643120696E76616C696474
:106C00000A006F706572616E643220696E76616C25
:106C100069640A00556E6B6E6F776E206F706572D7
:106C200061746F720A00202025732025730A0025E5
:106C3000732075736167653A002D76004E534820C6
:106C4000636F6D6D616E6420666F726D733A0A00DA
:106C500020205B6E696365205B2D64203C6E696358
:106C6000656E6573733E3E5D5D203C636D643E20E2
:106C70005B3E203C66696C653E7C3E3E203C66691E
:106C80006C653E5D205B265D0A0A004F520A0020BB
:106C9000206966203C636D643E0A002020746865AC
:106CA0006E0A00202020205B73657175656E636538
:106CB000206F66203C636D643E5D0A002020656C99
:106CC00073650A00202066690A0A00202077686937
:106CD0006C65203C636D643E0A002020646F0A00EE
:106CE0002020646F6E650A0A002020756E74696C3E
:106CF000203C636D643E0A005768657265203C6302
:106D00006D643E206973206F6E65206F663A0A00DD
:106D10000A4275696C74696E20417070733A0A009A
:106D20003C7363726970742D706174683E005B001F
:106D30003C65787072657373696F6E3E205D003FCD
:106D4000005B6E616D655B3D76616C75655D202EE7
:106D50002E2E205D00756E616C696173005B2D6184
:106D60005D206E616D65205B6E616D65202E2E2E3F
:106D7000205D00626173656E616D65003C706174D9
:106D8000683E205B3C7375666669783E5D006272A2
:106D900065616B00636174005B3C706174683E20E8
:106DA0005B3C706174683E205B3C706174683E209F
:106DB0002E2E2E5D5D5D006364005B3C6469722D68
:106DC000706174683E7C2D7C7E7C2E2E5D0063702D
:106DD000005B2D725D203C736F757263652D706171
:106DE00074683E203C646573742D706174683E0065
:106DF000636D70003C70617468313E203C7061745A
:106E000068323E006469726E616D6500646D657321
:106E100067005B2D632C2D2D636C656172207C2DCA
:106E2000432C2D2D726561642D636C6561725D006C
:106E30006563686F005B2D6E5D205B3C73747269E7
:106E40006E677C246E616D653E205B3C7374726975
:106E50006E677C246E616D653E2E2E2E5D5D006535
:106E6000786563003C6865782D616464726573734E
:106E70003E00657869740065787072003C6F7065DB
:106E800072616E64313E203C6F70657261746F7226
:106E90003E203C6F706572616E64323E0066616CCC
:106EA0007365005B2D765D205B3C636D643E5D0029
:106EB00068657864756D70003C66696C65206F72FA
:106EC000206465766963653E006C73005B2D6C52CF
:106ED00073685D203C6469722D706174683E006D5A
:106EE0006B646972005B2D705D203C706174683E5C
:106EF000006D6B7264005B2D6D203C6D696E6F726E
:106F00003E5D205B2D73203C736563746F722D733F
:106F1000697A653E5D203C6E736563746F72733E83
:106F2000002D74203C6673747970653E205B2D6F74
:106F3000203C6F7074696F6E733E5D205B3C626CC9
:106F40006F636B2D6465766963653E5D203C6D6F94
:106F5000756E742D706F696E743E006D76003C6FB7
:106F60006C642D706174683E203C6E65772D706195
:106F700074683E007072696E7466005B5C784E4E99
:106F80005D205B5C6E5C725C745D205B3C73747254
:106F9000696E677C246E616D653E205B3C73747224
:106FA000696E677C246E616D653E2E2E2E5D5D00E0
:106FB000707764005B2D72665D203C66696C652DA0
:106FC000706174683E00726D646972005B7B2B7C3B
:106FD0002D7D7B657C787C78657C65787D5D205B2C
:106FE0003C6E616D653E203C76616C75653E5D0072
:106FF0006B696C6C005B2D3C7369676E616C3E5D08
:10700000203C7069643E003C7365633E0075736CA0
:10701000656570003C757365633E00736F757263E0
:10702000650074657374003C65787072657373698C
:107030006F6E3E00223C636F6D6D616E643E220098
:1070400074727565002D73203C6C656E6774683EC4
:10705000203C66696C652D706174683E00756E61D8
:107060006D65005B2D61207C202D696D6F707273E2
:10707000765D00756D6F756E74005B2D665D203CEE
:107080006469722D706174683E00756E736574007A
:107090003C6E616D653E00757074696D65005B2DB9
:1070A0007370685D007761746368005B2D6E5D20AE
:1070B000696E74657276616C205B2D635D20636F11
:1070C000756E74203C636F6D6D616E643E00786414
:1070D000003C6865782D616464726573733E203C82
:1070E000627974652D636F756E743E00DF730108FD
:1070F000BD15010802020000206D01082E6D010877
:10710000F12D010804070000306D01083F6D0108F2
:10711000B50401080101000000000000576D0108DE
:107120001D2F010801070000416D0108556D010880
:1071300051300108010700005D6D0108736D010801
:10714000250E0108020300007C6D01088E6D010808
:10715000A90001080101000000000000946D010871
:10716000890E010801070000986D0108B76D01083C
:10717000F11D010801020000BA6D0108CE6D010881
:10718000CD0F010803040000D16D0108F06D010866
:10719000C915010803030000F46D0108046E01081D
:1071A0006D0E010802020000EA6E01080C6E010873
:1071B0001D0F010801020000126E0108306E010867
:1071C000D91E010801070000356E01085F6E010835
:1071D0002D18010802030000646E0108726E010898
:1071E000930301080101000000000000776E010810
:1071F0009D030108040400007C6E01089D6E0108D7
:107200008D03010801010000000000002A6601084A
:10721000B504010801030000A36E0108B06E010867
:107220007524010802020000B86E0108C96E010849
:107230008510010801050000CC6E0108DF6E010811
:107240000512010802030000E56E0108F16E010855
:10725000C912010802060000F66E010874700108E8
:107260000128010804070000216F01085B6F010875
:10727000D1130108030300005E6F0108746F010859
:10728000052A0108010700007B6F0108B06F0108A3
:107290007D200108010100000000000023540108C6
:1072A0005514010802030000B46F0108C66F0108FD
:1072B0006D150108020200007F7001088C70010842
:1072C0009D20010802040000CC6F0108F06F010846
:1072D0007518010802030000F56F01080E7001081F
:1072E0001D19010802020000077001080D70010855
:1072F0005919010802020000147001081B700108EE
:10730000BD15010802020000206D0108227001086D
:10731000E92D010803070000277001089970010892
:10732000C11B01080202000034700108407001080E
:107330008903010801010000000000007A740108BF
:10734000FD16010804040000457001085D70010885
:10735000E92101080107000063700108737001084A
:1073600059290108020300007A7001088A70010897
:10737000AD21010802020000907001089770010819
:1073800095190108010200009E700108A57001080E
:10739000891C010802060000AB700108CE700108CC
:1073A0001D24010803030000D17001080000000043
:1073B0000000000001010000000000006F70656E19
:1073C0005F72646664006F70656E5F7772666400FA
:1073D0007772697465006F70656E646972002E2E35
:1073E0000073746174002531306C752E256C752521
:1073F00063002531326C64002F0A002D2D2D2D2DB8
:107400002D2D2D2D2D0025733A0A0063433A006976
:107410006F63746C006C527368003A6D3A733A0093
:10742000626F61726463746C28424F415244494FE9
:10743000435F4D4B5244290072656E616D65005586
:107440006E6B6E6F776E206F7074696F6E20307820
:1074500025780A00726600756E6C696E6B0066694D
:107460006C6573206469666665723A20627974653A
:1074700020257A640A002D7300667472756E63614C
:1074800074650043616C6C696E672025700A007436
:1074900061736B00253032753A253032753A2530EC
:1074A000327520002D7000253034752D2530327551
:1074B0002D2530327520253032753A253032753A17
:1074C000253032750A00757074696D653A20696EF1
:1074D00076616C6964206F7074696F6E202D2D2049
:1074E00025730A0055736167653A0A0075707469FF
:1074F0006D65205B6F7074696F6E735D0A004F700D
:1075000074696F6E733A0A002D702C2073686F7760
:1075100020757074696D6520696E20707265747471
:107520007920666F726D61740A002D682C20646981
:1075300073706C617920746869732068656C702061
:10754000616E6420657869740A002D732C2073794C
:107550007374656D2075702073696E63650A0075BC
:10756000702000256C752064617925732C2000251E
:107570006C7520686F757225732C2000256C752042
:107580006D696E75746525730025326C753A25300A
:10759000326C75002C206C6F6164206176657261BD
:1075A00067653A20256C752E2530326C752C2025A8
:1075B0006C752E2530326C752C20256C752E25307F
:1075C000326C7500636C6F636B5F67657474696DB3
:1075D00065000A256A642E2530346C642073656367
:1075E0000A006E3A633A007E00636864697200655F
:1075F0007800756E736574656E76002F004F4C448D
:10760000505744005057440073746D333266343120
:10761000312D6D696E696D756D0061736F6E727677
:107620006D706900756E6B6E6F776E002530347803
:107630003A2000253032782000202020004865784C
:107640002064756D70006D616C6C6F630025732034
:107650006174202530386A780077616974706964D4
:10766000002573205B25643A25645D0A003A6F3A71
:10767000743A0025632563256325630009002D6E98
:10768000002D7A002D62002D65002D66002D720000
:107690002D7700213D002D6571002D6765002D6758
:1076A00074002D6C65002D6C74002D6E65002D61CD
:1076B000002D6F00616C6961732025733D27257370
:1076C00027206661696C65640A0025733A2025737A
:1076D000206E6F7420666F756E640A00616C69615C
:1076E000732025733D272573270A000D0A003031CA
:1076F00032333435363738396162636465666768BA
:10770000696A6B6C6D6E6F70717273747576777871
:10771000797A004F4C44505744002F6465762F729D
:10772000616D2564000000000947010865470108F4
:10773000B1470108E34701088147010815470108DF
:047740004D470108A8
:08774400C403FF7F01000000F7
:10774C00000000000000000000000000000000002D
:10775C00000000000000000000000000000000001D
:10776C00000000000000000000000000000000000D
:10777C0000000000000000000000000000000000FD
:10778C0000000000000000000000000000000000ED
:10779C0000000000FC000000FC06002000000000BF
:1077AC0000000000000000000000000000000000CD
:1077BC00FC00000000060020E44901080000002045
:1077CC0000000000000000000000000000000000AD
:1077DC00000000000000080000E10000350000007F
:1077EC00006CDC02001001400970090013780900DC
:1077FC00000000000000010000000000000000007C
:10780C00000000000000000000000000000000006C
:10781C00000000000000000000000000000000005C
:10782C00000000000000000000000000000000004C
:10783C00000000000000000000000000000000003C
:10784C000000000000000000FC000000F408002014
:10785C00000000000000000000000000000000001C
:10786C0000000000FC000000F8070020E4490108BB
:10787C00B400002000000000000000000000000028
:10788C0000000000000000000000080000C2010021
:10789C003600000000366E0100440040027C0900F6
:1078AC00037C090000000000FEFFFF7F05000000C4
:1078BC0000000000000000000000000000000000BC
:1078CC000000000000000000FFFFFFFF00000000B0
:1078DC00000000000000000098010020980100202A
:1078EC0000000000C1680008996900087968000868
:1078FC00FF00000061000000010000000010080003
:10790C00620000000100000001100800B0510108E5
:10791C00B401002042040000000000000000004000
:10792C00006CDC0261000000010000000620080071
:10793C006200000001000000072008006300000046
:10794C00010000001020080064000000010000008D
:10795C0011200800B0510108E4010020830100004F
:10796C000000000000040040006CDC02000000007D
:10797C00859B000800000000819E000800000000AC
:10798C0000000000000000000000000000000000EB
:10799C000100000000000000E4530108000000009A
:1079AC00000000000000000000000000623863646A
:1079BC003034333562322D6469727479204A756EB5
:1079CC0020203420323032362031373A31323A34BA
:1079DC003000000003000000000000000000000068
:1079EC00000000000000000000000000000000008B
:1079FC00000000000000000000000000000000007B
:107A0C00000000000000000000000000000000006A
:107A1C00000000000000000000000000000000005A
:107A2C00000000000000000000000000000000004A
:107A3C00000000000000000000000000000000003A
:107A4C00000000000000000000000000000000002A
:107A5C00000000000000000000000000000000001A
:107A6C00000000000000000000000000000000000A
:107A7C0000000000000000000000000000000000FA
:107A8C0000000000000000000000000000000000EA
:107A9C0000000000000000000000000000000000DA
:107AAC0000000000000000000000000000000000CA
:107ABC0000000000000000000000000000000000BA
:107ACC0000000000000000000000000000000000AA
:107ADC00000000000000000000000000000000009A
:107AEC00000000000000000000000000000000008A
:107AFC00000000000000000000000000000000007A
:107B0C000000000000000000000000000000000069
:107B1C000000000000000000000000000000000059
:107B2C000000000000000000000000000000000049
:107B3C000000000000000000000000000000000039
:107B4C000000000000000000000000000000000029
:107B5C000000000000000000000000000000000019
:107B6C000000000000000000000000000000000009
:107B7C0000000000000000000000000000000000F9
:107B8C0000000000000000000000000000000000E9
:107B9C0000000000000000000000000000000000D9
:107BAC0000000000000000000000000000000000C9
:107BBC0000000000000000000000000000000000B9
:107BCC0000000000000000000000000000000000A9
:107BDC000000000000000000FF000000534552565A
:107BEC004F315F4D494E0000000000000080BB4447
:107BFC00534552564F315F4D415800000000000074
:107C0C000000FA44534552564F325F4D494E000026
:107C1C000000000000007A44534552564F325F4D2D
:107C2C0041580000000000000000FA445345525631
:107C3C004F335F4D494E00000000000000007A44B5
:107C4C00534552564F335F4D415800000000000021
:107C5C000000FA44534552564F345F4D494E0000D4
:107C6C000000000000007A44534552564F345F4DDB
:107C7C0041580000000000000000FA4453455256E1
:107C8C004F355F4D494E00000000000000007A4463
:107C9C00534552564F355F4D4158000000000000CF
:107CAC000000FA44534552564F365F4D494E000082
:107CBC000000000000007A44534552564F365F4D89
:107CCC0041580000000000000000FA445345525691
:107CDC004F5F4E554D000000000000000000C040FA
:107CEC0050574D5F46524551000000000000000007
:107CFC00000048424D41565F5359535F49440000C0
:107D0C00000000000000803F4D41565F434F4D5036
:107D1C005F4944000000000000006C436E73683E35
:107D2C002000000000000000000000000000000027
:0C7D3C000000000000000000000000003B
:040000050800019559
:00000001FF
